condition_phase,condition_phase_elapsed_ms,condition_elapsed_ms,is_stimulation_on,t_ms,R_q0,R_q1,R_q2,R_q3,R_heel1,R_mid1,R_fore1,R_heel2,R_fore3,R_mid2,R_fore4,R_fore2,R_cadence,R_speed,R_steps,R_zupt,R_gyroNorm,R_accH,R_gyro_x,R_gyro_y,R_gyro_z,R_acc_x,R_acc_y,R_acc_z,R_nav_ax,R_nav_ay,R_nav_az,R_stepVel,R_stepVelj,R_stepDispRaw,R_stepDispZUPT,R_gaitEvent,R_stepTimeMs,R_stepDeviationMs,R_baselineMs,R_motorMode,R_motorActive,R_motorAlignment,R_motorRegionMask,R_motorAmplitude,R_motorIntervalMs,R_motorDurationMs,R_motorPhaseMs,R_motorCycleMs
stim,48,48,0,1824319.739,0.585,-0.103,-0.055,0.802,3640,0,85,2991,0,304,18,567,3,0.000,344,1,1.316,0.176,-1.180,0.500,0.300,-0.242,0.022,0.980,-0.110,0.138,0.036,0.000,0.000,0.515,0.753,2,NULL,NULL,1089.000,1,0,1,7,255,450,250,0,0
stim,48,48,0,1824324.738,0.585,-0.103,-0.055,0.802,3655,0,85,2982,0,311,18,573,3,0.000,344,1,0.838,0.153,-0.560,0.620,-0.060,-0.223,0.052,0.974,-0.066,0.138,0.036,0.000,0.000,0.515,0.753,2,NULL,NULL,,1,0,1,7,255,450,250,0,0
stim,48,48,0,1824329.738,0.585,-0.103,-0.054,0.802,3651,0,79,2987,0,308,17,575,3,0.000,344,1,1.053,0.181,0.220,0.940,0.420,-0.218,0.053,0.974,0.148,-0.104,-0.024,0.000,0.000,0.515,0.753,2,NULL,NULL,,1,0,1,7,255,450,250,0,0
stim,72,72,0,1824334.738,0.585,-0.103,-0.055,0.802,3671,0,84,2999,0,312,18,585,3,0.000,344,1,1.141,0.181,0.220,1.060,0.360,-0.228,0.030,0.977,0.148,-0.104,-0.024,0.000,0.000,0.515,0.753,2,NULL,NULL,,1,0,1,7,255,450,250,0,0
stim,72,72,0,1824339.738,0.585,-0.103,-0.055,0.802,3669,0,84,2997,0,311,17,585,3,0.000,344,1,1.652,0.042,0.340,1.060,1.220,-0.231,0.022,0.979,-0.042,0.000,0.006,0.000,0.000,0.515,0.753,2,NULL,NULL,,1,0,1,7,255,450,250,0,0
stim,72,72,0,1824344.738,0.586,-0.103,-0.055,0.802,3669,0,85,2987,0,313,19,587,3,0.000,344,1,1.916,0.075,0.600,1.000,1.520,-0.232,0.026,0.979,-0.062,0.042,0.032,0.000,0.000,0.515,0.753,2,NULL,NULL,,1,0,1,7,255,450,250,0,0
stim,72,72,0,1824349.738,0.586,-0.104,-0.055,0.802,3668,0,86,2991,0,311,17,585,3,0.000,344,1,1.406,0.075,-0.080,1.060,0.920,-0.231,0.030,0.979,-0.062,0.042,0.038,0.000,0.000,0.515,0.753,2,NULL,NULL,,1,0,1,7,255,450,250,0,0
stim,72,72,0,1824354.738,0.586,-0.104,-0.055,0.802,3669,0,86,3003,0,310,12,588,3,0.000,344,1,2.218,0.040,1.380,0.940,1.460,-0.231,0.031,0.977,-0.030,0.026,0.038,0.000,0.000,0.515,0.753,2,NULL,NULL,,1,0,1,7,255,450,250,0,0
stim,72,72,0,1824359.739,0.586,-0.104,-0.055,0.802,3659,0,89,2999,0,311,16,586,3,0.000,344,1,2.105,0.040,0.900,1.060,1.580,-0.231,0.029,0.973,-0.030,0.026,0.020,0.000,0.000,0.515,0.753,2,NULL,NULL,,1,0,1,7,255,450,250,0,0
stim,72,72,0,1824364.740,0.586,-0.104,-0.055,0.802,3661,0,87,2999,0,311,17,587,3,0.000,344,1,2.624,0.041,0.960,1.060,2.200,-0.227,0.029,0.971,-0.032,0.026,-0.024,0.000,0.000,0.515,0.753,2,NULL,NULL,,1,0,1,7,255,,250,0,0
stim,72,72,0,1824369.739,0.586,-0.104,-0.055,0.802,3675,0,89,3007,0,312,19,590,3,0.000,344,1,2.550,0.032,0.960,1.000,2.140,-0.225,0.038,0.974,-0.032,0.004,-0.024,0.000,0.000,0.515,0.753,2,NULL,NULL,,1,0,1,7,255,,250,0,0
stim,72,72,0,1824374.738,0.586,-0.104,-0.054,0.802,3661,0,88,2999,0,311,18,589,3,0.000,344,1,1.961,0.054,1.020,0.820,1.460,-0.232,0.053,0.982,0.028,-0.046,-0.020,0.000,0.000,0.515,0.753,2,NULL,NULL,,1,0,1,7,255,,250,0,0
stim,72,72,0,1824379.738,0.586,-0.104,-0.054,0.802,3659,0,89,3012,0,309,22,584,3,0.000,344,1,1.630,0.176,1.080,0.940,0.780,-0.244,0.050,0.986,0.170,-0.046,0.074,0.000,0.000,0.515,0.753,2,NULL,NULL,,1,0,1,7,255,,250,0,0
stim,72,72,0,1824384.738,0.586,-0.104,-0.055,0.802,3661,0,89,2999,0,309,19,583,3,0.000,344,1,2.150,0.182,0.660,1.300,1.580,-0.243,0.012,0.974,0.170,0.064,0.074,0.000,0.000,0.515,0.753,2,NULL,NULL,,1,0,1,7,255,,250,0,0
stim,73,73,0,1824389.738,0.586,-0.104,-0.055,0.802,3661,0,89,3003,0,304,17,581,3,0.000,344,1,4.174,0.184,-0.140,1.480,3.900,-0.218,-0.007,0.959,-0.172,0.064,0.010,0.000,0.000,0.515,0.753,2,NULL,NULL,,1,0,1,7,255,,250,0,0
stim,73,73,0,1824394.738,0.586,-0.104,-0.055,0.802,3665,0,90,3013,0,302,15,573,3,0.000,344,1,4.210,0.179,0.960,1.060,3.960,-0.213,0.055,0.972,-0.172,0.050,-0.064,0.000,0.000,0.515,0.753,2,NULL,NULL,,1,0,1,7,255,,250,0,0
stim,73,73,0,1824399.738,0.586,-0.104,-0.054,0.802,3657,0,92,3004,0,299,19,573,3,0.000,344,1,3.311,0.177,3.220,0.680,0.360,-0.245,0.097,0.995,0.152,-0.090,-0.064,0.000,0.000,0.515,0.753,2,NULL,NULL,,1,0,1,7,255,,250,0,0
stim,73,73,0,1824404.738,0.586,-0.104,-0.054,0.802,3668,0,91,3001,0,302,18,571,3,0.000,344,1,1.469,0.177,0.280,1.360,0.480,-0.247,-0.003,0.979,0.152,-0.090,0.064,0.000,0.000,0.515,0.753,2,NULL,NULL,,1,0,1,7,255,,250,0,0
stim,73,73,0,1824409.738,0.586,-0.104,-0.055,0.801,3657,0,91,3015,0,301,13,571,3,0.000,344,1,6.210,0.314,-1.300,1.980,5.740,-0.209,-0.021,0.946,-0.312,0.032,0.064,0.000,0.000,0.515,0.753,2,NULL,NULL,,1,0,1,7,255,,250,0,0
stim,80,80,0,1824414.740,0.586,-0.105,-0.054,0.801,3673,0,91,3005,0,301,20,571,3,0.000,344,1,4.759,0.314,3.760,0.820,2.800,-0.231,0.121,0.986,-0.312,0.032,0.064,0.000,0.000,0.515,0.753,2,NULL,NULL,,1,0,1,7,255,,250,0,0
stim,28,28,0,1824419.739,0.586,-0.105,-0.054,0.801,3670,0,90,3016,0,299,20,564,3,0.000,344,1,2.254,0.053,0.340,0.940,-2.020,-0.254,0.027,1.001,-0.042,0.032,0.134,0.000,0.000,0.515,0.753,2,NULL,NULL,,1,0,3,7,255,,250,0,0
stim,28,28,0,1824424.738,0.587,-0.104,-0.055,0.801,3669,0,95,3021,0,299,18,565,3,0.000,344,1,6.808,0.072,-0.440,2.280,6.400,-0.204,-0.036,0.932,-0.042,0.058,0.134,0.000,0.000,0.515,0.753,2,NULL,NULL,,1,0,3,7,255,,250,0,0
stim,28,28,0,1824429.738,0.587,-0.105,-0.054,0.801,3657,0,92,3003,0,295,17,565,3,0.000,344,1,3.891,0.072,3.580,0.440,1.460,-0.244,0.131,1.000,-0.042,0.058,0.300,0.000,0.000,0.515,0.753,2,NULL,NULL,,1,0,3,7,255,,250,0,0
stim,59,59,0,1824434.738,0.587,-0.105,-0.055,0.801,3645,0,103,3013,0,288,19,555,3,0.000,344,1,2.045,0.499,-1.180,1.660,-0.180,-0.239,-0.020,0.978,-0.496,0.058,0.022,0.000,0.000,0.515,0.753,2,NULL,NULL,,1,0,3,7,255,,250,0,0
stim,59,59,0,1824439.738,0.587,-0.105,-0.054,0.801,3659,0,95,3015,0,291,18,556,3,0.000,344,1,6.888,0.182,2.480,1.360,6.280,-0.206,0.040,0.950,-0.008,-0.182,0.022,0.000,0.000,0.515,0.753,2,NULL,NULL,,1,0,3,7,255,,250,0,0
stim,59,59,0,1824444.738,0.587,-0.105,-0.054,0.801,3645,0,99,3007,0,291,20,551,3,0.000,344,1,2.192,0.120,0.280,0.940,-1.960,-0.264,0.070,1.012,-0.008,0.120,0.022,0.000,0.000,0.515,0.753,2,NULL,NULL,,1,0,3,7,255,,250,0,0
stim,59,59,0,1824449.738,0.587,-0.105,-0.054,0.801,3641,0,99,3007,1005,285,17,554,3,0.000,344,1,6.062,0.076,1.940,1.720,5.480,-0.199,-0.009,0.936,-0.008,-0.076,-0.290,0.000,0.000,0.515,0.753,2,NULL,NULL,,1,0,3,7,255,,250,0,0
stim,59,59,0,1824454.739,0.587,-0.105,-0.054,0.801,3597,0,95,3026,231,281,14,543,3,0.000,344,1,0.859,0.372,0.420,0.740,-0.120,-0.261,0.086,1.008,0.368,0.056,0.402,0.000,0.000,0.515,0.753,2,NULL,NULL,,1,0,3,7,255,,250,0,0
stim,59,59,0,1824459.740,0.587,-0.105,-0.054,0.801,3604,0,95,3025,475,279,21,548,3,0.000,344,1,4.706,0.443,1.940,1.780,3.900,-0.208,-0.007,0.948,-0.442,-0.028,-0.322,0.000,0.000,0.515,0.753,2,NULL,NULL,,1,0,3,7,255,,250,0,0
stim,59,59,0,1824464.739,0.587,-0.105,-0.054,0.801,3563,0,96,3015,0,271,17,537,3,0.000,344,1,1.265,0.391,0.540,0.680,0.920,-0.251,0.075,0.996,0.390,0.028,0.256,0.000,0.000,0.515,0.753,2,NULL,NULL,,1,0,3,7,255,,250,0,0
stim,75,75,0,1824469.739,0.587,-0.105,-0.054,0.801,3557,0,96,3015,1074,271,18,534,3,0.000,344,1,4.522,0.320,2.180,1.780,3.540,-0.216,0.005,0.959,-0.320,-0.012,-0.198,0.000,0.000,0.515,0.753,2,NULL,NULL,,1,0,3,7,255,,250,0,0
stim,75,75,0,1824474.738,0.587,-0.105,-0.054,0.801,3544,0,101,3027,0,271,16,526,3,0.000,344,1,1.715,0.336,0.960,0.820,1.160,-0.246,0.070,0.983,0.336,0.016,0.120,0.000,0.000,0.515,0.753,2,NULL,NULL,,1,0,3,7,255,,250,0,0
stim,75,75,0,1824479.738,0.587,-0.105,-0.054,0.801,3555,0,99,3023,316,269,16,527,3,0.000,344,1,4.641,0.252,1.760,1.660,3.960,-0.221,0.013,0.973,-0.252,-0.012,-0.052,0.000,0.000,0.515,0.753,2,NULL,NULL,,1,0,3,7,255,,250,0,0
stim,75,75,0,1824484.738,0.587,-0.105,-0.054,0.801,3533,0,101,3019,1881,267,16,524,3,0.000,344,1,2.324,0.203,2.000,0.940,0.720,-0.242,0.056,0.976,0.202,0.016,0.038,0.000,0.000,0.515,0.753,2,NULL,NULL,,1,0,3,7,255,,250,0,0
stim,75,75,0,1824489.738,0.587,-0.106,-0.054,0.800,3527,0,104,3019,0,268,17,521,3,0.000,344,1,5.212,0.020,2.000,1.480,4.580,-0.230,0.038,0.980,-0.012,-0.016,0.038,0.000,0.000,0.515,0.753,2,NULL,NULL,,1,0,3,7,255,,250,0,0
stim,75,75,0,1824494.738,0.588,-0.106,-0.054,0.800,3538,0,103,3023,0,265,18,520,3,0.000,344,1,3.710,0.036,2.980,1.060,1.940,-0.236,0.032,0.973,-0.012,0.034,0.038,0.000,0.000,0.515,0.753,2,NULL,NULL,,1,0,3,7,255,,250,0,0
stim,75,75,0,1824499.738,0.588,-0.106,-0.054,0.800,3539,0,106,3031,0,255,17,511,3,0.000,344,1,4.369,0.029,2.420,1.240,3.420,-0.229,0.052,0.971,-0.012,-0.026,-0.008,0.000,0.000,0.515,0.753,2,NULL,NULL,,1,0,3,7,255,,250,0,0
stim,75,75,0,1824504.738,0.588,-0.106,-0.054,0.800,3531,0,105,3021,399,265,20,512,3,0.000,344,1,4.915,0.077,2.480,1.360,4.020,-0.238,0.032,0.979,-0.042,0.064,-0.008,0.000,0.000,0.515,0.753,2,NULL,NULL,,1,0,3,7,255,,250,0,0
stim,75,75,0,1824509.738,0.588,-0.106,-0.054,0.800,3533,0,108,3031,0,254,18,509,3,0.000,344,1,4.182,0.022,3.280,0.880,2.440,-0.230,0.040,0.977,0.004,-0.022,0.014,0.000,0.000,0.515,0.753,2,NULL,NULL,,1,0,3,7,255,,250,0,0
stim,75,75,0,1824514.740,0.588,-0.106,-0.054,0.800,3537,0,108,3024,0,254,18,509,3,0.000,344,1,6.056,0.004,3.820,1.480,4.460,-0.233,0.047,0.968,0.004,-0.002,0.014,0.000,0.000,0.515,0.753,2,NULL,NULL,,1,0,3,7,255,,250,0,0
stim,139,139,0,1824519.738,0.588,-0.106,-0.053,0.800,3556,0,123,3033,0,255,20,505,3,0.000,344,1,4.804,0.004,2.660,1.120,3.840,-0.234,0.036,0.977,0.004,-0.002,0.014,0.000,0.000,0.515,0.753,2,NULL,NULL,,1,0,3,7,255,,250,0,0
stim,139,139,0,1824524.739,0.588,-0.106,-0.053,0.800,3540,0,123,3021,0,248,19,503,3,0.000,344,1,4.485,0.036,3.460,0.980,2.680,-0.229,0.033,0.980,-0.036,-0.002,0.020,0.000,0.000,0.515,0.753,2,NULL,NULL,,1,0,3,7,255,,250,0,0
stim,139,139,0,1824529.738,0.588,-0.107,-0.053,0.800,3543,0,133,3022,7,249,19,523,3,0.000,344,1,5.773,0.042,4.200,1.360,3.720,-0.235,0.047,0.968,-0.036,0.022,0.020,0.000,0.000,0.515,0.753,2,NULL,NULL,,1,0,3,7,255,,250,0,0
stim,139,139,0,1824534.738,0.588,-0.107,-0.053,0.800,3543,0,133,3028,49,249,19,496,3,0.000,344,1,5.039,0.030,2.620,1.180,4.140,-0.233,0.044,0.974,0.030,-0.004,-0.002,0.000,0.000,0.515,0.753,2,NULL,NULL,,1,0,3,7,255,,250,0,0
stim,155,155,0,1824539.738,0.589,-0.107,-0.053,0.800,3549,0,134,3027,0,247,19,499,3,0.000,344,1,4.525,0.030,3.040,1.060,3.180,-0.228,0.029,0.983,0.030,-0.004,-0.002,0.000,0.000,0.515,0.753,2,NULL,NULL,,1,0,3,7,255,,250,0,0
stim,155,155,0,1824544.738,0.589,-0.107,-0.053,0.800,3547,0,133,3028,276,243,20,499,3,0.000,344,1,5.422,0.007,4.380,1.300,2.920,-0.234,0.041,0.969,0.006,-0.004,-0.002,0.000,0.000,0.515,0.753,2,NULL,NULL,,1,0,3,7,255,,250,0,0
stim,155,155,0,1824549.738,0.589,-0.107,-0.053,0.799,3546,0,137,3027,0,239,20,499,3,0.000,344,1,5.134,0.021,3.100,1.240,3.900,-0.236,0.053,0.965,0.006,0.020,-0.052,0.000,0.000,0.515,0.753,2,NULL,NULL,,1,0,3,7,255,,250,0,0
stim,155,155,0,1824554.738,0.589,-0.107,-0.053,0.799,3554,0,141,3028,593,239,17,492,3,0.000,344,1,4.629,0.021,2.120,1.120,3.960,-0.229,0.037,0.980,0.006,0.020,-0.052,0.000,0.000,0.515,0.753,2,NULL,NULL,,1,0,3,7,255,,250,0,0
stim,155,155,0,1824559.738,0.589,-0.107,-0.053,0.799,3551,0,145,3031,0,236,21,501,3,0.000,344,1,4.763,0.071,3.640,1.120,2.860,-0.228,0.031,0.981,-0.068,-0.020,0.046,0.000,0.000,0.515,0.753,2,NULL,NULL,,1,0,3,7,255,,250,0,0
stim,155,155,0,1824564.739,0.589,-0.107,-0.052,0.799,3559,0,141,3041,1307,238,20,491,3,0.000,344,1,5.005,0.071,4.080,1.240,2.620,-0.236,0.049,0.965,-0.068,-0.020,0.046,0.000,0.000,0.515,0.753,2,NULL,NULL,,1,0,3,7,255,,250,0,0
stim,171,171,0,1824569.739,0.589,-0.108,-0.052,0.799,3561,0,147,3043,0,236,21,493,3,0.000,344,1,4.528,0.083,2.420,1.120,3.660,-0.238,0.054,0.967,0.076,0.034,-0.054,0.000,0.000,0.515,0.753,2,NULL,NULL,,1,0,3,7,255,,250,0,0
stim,171,171,0,1824574.738,0.589,-0.108,-0.052,0.799,3565,0,149,3043,0,223,20,487,3,0.000,344,1,4.273,0.083,1.880,0.940,3.720,-0.229,0.038,0.981,0.076,0.034,-0.054,0.000,0.000,0.515,0.753,2,NULL,NULL,,1,0,3,7,255,,250,0,0
stim,171,171,0,1824579.738,0.589,-0.108,-0.052,0.799,3561,0,153,3033,0,220,21,480,3,0.000,344,1,4.084,0.076,3.040,0.940,2.560,-0.228,0.028,0.981,-0.074,-0.016,0.044,0.000,0.000,0.515,0.753,2,NULL,NULL,,1,0,3,7,255,,250,0,0
stim,171,171,0,1824584.738,0.589,-0.108,-0.052,0.799,3565,0,156,3041,0,219,21,483,3,0.000,344,1,4.106,0.076,3.460,1.060,1.940,-0.236,0.045,0.966,-0.074,-0.016,0.044,0.000,0.000,0.515,0.753,2,NULL,NULL,,1,0,3,7,255,,250,0,0
stim,171,171,0,1824589.738,0.589,-0.108,-0.052,0.799,3561,0,151,3042,278,215,20,473,3,0.000,344,1,3.625,0.055,2.180,0.940,2.740,-0.242,0.058,0.966,0.030,0.046,-0.052,0.000,0.000,0.515,0.753,2,NULL,NULL,,1,0,3,7,255,,250,0,0
stim,171,171,0,1824594.738,0.590,-0.108,-0.052,0.799,3551,0,153,3032,0,205,20,477,3,0.000,344,1,3.778,0.055,1.380,0.820,3.420,-0.235,0.045,0.977,0.030,0.046,-0.052,0.000,0.000,0.515,0.753,2,NULL,NULL,,1,0,3,7,255,,250,0,0
stim,187,187,0,1824599.738,0.590,-0.108,-0.052,0.799,3559,0,157,3032,0,215,20,476,3,0.000,344,1,3.601,0.017,2.060,0.740,2.860,-0.226,0.032,0.980,0.012,0.012,0.030,0.000,0.000,0.515,0.753,2,NULL,NULL,,1,0,3,7,255,,250,0,0
stim,187,187,0,1824604.738,0.590,-0.108,-0.052,0.799,3557,0,157,3033,0,212,20,470,3,0.000,344,1,3.242,0.072,2.660,0.740,1.700,-0.230,0.038,0.974,-0.072,-0.006,0.030,0.000,0.000,0.515,0.753,2,NULL,NULL,,1,0,3,7,255,,250,0,0
stim,187,187,0,1824609.739,0.590,-0.108,-0.052,0.799,3551,0,157,3032,0,206,19,471,3,0.000,344,1,2.602,0.072,2.000,0.680,1.520,-0.239,0.052,0.967,-0.072,-0.006,-0.014,0.000,0.000,0.515,0.753,2,NULL,NULL,,1,0,3,7,255,,250,0,0
stim,187,187,0,1824614.739,0.590,-0.108,-0.052,0.799,3560,0,157,3041,441,201,21,469,3,0.000,344,1,2.426,0.098,0.960,0.620,2.140,-0.239,0.055,0.969,0.092,0.034,-0.026,0.000,0.000,0.515,0.753,2,NULL,NULL,,1,0,3,7,255,,250,0,0
stim,251,251,0,1824619.739,0.590,-0.108,-0.052,0.799,3567,0,165,3038,0,200,23,463,3,0.000,344,1,2.641,0.098,0.840,0.560,2.440,-0.233,0.046,0.977,0.092,0.034,-0.026,0.000,0.000,0.515,0.753,2,NULL,NULL,,1,0,3,7,255,,250,0,0
stim,251,251,0,1824624.738,0.590,-0.108,-0.052,0.798,3564,0,160,3044,1159,203,20,463,3,0.000,344,1,2.255,0.013,1.140,0.500,1.880,-0.229,0.037,0.976,0.004,-0.012,0.002,0.000,0.000,0.515,0.753,2,NULL,NULL,,1,0,3,7,255,,250,0,0
stim,251,251,0,1824629.738,0.590,-0.108,-0.052,0.798,3551,0,163,3047,1637,205,21,458,3,0.000,344,1,1.712,0.046,1.200,0.380,1.160,-0.232,0.041,0.971,-0.044,-0.012,0.002,0.000,0.000,0.515,0.753,2,NULL,NULL,,1,0,3,7,255,,250,0,0
stim,251,251,0,1824634.738,0.590,-0.108,-0.052,0.798,3556,0,159,3033,1874,200,21,459,3,0.000,344,1,1.162,0.046,0.660,0.260,0.920,-0.236,0.051,0.969,-0.044,0.014,-0.030,0.000,0.000,0.515,0.753,2,NULL,NULL,,1,0,3,7,255,,250,0,0
stim,251,251,0,1824639.738,0.590,-0.108,-0.052,0.798,3564,0,149,3043,1883,203,21,459,3,0.000,344,1,1.071,0.064,0.160,0.200,1.040,-0.236,0.053,0.972,0.062,0.014,-0.030,0.000,0.000,0.515,0.753,2,NULL,NULL,,1,0,3,7,255,,250,0,0
stim,251,251,0,1824644.738,0.590,-0.108,-0.051,0.798,3557,0,155,3031,1895,200,23,465,3,0.000,344,1,1.014,0.063,0.220,0.140,0.980,-0.233,0.046,0.975,0.062,0.012,-0.010,0.000,0.000,0.515,0.753,2,NULL,NULL,,1,0,3,7,255,,250,0,0
stim,251,251,0,1824649.738,0.590,-0.108,-0.051,0.798,3552,0,155,3041,1900,203,23,467,3,0.000,344,1,0.556,0.004,0.280,0.020,0.480,-0.231,0.042,0.973,-0.002,-0.004,-0.010,0.000,0.000,0.515,0.753,2,NULL,NULL,,1,0,3,7,255,,250,0,0
stim,251,251,0,1824654.739,0.590,-0.108,-0.051,0.798,3545,0,144,3041,1935,200,22,467,3,0.000,344,1,0.232,0.013,0.220,-0.040,0.060,-0.232,0.044,0.971,-0.012,-0.004,-0.018,0.000,0.000,0.515,0.753,2,NULL,NULL,,1,0,3,7,255,,250,0,0
stim,251,251,0,1824659.738,0.590,-0.108,-0.051,0.798,3559,0,153,3032,1957,200,22,469,3,0.000,344,1,0.215,0.012,-0.080,-0.160,-0.120,-0.234,0.050,0.971,-0.012,0.000,-0.022,0.000,0.000,0.515,0.753,2,NULL,NULL,,1,0,3,7,255,,250,0,0
stim,269,269,0,1824664.739,0.590,-0.108,-0.051,0.798,3545,0,153,3028,1916,199,24,461,3,0.000,344,1,0.313,0.038,-0.200,-0.160,-0.180,-0.232,0.050,0.971,0.038,0.000,-0.024,0.000,0.000,0.515,0.753,2,NULL,NULL,,1,0,3,7,255,,250,0,0
stim,283,283,0,1824669.739,0.590,-0.108,-0.051,0.798,3555,0,153,3033,1941,198,23,471,3,0.000,344,1,0.492,0.040,-0.140,-0.280,-0.380,-0.231,0.045,0.972,0.038,-0.012,-0.022,0.000,0.000,0.515,0.753,2,NULL,NULL,,1,0,3,7,255,,250,0,0
stim,283,283,0,1824674.738,0.590,-0.108,-0.051,0.798,3559,0,154,3037,1907,199,21,471,3,0.000,344,1,0.915,0.016,-0.140,-0.280,-0.860,-0.230,0.043,0.971,-0.008,-0.014,-0.024,0.000,0.000,0.515,0.753,2,NULL,NULL,,1,0,3,7,255,,250,0,0
stim,283,283,0,1824679.738,0.590,-0.108,-0.052,0.798,3559,0,160,3032,1865,197,23,463,3,0.000,344,1,1.293,0.021,-0.260,-0.340,-1.220,-0.231,0.044,0.971,-0.016,-0.014,-0.032,0.000,0.000,0.515,0.753,2,NULL,NULL,,1,0,3,7,255,,250,0,0
stim,283,283,0,1824684.738,0.590,-0.108,-0.052,0.798,3557,0,160,3024,1963,200,20,467,3,0.000,344,1,1.449,0.019,-0.380,-0.400,-1.340,-0.232,0.047,0.971,-0.016,-0.010,-0.032,0.000,0.000,0.515,0.753,2,NULL,NULL,,1,0,3,7,255,,250,0,0
stim,283,283,0,1824689.738,0.590,-0.108,-0.052,0.798,3547,0,163,3033,1931,199,21,464,3,0.000,344,1,1.449,0.010,-0.380,-0.400,-1.340,-0.232,0.045,0.973,-0.006,-0.008,-0.030,0.000,0.000,0.515,0.753,2,NULL,NULL,,1,0,3,7,255,,250,0,0
stim,283,283,0,1824694.738,0.590,-0.108,-0.052,0.799,3557,0,167,3023,1841,204,22,467,3,0.000,344,1,1.628,0.010,-0.260,-0.460,-1.540,-0.231,0.043,0.973,-0.006,-0.008,-0.012,0.000,0.000,0.515,0.753,2,NULL,NULL,,1,0,3,7,255,,250,0,0
stim,283,283,0,1824699.738,0.590,-0.108,-0.052,0.799,3548,0,165,3035,1664,201,23,468,3,0.000,344,1,1.806,0.014,-0.380,-0.400,-1.720,-0.232,0.044,0.972,-0.012,-0.008,-0.012,0.000,0.000,0.515,0.753,2,NULL,NULL,,1,0,3,7,255,,250,0,0
stim,283,283,0,1824704.739,0.590,-0.108,-0.052,0.799,3561,0,167,3034,1335,204,23,469,3,0.000,344,1,2.034,0.013,-0.560,-0.460,-1.900,-0.232,0.044,0.973,-0.012,-0.004,-0.012,0.000,0.000,0.515,0.753,2,NULL,NULL,,1,0,3,7,255,,250,0,0
stim,283,283,0,1824709.738,0.590,-0.108,-0.052,0.799,3545,0,166,3021,1015,205,20,472,3,0.000,344,1,2.070,0.013,-0.620,-0.540,-1.900,-0.232,0.046,0.973,-0.012,-0.004,-0.012,0.000,0.000,0.515,0.753,2,NULL,NULL,,1,0,3,7,255,,250,0,0
stim,283,283,0,1824714.739,0.590,-0.108,-0.052,0.799,3563,0,167,3031,776,206,19,477,3,0.000,344,1,2.051,0.013,-0.620,-0.460,-1.900,-0.232,0.044,0.973,-0.012,-0.004,-0.008,0.000,0.000,0.515,0.753,2,NULL,NULL,,1,0,3,7,255,,250,0,0
stim,369,369,0,1824719.738,0.590,-0.108,-0.052,0.799,3545,0,157,3022,603,203,23,475,3,0.000,344,1,2.150,0.008,-0.700,-0.540,-1.960,-0.231,0.045,0.972,-0.006,-0.006,-0.008,0.000,0.000,0.515,0.753,2,NULL,NULL,,1,0,3,7,255,,250,0,0
stim,369,369,0,1824724.739,0.589,-0.108,-0.052,0.799,3561,0,167,3035,1303,205,21,479,3,0.000,344,1,2.322,0.013,-0.880,-0.540,-2.080,-0.232,0.044,0.972,-0.012,-0.004,-0.018,0.000,0.000,0.515,0.753,2,NULL,NULL,,1,0,3,7,255,,250,0,0
stim,369,369,0,1824729.738,0.589,-0.108,-0.052,0.799,3553,0,160,3017,1367,213,22,473,3,0.000,344,1,2.437,0.012,-1.000,-0.600,-2.140,-0.232,0.043,0.972,-0.012,-0.002,-0.018,0.000,0.000,0.515,0.753,2,NULL,NULL,,1,0,3,7,255,,250,0,0
stim,369,369,0,1824734.738,0.589,-0.108,-0.052,0.799,3546,0,163,3027,1415,211,23,483,3,0.000,344,1,2.503,0.012,-1.180,-0.540,-2.140,-0.232,0.044,0.974,-0.012,-0.002,-0.016,0.000,0.000,0.515,0.753,2,NULL,NULL,,1,0,3,7,255,,250,0,0
stim,369,369,0,1824739.738,0.589,-0.108,-0.052,0.799,3555,0,164,3021,1196,215,20,480,3,0.000,344,1,2.589,0.014,-1.300,-0.660,-2.140,-0.232,0.042,0.974,-0.014,-0.002,-0.004,0.000,0.000,0.515,0.753,2,NULL,NULL,,1,0,3,7,255,,250,0,0
stim,369,369,0,1824744.738,0.589,-0.108,-0.052,0.799,3549,0,167,3031,1111,213,17,483,3,0.000,344,1,2.849,0.018,-1.420,-0.660,-2.380,-0.231,0.043,0.974,-0.018,-0.002,-0.004,0.000,0.000,0.515,0.753,2,NULL,NULL,,1,0,3,7,255,,250,0,0
stim,369,369,0,1824749.738,0.589,-0.108,-0.052,0.799,3547,0,160,3015,0,214,21,489,3,0.000,344,1,3.122,0.018,-1.660,-0.660,-2.560,-0.232,0.044,0.973,-0.018,-0.002,-0.004,0.000,0.000,0.515,0.753,2,NULL,NULL,,1,0,3,7,255,,250,0,0
stim,369,369,0,1824754.739,0.589,-0.108,-0.052,0.799,3555,0,163,3021,0,215,19,489,3,0.000,344,1,3.252,0.004,-1.720,-0.660,-2.680,-0.233,0.044,0.973,-0.004,0.000,-0.006,0.000,0.000,0.515,0.753,2,NULL,NULL,,1,0,3,7,255,,250,0,0
stim,369,369,0,1824759.738,0.589,-0.108,-0.052,0.799,3547,0,167,3008,0,212,20,497,3,0.000,344,1,3.234,0.000,-1.840,-0.720,-2.560,-0.232,0.044,0.973,0.000,0.000,-0.008,0.000,0.000,0.515,0.753,2,NULL,NULL,,1,0,3,7,255,,250,0,0
stim,369,369,0,1824764.740,0.589,-0.108,-0.052,0.799,3556,0,160,3017,0,215,23,495,3,0.000,344,1,3.427,0.006,-1.900,-0.720,-2.760,-0.230,0.042,0.974,0.000,-0.006,-0.006,0.000,0.000,0.515,0.753,2,NULL,NULL,,1,0,3,7,255,,250,0,0
stim,369,369,0,1824769.738,0.589,-0.108,-0.052,0.799,3548,0,165,3035,0,218,23,495,3,0.000,344,1,3.699,0.013,-2.040,-0.720,-3.000,-0.231,0.042,0.974,-0.012,-0.006,-0.006,0.000,0.000,0.515,0.753,2,NULL,NULL,,1,0,3,7,255,,250,0,0
stim,369,369,0,1824774.740,0.589,-0.107,-0.052,0.799,3561,0,163,3026,0,221,22,502,3,0.000,344,1,3.841,0.013,-2.100,-0.780,-3.120,-0.232,0.042,0.973,-0.012,-0.006,-0.006,0.000,0.000,0.515,0.753,2,NULL,NULL,,1,0,3,7,255,,250,0,0
stim,369,369,0,1824779.738,0.589,-0.107,-0.052,0.800,3560,0,156,3020,0,222,20,503,3,0.000,344,1,3.731,0.012,-2.160,-0.780,-2.940,-0.234,0.041,0.975,-0.012,-0.002,-0.004,0.000,0.000,0.515,0.753,2,NULL,NULL,,1,0,3,7,255,,250,0,0
stim,369,369,0,1824784.738,0.589,-0.107,-0.052,0.800,3560,0,157,3025,0,225,22,507,3,0.000,344,1,3.649,0.015,-2.100,-0.780,-2.880,-0.232,0.040,0.975,-0.014,0.004,0.004,0.000,0.000,0.515,0.753,2,NULL,NULL,,1,0,3,7,255,,250,0,0
stim,373,373,0,1824789.738,0.588,-0.107,-0.052,0.800,3559,0,158,3017,0,235,22,516,3,0.000,344,1,3.624,0.030,-2.160,-0.720,-2.820,-0.231,0.039,0.974,-0.030,0.004,0.004,0.000,0.000,0.515,0.753,2,NULL,NULL,,1,0,3,7,255,,250,0,0
stim,373,373,0,1824794.738,0.588,-0.107,-0.052,0.800,3548,0,158,3008,0,245,21,516,3,0.000,344,1,3.671,0.030,-2.160,-0.720,-2.880,-0.232,0.039,0.975,-0.030,0.004,0.004,0.000,0.000,0.515,0.753,2,NULL,NULL,,1,0,3,7,255,,250,0,0
stim,373,373,0,1824799.738,0.588,-0.107,-0.053,0.800,3557,0,153,3007,0,244,19,509,3,0.000,344,1,3.707,0.030,-2.220,-0.720,-2.880,-0.232,0.041,0.976,-0.030,0.002,0.004,0.000,0.000,0.515,0.753,2,NULL,NULL,,1,0,3,7,255,,250,0,0
stim,373,373,0,1824804.738,0.588,-0.107,-0.053,0.800,3545,0,151,3005,0,245,22,507,3,0.000,344,1,3.614,0.014,-2.220,-0.720,-2.760,-0.232,0.041,0.976,-0.014,0.002,0.014,0.000,0.000,0.515,0.753,2,NULL,NULL,,1,0,3,7,255,,250,0,0
stim,373,373,0,1824809.738,0.588,-0.107,-0.053,0.800,3559,0,153,3005,0,245,22,503,3,0.000,344,1,3.542,0.015,-2.220,-0.660,-2.680,-0.230,0.039,0.975,-0.014,-0.004,0.014,0.000,0.000,0.515,0.753,2,NULL,NULL,,1,0,3,7,255,,250,0,0
stim,373,373,0,1824814.740,0.588,-0.107,-0.053,0.800,3554,0,150,3005,0,247,21,507,3,0.000,344,1,3.422,0.019,-2.100,-0.660,-2.620,-0.231,0.040,0.975,-0.018,-0.006,0.006,0.000,0.000,0.515,0.753,2,NULL,NULL,,1,0,3,7,255,,250,0,0
stim,402,402,0,1824819.738,0.588,-0.107,-0.053,0.800,3545,0,151,3017,221,250,22,535,3,0.000,344,1,3.294,0.020,-2.040,-0.660,-2.500,-0.231,0.042,0.975,-0.018,-0.008,0.004,0.000,0.000,0.515,0.753,2,NULL,NULL,,1,0,3,7,255,,250,0,0
stim,402,402,0,1824824.739,0.588,-0.107,-0.053,0.800,3555,0,148,3019,99,249,22,509,3,0.000,344,1,3.237,0.012,-2.040,-0.600,-2.440,-0.232,0.040,0.975,-0.010,-0.006,0.004,0.000,0.000,0.515,0.753,2,NULL,NULL,,1,0,3,7,255,,250,0,0
stim,402,402,0,1824829.738,0.588,-0.107,-0.053,0.800,3557,0,151,2999,0,261,23,517,3,0.000,344,1,3.097,0.010,-1.980,-0.540,-2.320,-0.232,0.038,0.975,-0.010,0.002,0.004,0.000,0.000,0.515,0.753,2,NULL,NULL,,1,0,3,7,255,,250,0,0
stim,442,442,0,1824834.738,0.588,-0.107,-0.053,0.800,3545,0,149,3005,474,255,23,507,3,0.000,344,1,3.014,0.012,-1.920,-0.540,-2.260,-0.231,0.039,0.975,-0.012,0.002,0.004,0.000,0.000,0.515,0.753,2,NULL,NULL,,1,0,3,7,255,,250,0,0
stim,442,442,0,1824839.738,0.588,-0.106,-0.053,0.800,3547,0,143,3011,614,261,23,512,3,0.000,344,1,2.825,0.012,-1.780,-0.480,-2.140,-0.232,0.040,0.976,-0.012,-0.002,0.008,0.000,0.000,0.515,0.753,2,NULL,NULL,,1,0,3,7,255,,250,0,0
stim,442,442,0,1824844.738,0.588,-0.106,-0.053,0.800,3548,0,144,3003,221,263,21,517,3,0.000,344,1,2.607,0.002,-1.720,-0.480,-1.900,-0.231,0.041,0.976,0.000,-0.002,0.014,0.000,0.000,0.515,0.753,2,NULL,NULL,,1,0,3,7,255,,250,0,0
stim,442,442,0,1824849.738,0.588,-0.106,-0.053,0.800,3549,0,145,3004,0,256,22,519,3,0.000,344,1,2.501,0.004,-1.660,-0.340,-1.840,-0.231,0.038,0.976,0.000,-0.004,0.016,0.000,0.000,0.515,0.753,2,NULL,NULL,,1,0,3,7,255,,250,0,0
stim,442,442,0,1824854.738,0.588,-0.106,-0.053,0.800,3559,0,145,3012,749,265,19,522,3,0.000,344,1,2.334,0.018,-1.540,-0.340,-1.720,-0.231,0.037,0.975,-0.018,-0.004,0.016,0.000,0.000,0.515,0.753,2,NULL,NULL,,1,0,3,7,255,,250,0,0
stim,442,442,0,1824859.738,0.587,-0.106,-0.053,0.800,3549,0,142,3017,0,269,20,519,3,0.000,344,1,2.282,0.018,-1.540,-0.280,-1.660,-0.232,0.040,0.975,-0.018,-0.004,0.006,0.000,0.000,0.515,0.753,2,NULL,NULL,,1,0,3,7,255,,250,0,0
stim,443,443,0,1824864.739,0.587,-0.106,-0.053,0.801,3560,0,147,3013,0,273,24,523,3,0.000,344,1,2.063,0.009,-1.420,-0.220,-1.480,-0.232,0.042,0.976,0.008,-0.004,0.006,0.000,0.000,0.515,0.753,2,NULL,NULL,,1,0,3,7,255,,250,0,0
stim,459,459,0,1824869.740,0.587,-0.106,-0.053,0.801,3561,0,143,3019,205,271,21,525,3,0.000,344,1,1.838,0.010,-1.300,-0.220,-1.280,-0.231,0.040,0.977,0.008,-0.006,0.014,0.000,0.000,0.515,0.753,2,NULL,NULL,,1,0,3,7,255,,250,0,0
stim,459,459,0,1824874.738,0.587,-0.106,-0.054,0.801,3563,0,143,3019,0,274,24,529,3,0.000,344,1,1.755,0.006,-1.180,-0.220,-1.280,-0.232,0.036,0.975,0.002,-0.006,0.014,0.000,0.000,0.515,0.753,2,NULL,NULL,,1,0,3,7,255,,250,0,0
stim,459,459,0,1824879.738,0.587,-0.106,-0.054,0.801,3550,0,140,3019,0,269,21,527,3,0.000,344,1,1.579,0.018,-1.060,-0.160,-1.160,-0.231,0.037,0.975,-0.018,-0.004,0.002,0.000,0.000,0.515,0.753,2,NULL,NULL,,1,0,3,7,255,,250,0,0
stim,459,459,0,1824884.738,0.587,-0.106,-0.054,0.801,3557,0,141,3011,0,271,22,527,3,0.000,344,1,1.366,0.018,-1.060,-0.040,-0.860,-0.232,0.042,0.977,-0.018,-0.004,0.002,0.000,0.000,0.515,0.753,2,NULL,NULL,,1,0,3,7,255,,250,0,0
stim,459,459,0,1824889.738,0.587,-0.106,-0.054,0.801,3557,0,141,3008,0,272,20,526,3,0.000,344,1,1.127,0.010,-0.940,-0.040,-0.620,-0.231,0.040,0.976,0.006,-0.008,0.016,0.000,0.000,0.515,0.753,2,NULL,NULL,,1,0,3,7,255,,250,0,0
stim,459,459,0,1824894.738,0.587,-0.106,-0.054,0.801,3549,0,142,3005,0,277,19,529,3,0.000,344,1,1.048,0.012,-0.880,-0.100,-0.560,-0.231,0.039,0.977,0.006,-0.010,0.018,0.000,0.000,0.515,0.753,2,NULL,NULL,,1,0,3,7,255,,250,0,0
stim,474,474,0,1824899.738,0.587,-0.106,-0.054,0.801,3556,0,141,3017,0,275,21,524,3,0.000,344,1,0.810,0.011,-0.680,0.020,-0.440,-0.232,0.037,0.976,-0.004,-0.010,0.016,0.000,0.000,0.515,0.753,2,NULL,NULL,,1,0,3,7,255,,250,0,0
stim,474,474,0,1824904.738,0.587,-0.106,-0.054,0.801,3547,0,139,3007,0,279,22,526,3,0.000,344,1,0.533,0.013,-0.500,0.140,-0.120,-0.231,0.038,0.976,-0.010,-0.008,0.016,0.000,0.000,0.515,0.753,2,NULL,NULL,,1,0,3,7,255,,250,0,0
stim,474,474,0,1824909.738,0.587,-0.106,-0.054,0.801,3555,0,143,3011,0,275,18,525,3,0.000,344,1,0.498,0.013,-0.440,0.200,-0.120,-0.229,0.039,0.975,-0.010,-0.008,0.008,0.000,0.000,0.515,0.753,2,NULL,NULL,,1,0,3,7,255,,250,0,0
stim,475,475,0,1824914.739,0.587,-0.106,-0.054,0.801,3551,0,143,3006,0,279,21,530,3,0.000,344,1,0.422,0.008,-0.380,0.140,-0.120,-0.232,0.040,0.976,-0.002,-0.008,0.008,0.000,0.000,0.515,0.753,2,NULL,NULL,,1,0,3,7,255,,250,0,0
stim,538,538,0,1824919.740,0.587,-0.106,-0.054,0.801,3561,0,147,3019,0,279,20,535,3,0.000,344,1,0.406,0.006,-0.200,0.260,0.240,-0.232,0.038,0.978,-0.002,-0.006,0.012,0.000,0.000,0.515,0.753,2,NULL,NULL,,1,0,3,7,255,,250,0,0
stim,538,538,0,1824924.738,0.587,-0.106,-0.054,0.801,3563,0,149,3023,0,279,22,535,3,0.000,344,1,0.629,0.011,0.040,0.320,0.540,-0.231,0.036,0.976,-0.010,-0.004,0.012,0.000,0.000,0.515,0.753,2,NULL,NULL,,1,0,3,7,255,,250,0,0
stim,538,538,0,1824929.738,0.587,-0.106,-0.054,0.801,3557,0,148,3021,0,276,22,535,3,0.000,344,1,0.778,0.024,0.160,0.380,0.660,-0.229,0.034,0.976,-0.024,-0.004,0.012,0.000,0.000,0.515,0.753,2,NULL,NULL,,1,0,3,7,255,,250,0,0
stim,555,555,0,1824934.738,0.587,-0.106,-0.054,0.801,3551,0,145,3007,0,275,20,533,3,0.000,344,1,0.848,0.027,0.300,0.440,0.660,-0.230,0.038,0.977,-0.024,-0.012,0.012,0.000,0.000,0.515,0.753,2,NULL,NULL,,1,0,3,7,255,,250,0,0
stim,555,555,0,1824939.738,0.587,-0.106,-0.054,0.801,3555,0,143,3016,0,279,20,533,3,0.000,344,1,1.227,0.018,0.480,0.560,0.980,-0.232,0.039,0.976,-0.014,-0.012,0.010,0.000,0.000,0.515,0.753,2,NULL,NULL,,1,0,3,7,255,,250,0,0
stim,555,555,0,1824944.738,0.587,-0.106,-0.054,0.801,3553,0,147,3007,0,279,21,536,3,0.000,344,1,1.422,0.016,0.540,0.620,1.160,-0.230,0.038,0.974,-0.008,-0.014,0.010,0.000,0.000,0.515,0.753,2,NULL,NULL,,1,0,3,7,255,,250,0,0
stim,555,555,0,1824949.738,0.587,-0.106,-0.054,0.800,3552,0,149,3008,0,279,21,535,3,0.000,344,1,1.571,0.016,0.720,0.680,1.220,-0.229,0.038,0.976,-0.008,-0.014,0.010,0.000,0.000,0.515,0.753,2,NULL,NULL,,1,0,3,7,255,,250,0,0
stim,555,555,0,1824954.738,0.587,-0.106,-0.054,0.800,3557,0,148,3016,0,278,21,535,3,0.000,344,1,1.802,0.016,0.900,0.800,1.340,-0.231,0.039,0.975,-0.008,-0.014,0.004,0.000,0.000,0.515,0.753,2,NULL,NULL,,1,0,3,7,255,,250,0,0
stim,555,555,0,1824959.738,0.588,-0.106,-0.054,0.800,3565,0,151,3022,0,277,15,537,3,0.000,344,1,2.187,0.012,1.200,0.920,1.580,-0.231,0.041,0.976,-0.002,-0.012,0.010,0.000,0.000,0.515,0.753,2,NULL,NULL,,1,0,3,7,255,,250,0,0
stim,555,555,0,1824964.740,0.588,-0.106,-0.054,0.800,3561,0,150,3027,0,276,22,535,3,0.000,344,1,2.373,0.014,1.320,1.000,1.700,-0.229,0.041,0.975,0.008,-0.012,0.004,0.000,0.000,0.515,0.753,2,NULL,NULL,,1,0,3,7,255,,250,0,0
stim,571,571,0,1824969.739,0.588,-0.106,-0.054,0.800,3563,0,149,3017,0,279,22,535,3,0.000,344,1,2.509,0.022,1.440,1.060,1.760,-0.230,0.040,0.975,0.008,-0.020,-0.004,0.000,0.000,0.515,0.753,2,NULL,NULL,,1,0,3,7,255,,250,0,0
stim,571,571,0,1824974.738,0.588,-0.106,-0.054,0.800,3556,0,149,3027,0,275,20,535,3,0.000,344,1,2.731,0.020,1.700,1.120,1.820,-0.231,0.039,0.975,-0.002,-0.020,-0.004,0.000,0.000,0.515,0.753,2,NULL,NULL,,1,0,3,7,255,,250,0,0
stim,571,571,0,1824979.738,0.588,-0.107,-0.053,0.800,3550,0,149,3029,0,279,21,535,3,0.000,344,1,2.987,0.018,1.940,1.180,1.940,-0.230,0.040,0.975,-0.004,-0.018,0.002,0.000,0.000,0.515,0.753,2,NULL,NULL,,1,0,3,7,255,,250,0,0
stim,571,571,0,1824984.738,0.588,-0.107,-0.053,0.800,3561,0,149,3020,0,279,22,532,3,0.000,344,1,3.179,0.016,2.060,1.240,2.080,-0.230,0.040,0.974,-0.004,-0.016,0.002,0.000,0.000,0.515,0.753,2,NULL,NULL,,1,0,3,7,255,,250,0,0
stim,571,571,0,1824989.738,0.588,-0.107,-0.053,0.800,3559,0,149,3029,0,275,22,533,3,0.000,344,1,3.141,0.018,2.000,1.240,2.080,-0.231,0.042,0.976,0.000,-0.018,0.002,0.000,0.000,0.515,0.753,2,NULL,NULL,,1,0,3,7,255,,250,0,0
stim,571,571,0,1824994.738,0.588,-0.107,-0.053,0.800,3559,0,149,3031,0,275,22,535,3,0.000,344,1,3.242,0.016,2.060,1.300,2.140,-0.231,0.041,0.977,0.000,-0.016,0.010,0.000,0.000,0.515,0.753,2,NULL,NULL,,1,0,3,7,255,,250,0,0
stim,571,571,0,1824999.738,0.588,-0.107,-0.053,0.800,3563,0,155,3031,0,279,23,533,3,0.000,344,1,3.323,0.014,2.060,1.300,2.260,-0.234,0.040,0.976,0.000,-0.014,0.020,0.000,0.000,0.515,0.753,2,NULL,NULL,,1,0,3,7,255,,250,0,0
stim,571,571,0,1825004.738,0.588,-0.107,-0.053,0.800,3557,0,150,3031,0,275,24,531,3,0.000,344,1,3.462,0.002,2.120,1.240,2.440,-0.233,0.041,0.976,0.000,-0.002,0.020,0.000,0.000,0.515,0.753,2,NULL,NULL,,1,0,3,7,255,,250,0,0
stim,571,571,0,1825009.738,0.588,-0.107,-0.053,0.800,3563,0,154,3023,0,272,21,533,3,0.000,344,1,3.433,0.002,2.000,1.240,2.500,-0.233,0.041,0.975,0.002,0.000,0.012,0.000,0.000,0.515,0.753,2,NULL,NULL,,1,0,3,7,255,,250,0,0
stim,571,571,0,1825014.740,0.588,-0.107,-0.053,0.800,3569,0,149,3023,0,273,24,526,3,0.000,344,1,3.368,0.002,2.000,1.180,2.440,-0.234,0.040,0.977,0.002,0.000,0.012,0.000,0.000,0.515,0.753,2,NULL,NULL,,1,0,3,7,255,,250,0,0
stim,635,635,0,1825019.739,0.588,-0.107,-0.053,0.800,3575,0,149,3039,0,272,22,531,3,0.000,344,1,3.456,0.016,2.000,1.180,2.560,-0.235,0.040,0.977,-0.010,0.012,0.026,0.000,0.000,0.515,0.753,2,NULL,NULL,,1,0,3,7,255,,250,0,0
stim,635,635,0,1825024.738,0.588,-0.107,-0.053,0.800,3575,0,141,3045,0,273,22,529,3,0.000,344,1,3.535,0.024,1.880,1.060,2.800,-0.236,0.040,0.977,-0.010,0.022,0.028,0.000,0.000,0.515,0.753,2,NULL,NULL,,1,0,3,7,255,,250,0,0
stim,635,635,0,1825029.738,0.588,-0.107,-0.053,0.800,3563,0,139,3043,0,275,23,520,3,0.000,344,1,3.659,0.024,1.700,1.120,3.040,-0.233,0.041,0.975,-0.010,0.022,0.026,0.000,0.000,0.515,0.753,2,NULL,NULL,,1,0,3,7,255,,250,0,0
stim,635,635,0,1825034.738,0.589,-0.108,-0.053,0.800,3563,0,149,3043,0,263,21,529,3,0.000,344,1,3.373,0.006,1.440,1.060,2.860,-0.231,0.042,0.974,-0.006,0.000,0.002,0.000,0.000,0.515,0.753,2,NULL,NULL,,1,0,3,7,255,,250,0,0
stim,651,651,0,1825039.738,0.589,-0.108,-0.053,0.799,3575,0,151,3036,0,265,23,512,3,0.000,344,1,3.197,0.002,1.260,1.060,2.740,-0.233,0.042,0.974,-0.002,0.000,-0.004,0.000,0.000,0.515,0.753,2,NULL,NULL,,1,0,3,7,255,,250,0,0
stim,651,651,0,1825044.738,0.589,-0.108,-0.053,0.799,3564,0,150,3044,243,266,24,512,3,0.000,344,1,3.102,0.006,1.200,1.000,2.680,-0.234,0.044,0.973,0.006,0.002,-0.006,0.000,0.000,0.515,0.753,2,NULL,NULL,,1,0,3,7,255,,250,0,0
stim,651,651,0,1825049.738,0.589,-0.108,-0.053,0.799,3560,0,151,3033,323,263,22,511,3,0.000,344,1,3.079,0.016,1.140,1.000,2.680,-0.235,0.043,0.973,0.016,0.004,-0.006,0.000,0.000,0.515,0.753,2,NULL,NULL,,1,0,3,7,255,,250,0,0
stim,651,651,0,1825054.738,0.589,-0.108,-0.053,0.799,3564,0,153,3037,0,255,24,508,3,0.000,344,1,2.994,0.017,1.020,0.860,2.680,-0.233,0.041,0.973,0.016,0.006,-0.006,0.000,0.000,0.515,0.753,2,NULL,NULL,,1,0,3,7,255,,250,0,0
stim,651,651,0,1825059.738,0.589,-0.108,-0.053,0.799,3576,0,151,3041,535,253,23,507,3,0.000,344,1,2.702,0.013,0.840,0.800,2.440,-0.233,0.041,0.974,-0.012,0.006,-0.006,0.000,0.000,0.515,0.753,2,NULL,NULL,,1,0,3,7,255,,250,0,0
stim,669,669,0,1825064.740,0.589,-0.108,-0.053,0.799,3573,0,150,3035,85,248,24,503,3,0.000,344,1,2.575,0.013,0.780,0.800,2.320,-0.234,0.044,0.973,-0.012,0.004,-0.008,0.000,0.000,0.515,0.753,2,NULL,NULL,,1,0,3,7,255,,250,0,0
stim,669,669,0,1825069.739,0.589,-0.108,-0.053,0.799,3573,0,159,3045,0,247,23,503,3,0.000,344,1,2.485,0.018,0.720,0.740,2.260,-0.234,0.047,0.972,0.018,0.000,-0.008,0.000,0.000,0.515,0.753,2,NULL,NULL,,1,0,3,7,255,,250,0,0
stim,669,669,0,1825074.738,0.589,-0.108,-0.053,0.799,3573,0,159,3044,0,251,24,503,3,0.000,344,1,2.340,0.028,0.660,0.680,2.140,-0.233,0.046,0.971,0.028,-0.002,-0.018,0.000,0.000,0.515,0.753,2,NULL,NULL,,1,0,3,7,255,,250,0,0
stim,669,669,0,1825079.738,0.589,-0.108,-0.053,0.799,3558,0,159,3035,0,247,22,501,3,0.000,344,1,2.106,0.030,0.720,0.620,1.880,-0.232,0.045,0.971,0.028,-0.010,-0.026,0.000,0.000,0.515,0.753,2,NULL,NULL,,1,0,3,7,255,,250,0,0
stim,669,669,0,1825084.738,0.589,-0.108,-0.053,0.799,3564,0,165,3045,0,249,21,495,3,0.000,344,1,1.798,0.023,0.780,0.560,1.520,-0.231,0.045,0.972,0.016,-0.016,-0.026,0.000,0.000,0.515,0.753,2,NULL,NULL,,1,0,3,7,255,,250,0,0
stim,669,669,0,1825089.738,0.589,-0.108,-0.053,0.799,3560,0,160,3045,0,245,23,491,3,0.000,344,1,1.630,0.026,0.840,0.560,1.280,-0.232,0.047,0.973,0.016,-0.020,-0.026,0.000,0.000,0.515,0.753,2,NULL,NULL,,1,0,3,7,255,,250,0,0
stim,669,669,0,1825094.738,0.589,-0.108,-0.053,0.799,3573,0,159,3039,0,243,21,497,3,0.000,344,1,1.650,0.034,0.960,0.560,1.220,-0.232,0.046,0.972,0.028,-0.020,-0.022,0.000,0.000,0.515,0.753,2,NULL,NULL,,1,0,3,7,255,,250,0,0
stim,669,669,0,1825099.738,0.589,-0.108,-0.053,0.799,3557,0,160,3031,264,227,22,493,3,0.000,344,1,1.533,0.032,0.900,0.440,1.160,-0.232,0.045,0.973,0.028,-0.016,-0.014,0.000,0.000,0.515,0.753,2,NULL,NULL,,1,0,3,7,255,,250,0,0
stim,669,669,0,1825104.738,0.589,-0.108,-0.053,0.799,3567,0,164,3033,0,224,21,491,3,0.000,344,1,1.421,0.020,0.900,0.500,0.980,-0.231,0.044,0.974,0.012,-0.016,-0.014,0.000,0.000,0.515,0.753,2,NULL,NULL,,1,0,3,7,255,,250,0,0
stim,669,669,0,1825109.738,0.590,-0.108,-0.052,0.799,3561,0,169,3036,0,226,22,488,3,0.000,344,1,1.324,0.020,1.020,0.440,0.720,-0.231,0.044,0.972,0.000,-0.020,-0.014,0.000,0.000,0.515,0.753,2,NULL,NULL,,1,0,3,7,255,,250,0,0
stim,672,672,0,1825114.740,0.590,-0.108,-0.052,0.799,3561,0,165,3033,0,231,24,489,3,0.000,344,1,1.091,0.020,0.840,0.440,0.540,-0.232,0.046,0.973,0.000,-0.020,-0.012,0.000,0.000,0.515,0.753,2,NULL,NULL,,1,0,3,7,255,,250,0,0
stim,702,702,0,1825119.739,0.590,-0.108,-0.052,0.799,3571,0,168,3043,0,231,24,490,3,0.000,344,1,1.215,0.020,0.960,0.440,0.600,-0.231,0.045,0.974,0.002,-0.020,-0.012,0.000,0.000,0.515,0.753,2,NULL,NULL,,1,0,3,7,255,,250,0,0
stim,702,702,0,1825124.738,0.590,-0.108,-0.052,0.799,3573,0,171,3045,12,231,24,492,3,0.000,344,1,1.001,0.014,0.900,0.320,0.300,-0.231,0.044,0.972,0.002,-0.014,-0.012,0.000,0.000,0.515,0.753,2,NULL,NULL,,1,0,3,7,255,,250,0,0
stim,702,702,0,1825129.738,0.590,-0.108,-0.052,0.799,3567,0,171,3031,0,230,23,493,3,0.000,344,1,0.930,0.015,0.840,0.320,0.240,-0.232,0.043,0.973,-0.004,-0.014,-0.008,0.000,0.000,0.515,0.753,2,NULL,NULL,,1,0,3,7,255,,250,0,0
stim,702,702,0,1825134.738,0.590,-0.108,-0.052,0.799,3567,0,171,3033,0,231,24,488,3,0.000,344,1,0.862,0.010,0.780,0.320,0.180,-0.233,0.043,0.973,-0.008,-0.006,-0.008,0.000,0.000,0.515,0.753,2,NULL,NULL,,1,0,3,7,255,,250,0,0
stim,735,735,0,1825139.738,0.590,-0.108,-0.052,0.799,3562,0,168,3031,0,231,21,493,3,0.000,344,1,0.683,0.008,0.600,0.320,-0.060,-0.234,0.044,0.974,-0.008,0.000,-0.008,0.000,0.000,0.515,0.753,2,NULL,NULL,,1,0,3,7,255,,250,0,0
stim,736,736,0,1825144.738,0.590,-0.108,-0.052,0.799,3557,0,169,3041,0,230,23,489,3,0.000,344,1,0.494,0.010,0.420,0.260,0.000,-0.235,0.046,0.974,0.000,0.010,0.000,0.000,0.000,0.515,0.753,2,NULL,NULL,,1,0,3,7,255,,250,0,0
stim,736,736,0,1825149.738,0.590,-0.108,-0.052,0.799,3560,0,168,3031,0,228,22,486,3,0.000,344,1,0.464,0.010,0.340,0.260,0.180,-0.231,0.042,0.973,0.000,0.010,0.000,0.000,0.000,0.515,0.753,2,NULL,NULL,,1,0,3,7,255,,250,0,0
stim,736,736,0,1825154.738,0.590,-0.108,-0.052,0.799,3571,0,169,3035,108,233,22,487,3,0.000,344,1,0.354,0.025,0.220,0.140,-0.240,-0.230,0.042,0.973,-0.024,-0.008,-0.014,0.000,0.000,0.515,0.753,2,NULL,NULL,,1,0,3,7,255,,250,0,0
stim,736,736,0,1825159.738,0.589,-0.108,-0.052,0.799,3560,0,171,3031,0,227,23,486,3,0.000,344,1,0.861,0.025,-0.020,-0.040,-0.860,-0.233,0.045,0.972,-0.024,-0.008,-0.016,0.000,0.000,0.515,0.753,2,NULL,NULL,,1,0,3,7,255,,250,0,0
stim,747,747,0,1825164.740,0.589,-0.108,-0.052,0.799,3569,0,171,3041,2,224,23,487,3,0.000,344,1,0.813,0.014,-0.140,-0.040,-0.800,-0.237,0.048,0.973,0.014,0.002,-0.014,0.000,0.000,0.515,0.753,2,NULL,NULL,,1,0,3,7,255,,250,0,0
stim,764,764,0,1825169.739,0.589,-0.108,-0.052,0.799,3573,0,171,3043,0,231,24,489,3,0.000,344,1,0.768,0.024,-0.320,-0.160,-0.680,-0.236,0.044,0.974,0.014,0.020,0.004,0.000,0.000,0.515,0.753,2,NULL,NULL,,1,0,3,7,255,,250,0,0
stim,764,764,0,1825174.738,0.589,-0.108,-0.052,0.799,3562,0,171,3028,0,228,21,486,3,0.000,344,1,1.097,0.020,-0.440,-0.220,-0.980,-0.231,0.041,0.973,0.004,0.020,0.004,0.000,0.000,0.515,0.753,2,NULL,NULL,,1,0,3,7,255,,250,0,0
stim,764,764,0,1825179.738,0.589,-0.108,-0.052,0.799,3561,0,173,3027,0,224,23,486,3,0.000,344,1,1.565,0.022,-0.560,-0.420,-1.400,-0.232,0.042,0.973,-0.022,-0.004,-0.012,0.000,0.000,0.515,0.753,2,NULL,NULL,,1,0,3,7,255,,250,0,0
stim,764,764,0,1825184.738,0.589,-0.108,-0.052,0.799,3566,0,169,3027,0,231,21,489,3,0.000,344,1,1.775,0.022,-0.740,-0.480,-1.540,-0.235,0.045,0.973,-0.022,-0.004,-0.012,0.000,0.000,0.515,0.753,2,NULL,NULL,,1,0,3,7,255,,250,0,0
stim,764,764,0,1825189.738,0.589,-0.108,-0.052,0.799,3556,0,171,3033,0,231,23,491,3,0.000,344,1,1.788,0.008,-0.880,-0.540,-1.460,-0.233,0.043,0.974,-0.008,0.002,-0.006,0.000,0.000,0.515,0.753,2,NULL,NULL,,1,0,3,7,255,,250,0,0
stim,764,764,0,1825194.738,0.589,-0.108,-0.052,0.799,3565,0,170,3029,0,231,24,488,3,0.000,344,1,1.972,0.008,-0.880,-0.600,-1.660,-0.232,0.042,0.973,-0.008,0.002,-0.006,0.000,0.000,0.515,0.753,2,NULL,NULL,,1,0,3,7,255,,250,0,0
stim,779,779,0,1825199.738,0.589,-0.108,-0.052,0.799,3557,0,171,3029,0,233,23,487,3,0.000,344,1,2.144,0.024,-0.880,-0.660,-1.840,-0.232,0.040,0.974,-0.024,0.002,0.000,0.000,0.000,0.515,0.753,2,NULL,NULL,,1,0,3,7,255,,250,0,0
stim,779,779,0,1825204.738,0.589,-0.108,-0.052,0.799,3559,0,171,3027,0,233,22,491,3,0.000,344,1,2.274,0.034,-1.060,-0.660,-1.900,-0.234,0.040,0.974,-0.034,0.004,-0.002,0.000,0.000,0.515,0.753,2,NULL,NULL,,1,0,3,7,255,,250,0,0
stim,779,779,0,1825209.738,0.589,-0.108,-0.052,0.799,3561,0,170,3035,0,231,22,492,3,0.000,344,1,2.253,0.034,-1.120,-0.660,-1.840,-0.232,0.040,0.974,-0.034,0.004,-0.002,0.000,0.000,0.515,0.753,2,NULL,NULL,,1,0,3,7,255,,250,0,0
stim,779,779,0,1825214.739,0.589,-0.108,-0.052,0.799,3569,0,171,3035,263,233,25,496,3,0.000,344,1,2.283,0.034,-1.180,-0.660,-1.840,-0.232,0.040,0.975,-0.034,0.000,-0.002,0.000,0.000,0.515,0.753,2,NULL,NULL,,1,0,3,7,255,,250,0,0
stim,834,834,0,1825219.740,0.589,-0.108,-0.053,0.799,3564,0,171,3028,299,230,22,495,3,0.000,344,1,2.235,0.034,-1.180,-0.660,-1.780,-0.231,0.040,0.975,-0.034,-0.002,0.002,0.000,0.000,0.515,0.753,2,NULL,NULL,,1,0,3,7,255,,250,0,0
stim,834,834,0,1825224.738,0.589,-0.108,-0.053,0.799,3567,0,171,3032,0,235,23,501,3,0.000,344,1,2.283,0.033,-1.180,-0.660,-1.840,-0.231,0.040,0.974,-0.032,-0.006,0.002,0.000,0.000,0.515,0.753,2,NULL,NULL,,1,0,3,7,255,,250,0,0
stim,834,834,0,1825229.738,0.589,-0.108,-0.053,0.799,3566,0,167,3029,169,235,22,495,3,0.000,344,1,2.443,0.032,-1.300,-0.660,-1.960,-0.230,0.042,0.974,-0.030,-0.010,-0.004,0.000,0.000,0.515,0.753,2,NULL,NULL,,1,0,3,7,255,,250,0,0
stim,834,834,0,1825234.738,0.589,-0.108,-0.053,0.799,3560,0,168,3021,285,243,25,501,3,0.000,344,1,2.523,0.017,-1.360,-0.660,-2.020,-0.231,0.042,0.974,-0.012,-0.012,-0.004,0.000,0.000,0.515,0.753,2,NULL,NULL,,1,0,3,7,255,,250,0,0
stim,858,858,0,1825239.738,0.589,-0.108,-0.053,0.799,3565,0,169,3021,283,248,23,502,3,0.000,344,1,2.443,0.017,-1.300,-0.660,-1.960,-0.232,0.041,0.974,-0.012,-0.012,-0.004,0.000,0.000,0.515,0.753,2,NULL,NULL,,1,0,3,7,255,,250,0,0
stim,858,858,0,1825244.738,0.589,-0.108,-0.053,0.799,3556,0,167,3015,253,256,24,503,3,0.000,344,1,2.508,0.017,-1.360,-0.600,-2.020,-0.230,0.040,0.975,-0.012,-0.012,-0.002,0.000,0.000,0.515,0.753,2,NULL,NULL,,1,0,3,7,255,,250,0,0
stim,858,858,0,1825249.738,0.589,-0.107,-0.053,0.800,3557,0,169,3021,264,259,22,504,3,0.000,344,1,2.606,0.026,-1.360,-0.600,-2.140,-0.229,0.041,0.973,-0.016,-0.020,-0.004,0.000,0.000,0.515,0.753,2,NULL,NULL,,1,0,3,7,255,,250,0,0
stim,858,858,0,1825254.738,0.588,-0.107,-0.053,0.800,3547,0,167,3029,687,262,24,506,3,0.000,344,1,2.767,0.026,-1.480,-0.600,-2.260,-0.231,0.042,0.973,-0.016,-0.020,-0.012,0.000,0.000,0.515,0.753,2,NULL,NULL,,1,0,3,7,255,,250,0,0
stim,858,858,0,1825259.738,0.588,-0.107,-0.053,0.800,3555,0,160,3017,0,259,22,508,3,0.000,344,1,2.723,0.022,-1.420,-0.540,-2.260,-0.230,0.043,0.974,0.004,-0.022,-0.012,0.000,0.000,0.515,0.753,2,NULL,NULL,,1,0,3,7,255,,250,0,0
stim,858,858,0,1825264.740,0.588,-0.107,-0.053,0.800,3565,0,160,3025,0,265,22,507,3,0.000,344,1,2.817,0.015,-1.480,-0.600,-2.320,-0.232,0.042,0.974,0.006,-0.014,-0.008,0.000,0.000,0.515,0.753,2,NULL,NULL,,1,0,3,7,255,,250,0,0
stim,875,875,0,1825269.738,0.588,-0.107,-0.053,0.800,3556,0,160,3019,0,261,24,511,3,0.000,344,1,2.866,0.006,-1.480,-0.600,-2.380,-0.232,0.042,0.974,0.006,-0.002,0.000,0.000,0.000,0.515,0.753,2,NULL,NULL,,1,0,3,7,255,,250,0,0
stim,875,875,0,1825274.739,0.588,-0.107,-0.053,0.800,3565,0,165,3029,0,262,21,519,3,0.000,344,1,2.817,0.002,-1.480,-0.600,-2.320,-0.233,0.040,0.976,0.002,0.000,0.002,0.000,0.000,0.515,0.753,2,NULL,NULL,,1,0,3,7,255,,250,0,0
stim,875,875,0,1825279.738,0.588,-0.107,-0.053,0.800,3551,0,163,3021,0,259,22,519,3,0.000,344,1,2.686,0.010,-1.420,-0.600,-2.200,-0.232,0.039,0.976,-0.010,0.000,0.012,0.000,0.000,0.515,0.753,2,NULL,NULL,,1,0,3,7,255,,250,0,0
stim,875,875,0,1825284.738,0.588,-0.107,-0.053,0.800,3560,0,155,3017,0,263,24,519,3,0.000,344,1,2.706,0.010,-1.480,-0.540,-2.200,-0.232,0.040,0.974,-0.010,0.002,0.012,0.000,0.000,0.515,0.753,2,NULL,NULL,,1,0,3,7,255,,250,0,0
stim,891,891,0,1825289.738,0.588,-0.107,-0.053,0.800,3567,0,154,3019,0,263,19,518,3,0.000,344,1,2.706,0.010,-1.480,-0.540,-2.200,-0.232,0.041,0.974,-0.010,0.002,0.000,0.000,0.000,0.515,0.753,2,NULL,NULL,,1,0,3,7,255,,250,0,0
stim,891,891,0,1825294.738,0.588,-0.107,-0.053,0.800,3555,0,151,3019,0,266,21,521,3,0.000,344,1,2.562,0.002,-1.480,-0.540,-2.020,-0.232,0.042,0.975,0.000,0.002,0.000,0.000,0.000,0.515,0.753,2,NULL,NULL,,1,0,3,7,255,,250,0,0
stim,891,891,0,1825299.738,0.588,-0.107,-0.053,0.800,3563,0,149,3018,0,265,22,522,3,0.000,344,1,2.352,0.004,-1.300,-0.480,-1.900,-0.232,0.040,0.975,0.000,-0.004,0.008,0.000,0.000,0.515,0.753,2,NULL,NULL,,1,0,3,7,255,,250,0,0
stim,891,891,0,1825304.738,0.588,-0.107,-0.053,0.800,3561,0,149,3018,0,268,24,523,3,0.000,344,1,2.422,0.006,-1.360,-0.420,-1.960,-0.230,0.038,0.974,-0.004,-0.004,0.008,0.000,0.000,0.515,0.753,2,NULL,NULL,,1,0,3,7,255,,250,0,0
stim,891,891,0,1825309.738,0.588,-0.107,-0.053,0.800,3566,0,153,3021,0,266,21,524,3,0.000,344,1,2.564,0.006,-1.420,-0.480,-2.080,-0.232,0.040,0.974,-0.004,-0.004,0.000,0.000,0.000,0.515,0.753,2,NULL,NULL,,1,0,3,7,255,,250,0,0
stim,891,891,0,1825314.741,0.588,-0.107,-0.053,0.800,3554,0,152,3017,0,269,23,527,3,0.000,344,1,2.492,0.007,-1.480,-0.420,-1.960,-0.232,0.040,0.976,-0.004,-0.006,0.000,0.000,0.000,0.515,0.753,2,NULL,NULL,,1,0,3,7,255,,250,0,0
stim,939,939,0,1825319.693,0.588,-0.107,-0.054,0.800,3565,0,150,3021,0,271,21,530,3,0.000,344,1,2.374,0.004,-1.360,-0.420,-1.900,-0.232,0.039,0.976,-0.004,0.000,0.012,0.000,0.000,0.515,0.753,2,NULL,NULL,,1,0,3,7,255,,250,0,0
stim,939,939,0,1825324.694,0.588,-0.107,-0.054,0.800,3573,0,155,3031,0,273,23,531,3,0.000,344,1,2.305,0.007,-1.420,-0.360,-1.780,-0.232,0.040,0.975,-0.004,-0.006,0.012,0.000,0.000,0.515,0.753,2,NULL,NULL,,1,0,3,7,255,,250,0,0
stim,939,939,0,1825329.693,0.588,-0.107,-0.054,0.800,3564,0,153,3021,347,273,24,531,3,0.000,344,1,2.391,0.006,-1.540,-0.420,-1.780,-0.232,0.041,0.974,0.000,-0.006,0.008,0.000,0.000,0.515,0.753,2,NULL,NULL,,1,0,3,7,255,,250,0,0
stim,939,939,0,1825334.693,0.587,-0.107,-0.054,0.800,3565,0,153,3017,277,272,23,527,3,0.000,344,1,2.427,0.017,-1.660,-0.420,-1.720,-0.233,0.041,0.976,0.016,-0.006,0.008,0.000,0.000,0.515,0.753,2,NULL,NULL,,1,0,3,7,255,,250,0,0
stim,955,955,0,1825339.693,0.587,-0.107,-0.054,0.800,3563,0,153,3019,0,279,21,531,3,0.000,344,1,2.163,0.016,-1.480,-0.420,-1.520,-0.231,0.036,0.976,0.016,-0.002,0.010,0.000,0.000,0.515,0.753,2,NULL,NULL,,1,0,3,7,255,,250,0,0
stim,955,955,0,1825344.693,0.587,-0.107,-0.054,0.800,3557,0,152,3017,0,279,24,531,3,0.000,344,1,2.297,0.028,-1.480,-0.360,-1.720,-0.231,0.036,0.976,-0.028,-0.002,0.010,0.000,0.000,0.515,0.753,2,NULL,NULL,,1,0,3,7,255,,250,0,0
stim,955,955,0,1825349.693,0.587,-0.106,-0.054,0.800,3562,0,151,3016,0,278,21,533,3,0.000,344,1,2.140,0.028,-1.540,-0.280,-1.460,-0.231,0.040,0.975,-0.028,-0.002,0.010,0.000,0.000,0.515,0.753,2,NULL,NULL,,1,0,3,7,255,,250,0,0
stim,955,955,0,1825354.693,0.587,-0.106,-0.054,0.801,3562,0,150,3017,0,279,24,533,3,0.000,344,1,1.985,0.013,-1.540,-0.280,-1.220,-0.231,0.041,0.977,0.006,-0.012,0.010,0.000,0.000,0.515,0.753,2,NULL,NULL,,1,0,3,7,255,,250,0,0
stim,955,955,0,1825359.693,0.587,-0.106,-0.054,0.801,3551,0,151,3029,0,282,24,535,3,0.000,344,1,1.930,0.021,-1.360,-0.280,-1.340,-0.232,0.041,0.977,0.014,-0.016,0.020,0.000,0.000,0.515,0.753,2,NULL,NULL,,1,0,3,7,255,,250,0,0
stim,955,955,0,1825364.695,0.587,-0.106,-0.054,0.801,3573,0,151,3030,0,284,21,537,3,0.000,344,1,1.570,0.021,-1.120,-0.360,-1.040,-0.233,0.039,0.977,0.014,-0.016,0.026,0.000,0.000,0.515,0.753,2,NULL,NULL,,1,0,3,7,255,,250,0,0
stim,971,971,0,1825369.695,0.587,-0.106,-0.054,0.801,3571,0,147,3029,1855,284,23,537,3,0.000,344,1,1.129,0.018,-1.000,-0.160,-0.500,-0.229,0.035,0.975,0.008,-0.016,0.026,0.000,0.000,0.515,0.753,2,NULL,NULL,,1,0,3,7,255,,250,0,0
stim,971,971,0,1825374.693,0.587,-0.106,-0.054,0.801,3571,0,151,3031,0,286,22,537,3,0.000,344,1,1.338,0.036,-1.060,-0.160,-0.800,-0.228,0.036,0.975,-0.032,-0.016,-0.006,0.000,0.000,0.515,0.753,2,NULL,NULL,,1,0,3,7,255,,250,0,0
stim,971,971,0,1825379.693,0.587,-0.106,-0.054,0.801,3563,0,149,3017,0,285,22,535,3,0.000,344,1,1.459,0.036,-1.000,-0.220,-1.040,-0.233,0.040,0.976,-0.032,-0.016,-0.006,0.000,0.000,0.515,0.753,2,NULL,NULL,,1,0,3,7,255,,250,0,0
stim,971,971,0,1825384.693,0.587,-0.106,-0.054,0.801,3564,0,147,3016,0,287,24,537,3,0.000,344,1,0.966,0.016,-0.820,-0.100,-0.500,-0.235,0.040,0.976,0.016,-0.002,0.018,0.000,0.000,0.515,0.753,2,NULL,NULL,,1,0,3,7,255,,250,0,0
stim,971,971,0,1825389.693,0.587,-0.106,-0.054,0.801,3559,0,147,3017,0,282,22,536,3,0.000,344,1,0.705,0.016,-0.680,-0.040,-0.180,-0.229,0.034,0.975,0.016,-0.002,0.018,0.000,0.000,0.515,0.753,2,NULL,NULL,,1,0,3,7,255,,250,0,0
stim,971,971,0,1825394.693,0.587,-0.106,-0.054,0.801,3557,0,142,3016,0,292,23,538,3,0.000,344,1,0.727,0.026,-0.620,0.020,-0.380,-0.231,0.036,0.978,-0.024,-0.010,0.018,0.000,0.000,0.515,0.753,2,NULL,NULL,,1,0,3,7,255,,250,0,0
stim,971,971,0,1825399.693,0.587,-0.106,-0.054,0.801,3563,0,141,3018,0,283,24,537,3,0.000,344,1,0.326,0.029,-0.260,0.080,-0.180,-0.231,0.039,0.977,-0.024,-0.016,0.018,0.000,0.000,0.515,0.753,2,NULL,NULL,,1,0,3,7,255,,250,0,0
stim,971,971,0,1825404.693,0.587,-0.106,-0.054,0.801,3553,0,135,3018,0,291,22,537,3,0.000,344,1,0.396,0.018,-0.320,0.200,-0.120,-0.229,0.038,0.972,0.000,-0.018,0.018,0.000,0.000,0.515,0.753,2,NULL,NULL,,1,0,3,7,255,,250,0,0
stim,971,971,0,1825409.693,0.587,-0.106,-0.054,0.801,3559,0,131,3019,0,285,22,539,3,0.000,344,1,0.552,0.018,-0.500,0.200,-0.120,-0.229,0.037,0.975,0.000,-0.018,-0.006,0.000,0.000,0.515,0.753,2,NULL,NULL,,1,0,3,7,255,,250,0,0
stim,971,971,0,1825414.695,0.587,-0.106,-0.054,0.801,3559,0,131,3021,119,283,21,542,3,0.000,344,1,0.319,0.025,-0.140,0.260,-0.120,-0.230,0.036,0.977,-0.018,-0.018,-0.006,0.000,0.000,0.515,0.753,2,NULL,NULL,,1,0,3,7,255,,250,0,0
stim,1003,1003,0,1825419.693,0.587,-0.106,-0.054,0.801,3533,0,137,3047,0,256,22,543,3,0.000,344,1,0.397,0.031,0.100,0.380,-0.060,-0.230,0.035,0.975,-0.026,-0.016,0.000,0.000,0.000,0.515,0.753,2,NULL,NULL,,1,0,3,7,255,,250,0,0
stim,1003,1003,0,1825424.693,0.587,-0.106,-0.054,0.801,3567,0,134,3032,0,288,22,543,3,0.000,344,1,0.559,0.031,0.220,0.500,0.120,-0.230,0.037,0.975,-0.026,-0.016,0.000,0.000,0.000,0.515,0.753,2,NULL,NULL,,1,0,3,7,255,,250,0,0
stim,1003,1003,0,1825429.693,0.587,-0.106,-0.054,0.801,3565,0,127,3027,0,283,19,544,3,0.000,344,1,0.648,0.026,0.220,0.560,0.240,-0.229,0.036,0.975,-0.020,-0.016,0.000,0.000,0.000,0.515,0.753,2,NULL,NULL,,1,0,3,7,255,,250,0,0
stim,1036,1036,0,1825434.693,0.587,-0.106,-0.054,0.801,3565,0,139,3031,0,290,24,547,3,0.000,344,1,0.817,0.026,0.340,0.680,0.300,-0.229,0.035,0.975,-0.020,-0.016,-0.002,0.000,0.000,0.515,0.753,2,NULL,NULL,,1,0,3,7,255,,250,0,0
stim,1036,1036,0,1825439.693,0.587,-0.106,-0.054,0.801,3562,0,135,3031,0,291,21,545,3,0.000,344,1,0.924,0.035,0.420,0.740,0.360,-0.230,0.035,0.976,-0.032,-0.014,0.000,0.000,0.000,0.515,0.753,2,NULL,NULL,,1,0,3,7,255,,250,0,0
stim,1036,1036,0,1825444.693,0.587,-0.106,-0.054,0.801,3557,0,139,3033,931,286,22,544,3,0.000,344,1,1.136,0.035,0.600,0.800,0.540,-0.230,0.039,0.976,-0.032,-0.014,0.004,0.000,0.000,0.515,0.753,2,NULL,NULL,,1,0,3,7,255,,250,0,0
stim,1036,1036,0,1825449.693,0.587,-0.106,-0.054,0.801,3569,0,140,3031,0,288,22,542,3,0.000,344,1,1.194,0.020,0.540,0.880,0.600,-0.229,0.039,0.975,0.002,-0.020,0.004,0.000,0.000,0.515,0.753,2,NULL,NULL,,1,0,3,7,255,,250,0,0
stim,1036,1036,0,1825454.694,0.587,-0.106,-0.054,0.801,3571,0,139,3027,0,291,21,543,3,0.000,344,1,1.194,0.022,0.600,0.880,0.540,-0.231,0.041,0.975,0.008,-0.020,0.004,0.000,0.000,0.515,0.753,2,NULL,NULL,,1,0,3,7,255,,250,0,0
stim,1050,1050,0,1825459.693,0.587,-0.106,-0.054,0.801,3571,0,133,3031,0,287,20,547,3,0.000,344,1,1.211,0.028,0.540,0.940,0.540,-0.231,0.040,0.976,0.020,-0.020,0.004,0.000,0.000,0.515,0.753,2,NULL,NULL,,1,0,3,7,255,,250,0,0
stim,1050,1050,0,1825464.694,0.587,-0.106,-0.054,0.801,3573,0,139,3031,0,286,22,547,3,0.000,344,1,1.145,0.024,0.420,0.880,0.600,-0.232,0.040,0.977,0.020,-0.014,0.010,0.000,0.000,0.515,0.753,2,NULL,NULL,,1,0,3,7,255,,250,0,0
stim,1077,1077,0,1825469.695,0.587,-0.106,-0.054,0.801,3560,0,141,3031,0,292,23,547,3,0.000,344,1,1.177,0.018,0.420,0.880,0.660,-0.234,0.036,0.976,0.014,-0.012,0.018,0.000,0.000,0.515,0.753,2,NULL,NULL,,1,0,3,7,255,,250,0,0
stim,1077,1077,0,1825474.693,0.587,-0.106,-0.054,0.801,3571,0,146,3043,0,287,20,549,3,0.000,344,1,1.224,0.008,0.340,0.880,0.780,-0.233,0.039,0.976,0.008,0.000,0.018,0.000,0.000,0.515,0.753,2,NULL,NULL,,1,0,3,7,255,,250,0,0
stim,1077,1077,0,1825479.693,0.587,-0.106,-0.054,0.800,3575,0,146,3023,0,287,24,544,3,0.000,344,1,1.124,0.011,0.280,0.760,0.780,-0.234,0.039,0.976,0.008,0.008,0.018,0.000,0.000,0.515,0.753,2,NULL,NULL,,1,0,3,7,255,,250,0,0
stim,1077,1077,0,1825484.693,0.587,-0.106,-0.054,0.800,3573,0,147,3029,0,287,23,547,3,0.000,344,1,1.036,0.013,0.040,0.680,0.780,-0.234,0.040,0.975,0.010,0.008,0.016,0.000,0.000,0.515,0.753,2,NULL,NULL,,1,0,3,7,255,,250,0,0
stim,1077,1077,0,1825489.693,0.587,-0.106,-0.054,0.800,3566,0,144,3032,0,283,21,542,3,0.000,344,1,1.044,0.013,-0.020,0.620,0.840,-0.234,0.039,0.977,0.010,0.008,0.018,0.000,0.000,0.515,0.753,2,NULL,NULL,,1,0,3,7,255,,250,0,0
stim,1077,1077,0,1825494.693,0.587,-0.106,-0.054,0.800,3564,0,141,3034,0,296,21,547,3,0.000,344,1,1.086,0.022,-0.140,0.560,0.920,-0.234,0.040,0.976,0.020,0.010,0.020,0.000,0.000,0.515,0.753,2,NULL,NULL,,1,0,3,7,255,,250,0,0
stim,1079,1079,0,1825499.693,0.587,-0.106,-0.054,0.800,3557,0,142,3037,0,288,22,539,3,0.000,344,1,1.158,0.014,-0.260,0.560,0.980,-0.234,0.039,0.975,0.010,0.010,0.020,0.000,0.000,0.515,0.753,2,NULL,NULL,,1,0,3,7,255,,250,0,0
stim,1079,1079,0,1825504.693,0.587,-0.106,-0.054,0.800,3557,0,139,3037,0,294,24,537,3,0.000,344,1,1.185,0.022,-0.500,0.440,0.980,-0.233,0.041,0.975,0.020,0.010,0.004,0.000,0.000,0.515,0.753,2,NULL,NULL,,1,0,3,7,255,,250,0,0
stim,1079,1079,0,1825509.693,0.588,-0.106,-0.054,0.800,3561,0,139,3035,0,293,23,536,3,0.000,344,1,1.142,0.026,-0.560,0.380,0.920,-0.234,0.042,0.974,0.026,0.004,0.004,0.000,0.000,0.515,0.753,2,NULL,NULL,,1,0,3,7,255,,250,0,0
stim,1079,1079,0,1825514.694,0.588,-0.106,-0.054,0.800,3553,0,141,3027,0,289,21,537,3,0.000,344,1,1.096,0.038,-0.700,0.320,0.780,-0.233,0.042,0.974,0.038,0.000,-0.004,0.000,0.000,0.515,0.753,2,NULL,NULL,,1,0,3,7,255,,250,0,0
stim,1134,1134,0,1825519.695,0.588,-0.106,-0.054,0.800,3559,0,140,3037,0,292,21,539,3,0.000,344,1,1.026,0.038,-0.760,0.200,0.660,-0.231,0.040,0.972,0.038,-0.006,-0.006,0.000,0.000,0.515,0.753,2,NULL,NULL,,1,0,3,7,255,,250,0,0
stim,1134,1134,0,1825524.693,0.588,-0.106,-0.054,0.800,3554,0,133,2978,0,292,9,541,3,0.000,344,1,0.856,0.027,-0.680,0.200,0.480,-0.232,0.041,0.972,0.026,-0.008,-0.022,0.000,0.000,0.515,0.753,2,NULL,NULL,,1,0,3,7,255,,250,0,0
stim,1134,1134,0,1825529.693,0.588,-0.106,-0.054,0.800,3533,0,125,3024,0,287,18,532,3,0.000,344,1,0.717,0.028,-0.620,0.200,0.300,-0.231,0.042,0.972,0.026,-0.010,-0.024,0.000,0.000,0.515,0.753,2,NULL,NULL,,1,0,3,7,255,,250,0,0
stim,1147,1147,0,1825534.693,0.588,-0.106,-0.054,0.800,3528,0,138,3033,0,287,19,531,3,0.000,344,1,0.590,0.032,-0.560,0.140,0.120,-0.230,0.041,0.972,0.026,-0.018,-0.028,0.000,0.000,0.515,0.753,2,NULL,NULL,,1,0,3,7,255,,250,0,0
stim,1147,1147,0,1825539.693,0.588,-0.106,-0.054,0.800,3504,0,140,3023,0,282,19,531,3,0.000,344,1,0.498,0.027,-0.440,0.200,-0.120,-0.231,0.039,0.973,0.020,-0.018,-0.028,0.000,0.000,0.515,0.753,2,NULL,NULL,,1,0,3,7,255,,250,0,0
stim,1147,1147,0,1825544.693,0.588,-0.106,-0.054,0.800,3517,0,141,3035,0,285,20,529,3,0.000,344,1,0.349,0.013,-0.260,0.200,-0.120,-0.230,0.037,0.973,0.004,-0.012,-0.022,0.000,0.000,0.515,0.753,2,NULL,NULL,,1,0,3,7,255,,250,0,0
stim,1147,1147,0,1825549.693,0.588,-0.106,-0.054,0.800,3513,0,139,3035,0,285,20,523,3,0.000,344,1,0.335,0.020,-0.080,0.320,-0.060,-0.230,0.036,0.975,-0.016,-0.012,-0.016,0.000,0.000,0.515,0.753,2,NULL,NULL,,1,0,3,7,255,,250,0,0
stim,1147,1147,0,1825554.693,0.588,-0.106,-0.054,0.800,3505,0,135,3027,0,283,20,529,3,0.000,344,1,0.387,0.028,0.040,0.380,-0.060,-0.230,0.036,0.974,-0.024,-0.014,-0.008,0.000,0.000,0.515,0.753,2,NULL,NULL,,1,0,3,7,255,,250,0,0
stim,1147,1147,0,1825559.693,0.588,-0.106,-0.054,0.800,3503,0,127,3035,0,284,20,529,3,0.000,344,1,0.393,0.028,0.220,0.320,0.060,-0.232,0.038,0.975,-0.024,-0.014,-0.004,0.000,0.000,0.515,0.753,2,NULL,NULL,,1,0,3,7,255,,250,0,0
stim,1168,1168,0,1825564.695,0.588,-0.106,-0.054,0.800,3487,0,119,3021,0,284,20,523,3,0.000,344,1,0.393,0.009,0.220,0.320,0.060,-0.232,0.037,0.974,-0.008,-0.004,-0.004,0.000,0.000,0.515,0.753,2,NULL,NULL,,1,0,3,7,255,,250,0,0
stim,1168,1168,0,1825569.694,0.588,-0.106,-0.054,0.800,3497,0,121,3036,0,284,21,525,3,0.000,344,1,0.393,0.004,0.220,0.320,0.060,-0.232,0.038,0.975,-0.004,-0.002,0.000,0.000,0.000,0.515,0.753,2,NULL,NULL,,1,0,3,7,255,,250,0,0
stim,1168,1168,0,1825574.693,0.588,-0.106,-0.054,0.800,3497,0,135,3036,0,285,21,524,3,0.000,344,1,0.428,0.008,0.220,0.320,0.180,-0.232,0.037,0.975,-0.008,-0.002,0.000,0.000,0.000,0.515,0.753,2,NULL,NULL,,1,0,3,7,255,,250,0,0
stim,1168,1168,0,1825579.693,0.588,-0.106,-0.054,0.800,3484,0,131,3029,0,283,18,520,3,0.000,344,1,0.442,0.004,0.280,0.320,0.120,-0.231,0.038,0.974,-0.004,-0.002,0.000,0.000,0.000,0.515,0.753,2,NULL,NULL,,1,0,3,7,255,,250,0,0
stim,1170,1170,0,1825584.693,0.588,-0.106,-0.054,0.800,3481,0,131,3028,0,283,19,521,3,0.000,344,1,0.477,0.003,0.400,0.260,0.000,-0.232,0.039,0.975,-0.002,-0.002,0.000,0.000,0.000,0.515,0.753,2,NULL,NULL,,1,0,3,7,255,,250,0,0
stim,1170,1170,0,1825589.693,0.588,-0.106,-0.054,0.800,3479,0,139,3037,0,283,20,519,3,0.000,344,1,0.346,0.008,0.220,0.260,0.060,-0.233,0.039,0.974,0.008,-0.002,0.000,0.000,0.000,0.515,0.753,2,NULL,NULL,,1,0,3,7,255,,250,0,0
stim,1170,1170,0,1825594.693,0.588,-0.106,-0.054,0.800,3475,0,136,3025,0,281,20,520,3,0.000,344,1,0.221,0.011,0.160,0.140,0.060,-0.233,0.038,0.974,0.008,0.008,0.000,0.000,0.000,0.515,0.753,2,NULL,NULL,,1,0,3,7,255,,250,0,0
stim,1170,1170,0,1825599.693,0.588,-0.106,-0.054,0.800,3481,0,135,3028,0,281,17,519,3,0.000,344,1,0.213,0.012,0.160,0.140,0.000,-0.233,0.035,0.975,0.002,0.012,0.000,0.000,0.000,0.515,0.753,2,NULL,NULL,,1,0,3,7,255,,250,0,0
stim,1170,1170,0,1825604.693,0.588,-0.106,-0.054,0.800,3481,0,136,3025,0,282,17,520,3,0.000,344,1,0.128,0.018,0.100,0.080,0.000,-0.234,0.037,0.976,-0.008,0.016,0.004,0.000,0.000,0.515,0.753,2,NULL,NULL,,1,0,3,7,255,,250,0,0
stim,1172,1172,0,1825609.693,0.588,-0.106,-0.054,0.800,3489,0,141,3035,0,280,20,522,3,0.000,344,1,0.082,0.018,0.040,-0.040,0.060,-0.233,0.039,0.973,-0.008,0.016,0.004,0.000,0.000,0.515,0.753,2,NULL,NULL,,1,0,3,7,255,,250,0,0
stim,1172,1172,0,1825614.695,0.588,-0.106,-0.054,0.800,3493,0,143,3022,0,281,21,522,3,0.000,344,1,0.089,0.016,-0.080,-0.040,0.000,-0.234,0.037,0.975,-0.002,0.016,0.010,0.000,0.000,0.515,0.753,2,NULL,NULL,,1,0,3,7,255,,250,0,0
stim,1246,1246,0,1825619.693,0.588,-0.106,-0.054,0.800,3496,0,141,3033,0,284,20,525,3,0.000,344,1,0.221,0.012,-0.140,-0.160,-0.060,-0.232,0.039,0.976,0.006,0.010,0.010,0.000,0.000,0.515,0.753,2,NULL,NULL,,1,0,3,7,255,,250,0,0
stim,1246,1246,0,1825624.694,0.588,-0.106,-0.054,0.800,3477,0,139,3063,0,284,20,523,3,0.000,344,1,0.348,0.004,-0.200,-0.220,-0.180,-0.233,0.038,0.975,-0.002,0.004,0.010,0.000,0.000,0.515,0.753,2,NULL,NULL,,1,0,3,7,255,,250,0,0
stim,1259,1259,0,1825629.693,0.588,-0.106,-0.054,0.800,3495,0,137,3027,0,280,22,521,3,0.000,344,1,0.491,0.004,-0.260,-0.340,-0.240,-0.232,0.037,0.974,-0.002,0.004,0.008,0.000,0.000,0.515,0.753,2,NULL,NULL,,1,0,3,7,255,,250,0,0
stim,1259,1259,0,1825634.693,0.588,-0.106,-0.054,0.800,3499,0,143,3027,0,284,21,527,3,0.000,344,1,0.500,0.011,-0.320,-0.340,-0.180,-0.231,0.037,0.974,-0.010,0.004,-0.004,0.000,0.000,0.515,0.753,2,NULL,NULL,,1,0,3,7,255,,250,0,0
stim,1259,1259,0,1825639.693,0.588,-0.106,-0.054,0.800,3488,0,140,3027,0,283,21,530,3,0.000,344,1,0.500,0.012,-0.320,-0.340,-0.180,-0.232,0.037,0.974,-0.012,0.000,-0.004,0.000,0.000,0.515,0.753,2,NULL,NULL,,1,0,3,7,255,,250,0,0
stim,1259,1259,0,1825644.693,0.588,-0.106,-0.054,0.800,3489,0,145,3027,0,283,20,531,3,0.000,344,1,0.594,0.012,-0.380,-0.420,-0.180,-0.232,0.035,0.976,-0.012,0.000,-0.004,0.000,0.000,0.515,0.753,2,NULL,NULL,,1,0,3,7,255,,250,0,0
stim,1259,1259,0,1825649.693,0.588,-0.106,-0.054,0.800,3497,0,141,3023,0,285,22,531,3,0.000,344,1,0.615,0.026,-0.380,-0.420,-0.240,-0.232,0.035,0.975,-0.026,0.002,0.000,0.000,0.000,0.515,0.753,2,NULL,NULL,,1,0,3,7,255,,250,0,0
stim,1259,1259,0,1825654.693,0.588,-0.106,-0.054,0.800,3498,0,143,3015,0,284,21,529,3,0.000,344,1,0.658,0.026,-0.380,-0.480,-0.240,-0.231,0.036,0.974,-0.026,0.002,0.000,0.000,0.000,0.515,0.753,2,NULL,NULL,,1,0,3,7,255,,250,0,0
stim,1259,1259,0,1825659.693,0.588,-0.106,-0.054,0.800,3499,0,145,3015,0,284,20,531,3,0.000,344,1,0.654,0.019,-0.440,-0.420,-0.240,-0.231,0.037,0.975,-0.018,-0.006,0.000,0.000,0.000,0.515,0.753,2,NULL,NULL,,1,0,3,7,255,,250,0,0
stim,1259,1259,0,1825664.695,0.588,-0.106,-0.054,0.800,3504,0,141,3028,0,284,23,531,3,0.000,344,1,0.606,0.013,-0.440,-0.340,-0.240,-0.230,0.037,0.975,-0.012,-0.006,-0.004,0.000,0.000,0.515,0.753,2,NULL,NULL,,1,0,3,7,255,,250,0,0
stim,1259,1259,0,1825669.694,0.588,-0.106,-0.054,0.800,3515,0,145,3029,0,287,21,536,3,0.000,344,1,0.719,0.019,-0.500,-0.420,-0.300,-0.230,0.037,0.973,-0.010,-0.016,-0.004,0.000,0.000,0.515,0.753,2,NULL,NULL,,1,0,3,7,255,,250,0,0
stim,1259,1259,0,1825674.693,0.588,-0.106,-0.054,0.800,3503,0,141,3015,0,285,22,532,3,0.000,344,1,0.685,0.019,-0.500,-0.360,-0.300,-0.230,0.039,0.973,-0.010,-0.016,-0.016,0.000,0.000,0.515,0.753,2,NULL,NULL,,1,0,3,7,255,,250,0,0
stim,1259,1259,0,1825679.693,0.588,-0.106,-0.054,0.800,3500,0,139,3014,0,285,21,537,3,0.000,344,1,0.707,0.018,-0.440,-0.420,-0.360,-0.229,0.038,0.975,-0.008,-0.016,-0.016,0.000,0.000,0.515,0.753,2,NULL,NULL,,1,0,3,7,255,,250,0,0
stim,1275,1275,0,1825684.693,0.588,-0.106,-0.054,0.800,3508,0,139,3015,0,287,20,539,3,0.000,344,1,0.757,0.016,-0.500,-0.360,-0.440,-0.231,0.038,0.973,0.002,-0.016,-0.016,0.000,0.000,0.515,0.753,2,NULL,NULL,,1,0,3,7,255,,250,0,0
stim,1275,1275,0,1825689.693,0.588,-0.106,-0.054,0.800,3509,0,141,3015,0,289,19,536,3,0.000,344,1,0.833,0.018,-0.560,-0.360,-0.500,-0.230,0.038,0.974,-0.002,-0.018,-0.012,0.000,0.000,0.515,0.753,2,NULL,NULL,,1,0,3,7,255,,250,0,0
stim,1275,1275,0,1825694.693,0.588,-0.106,-0.054,0.800,3507,0,138,3019,0,287,20,539,3,0.000,344,1,0.808,0.014,-0.560,-0.300,-0.500,-0.230,0.038,0.974,-0.002,-0.014,-0.012,0.000,0.000,0.515,0.753,2,NULL,NULL,,1,0,3,7,255,,250,0,0
stim,1275,1275,0,1825699.693,0.588,-0.106,-0.054,0.800,3505,0,125,3021,0,291,21,541,3,0.000,344,1,0.741,0.015,-0.500,-0.220,-0.500,-0.230,0.037,0.975,-0.004,-0.014,-0.006,0.000,0.000,0.515,0.753,2,NULL,NULL,,1,0,3,7,255,,250,0,0
stim,1275,1275,0,1825704.693,0.588,-0.106,-0.054,0.800,3488,0,126,3003,0,283,19,539,3,0.000,344,1,0.896,0.013,-0.500,-0.300,-0.680,-0.231,0.039,0.974,-0.004,-0.012,-0.004,0.000,0.000,0.515,0.753,2,NULL,NULL,,1,0,3,7,255,,250,0,0
stim,1275,1275,0,1825709.693,0.588,-0.106,-0.054,0.800,3503,0,135,3004,0,286,22,541,3,0.000,344,1,0.817,0.013,-0.440,-0.300,-0.620,-0.231,0.039,0.974,0.006,-0.012,-0.004,0.000,0.000,0.515,0.753,2,NULL,NULL,,1,0,3,7,255,,250,0,0
stim,1275,1275,0,1825714.695,0.588,-0.106,-0.054,0.800,3501,0,122,3007,0,291,22,541,3,0.000,344,1,0.808,0.010,-0.560,-0.160,-0.560,-0.231,0.036,0.974,0.006,-0.008,-0.004,0.000,0.000,0.515,0.753,2,NULL,NULL,,1,0,3,7,255,,250,0,0
stim,1323,1323,0,1825719.693,0.588,-0.106,-0.054,0.800,3513,0,125,3019,1,287,28,544,3,0.000,344,1,0.826,0.018,-0.500,-0.220,-0.620,-0.230,0.037,0.976,-0.014,-0.012,-0.004,0.000,0.000,0.515,0.753,2,NULL,NULL,,1,0,3,7,255,,250,0,0
stim,1323,1323,0,1825724.694,0.588,-0.106,-0.054,0.800,3511,0,137,3017,0,287,21,547,3,0.000,344,1,0.681,0.022,-0.320,-0.220,-0.560,-0.231,0.035,0.976,-0.022,-0.002,0.008,0.000,0.000,0.515,0.753,2,NULL,NULL,,1,0,3,7,255,,250,0,0
stim,1355,1355,0,1825729.693,0.588,-0.106,-0.054,0.800,3496,0,131,3003,0,285,21,544,3,0.000,344,1,0.556,0.020,-0.260,-0.220,-0.440,-0.229,0.037,0.974,-0.016,-0.012,0.008,0.000,0.000,0.515,0.753,2,NULL,NULL,,1,0,3,7,255,,250,0,0
stim,1355,1355,0,1825734.693,0.588,-0.106,-0.054,0.800,3496,0,121,3015,0,287,21,549,3,0.000,344,1,0.615,0.016,-0.320,-0.160,-0.500,-0.231,0.038,0.974,-0.016,-0.002,-0.008,0.000,0.000,0.515,0.753,2,NULL,NULL,,1,0,3,7,255,,250,0,0
stim,1355,1355,0,1825739.693,0.588,-0.106,-0.054,0.800,3503,0,121,3015,0,293,21,547,3,0.000,344,1,0.511,0.004,-0.140,-0.220,-0.440,-0.231,0.038,0.975,-0.002,-0.004,-0.008,0.000,0.000,0.515,0.753,2,NULL,NULL,,1,0,3,7,255,,250,0,0
stim,1355,1355,0,1825744.693,0.588,-0.106,-0.054,0.800,3509,0,127,3016,0,287,20,543,3,0.000,344,1,0.442,0.004,-0.200,-0.160,-0.360,-0.230,0.035,0.975,-0.002,-0.004,-0.002,0.000,0.000,0.515,0.753,2,NULL,NULL,,1,0,3,7,255,,250,0,0
stim,1355,1355,0,1825749.693,0.588,-0.106,-0.054,0.800,3501,0,139,3006,0,288,21,547,3,0.000,344,1,0.332,0.027,-0.140,0.020,-0.300,-0.229,0.033,0.977,-0.026,-0.006,0.000,0.000,0.000,0.515,0.753,2,NULL,NULL,,1,0,3,7,255,,250,0,0
stim,1355,1355,0,1825754.693,0.588,-0.106,-0.054,0.800,3498,0,139,3001,0,293,21,543,3,0.000,344,1,0.317,0.031,0.100,0.020,-0.300,-0.229,0.037,0.977,-0.026,-0.016,0.012,0.000,0.000,0.515,0.753,2,NULL,NULL,,1,0,3,7,255,,250,0,0
stim,1355,1355,0,1825759.693,0.588,-0.106,-0.054,0.800,3501,0,137,3003,0,288,22,541,3,0.000,344,1,0.326,0.021,0.220,0.020,-0.240,-0.232,0.042,0.973,-0.014,-0.016,0.012,0.000,0.000,0.515,0.753,2,NULL,NULL,,1,0,3,7,255,,250,0,0
stim,1355,1355,0,1825764.695,0.588,-0.106,-0.054,0.800,3511,0,135,3002,0,286,21,539,3,0.000,344,1,0.182,0.008,-0.020,0.020,-0.180,-0.231,0.038,0.973,0.002,-0.008,-0.010,0.000,0.000,0.515,0.753,2,NULL,NULL,,1,0,3,7,255,,250,0,0
stim,1371,1371,0,1825769.694,0.588,-0.106,-0.054,0.800,3516,0,128,3013,0,292,22,522,3,0.000,344,1,0.272,0.003,-0.260,0.080,0.000,-0.230,0.030,0.977,0.002,0.002,-0.010,0.000,0.000,0.515,0.753,2,NULL,NULL,,1,0,3,7,255,,250,0,0
stim,1371,1371,0,1825774.693,0.588,-0.106,-0.054,0.800,3504,0,123,3003,0,294,21,543,3,0.000,344,1,0.242,0.072,0.220,0.080,-0.060,-0.230,0.030,0.979,-0.072,0.002,0.018,0.000,0.000,0.515,0.753,2,NULL,NULL,,1,0,3,7,255,,250,0,0
stim,1371,1371,0,1825779.693,0.588,-0.106,-0.054,0.800,3515,0,133,3019,0,296,23,541,3,0.000,344,1,0.677,0.072,0.660,0.140,-0.060,-0.229,0.039,0.975,-0.072,0.002,0.018,0.000,0.000,0.515,0.753,2,NULL,NULL,,1,0,3,7,255,,250,0,0
stim,1371,1371,0,1825784.693,0.588,-0.106,-0.054,0.800,3509,0,133,3007,0,288,21,542,3,0.000,344,1,0.261,0.025,0.220,0.140,0.000,-0.229,0.042,0.971,0.006,-0.024,0.000,0.000,0.000,0.515,0.753,2,NULL,NULL,,1,0,3,7,255,,250,0,0
stim,1371,1371,0,1825789.693,0.588,-0.106,-0.054,0.800,3511,0,131,3017,0,288,19,547,3,0.000,344,1,0.289,0.026,-0.200,0.200,0.060,-0.231,0.039,0.975,0.010,-0.024,0.000,0.000,0.000,0.515,0.753,2,NULL,NULL,,1,0,3,7,255,,250,0,0
stim,1387,1387,0,1825794.693,0.588,-0.106,-0.054,0.800,3513,0,126,3013,0,295,22,547,3,0.000,344,1,0.210,0.014,-0.020,0.200,0.060,-0.232,0.033,0.977,0.010,-0.010,0.004,0.000,0.000,0.515,0.753,2,NULL,NULL,,1,0,3,7,255,,250,0,0
stim,1387,1387,0,1825799.693,0.588,-0.106,-0.054,0.800,3525,0,141,3019,0,298,20,542,3,0.000,344,1,0.361,0.042,0.220,0.260,0.120,-0.230,0.033,0.976,-0.042,0.000,0.010,0.000,0.000,0.515,0.753,2,NULL,NULL,,1,0,3,7,255,,250,0,0
stim,1387,1387,0,1825804.693,0.588,-0.106,-0.054,0.800,3509,0,137,3021,45,296,22,543,3,0.000,344,1,0.422,0.042,0.280,0.260,0.180,-0.231,0.038,0.974,-0.042,0.000,0.010,0.000,0.000,0.515,0.753,2,NULL,NULL,,1,0,3,7,255,,250,0,0
stim,1387,1387,0,1825809.693,0.588,-0.106,-0.054,0.800,3511,0,136,3016,0,297,21,545,3,0.000,344,1,0.368,0.004,0.100,0.260,0.240,-0.231,0.038,0.973,0.004,-0.002,-0.004,0.000,0.000,0.515,0.753,2,NULL,NULL,,1,0,3,7,255,,250,0,0
stim,1387,1387,0,1825814.695,0.588,-0.106,-0.054,0.800,3515,0,135,3017,0,299,21,547,3,0.000,344,1,0.482,0.004,-0.020,0.320,0.360,-0.230,0.035,0.976,0.004,-0.002,-0.004,0.000,0.000,0.515,0.753,2,NULL,NULL,,1,0,3,7,255,,250,0,0
stim,1435,1435,0,1825819.695,0.588,-0.106,-0.054,0.800,3529,0,133,3021,0,297,21,549,3,0.000,344,1,0.608,0.028,0.220,0.380,0.420,-0.230,0.033,0.976,-0.028,-0.002,0.010,0.000,0.000,0.515,0.753,2,NULL,NULL,,1,0,3,7,255,,250,0,0
stim,1435,1435,0,1825824.693,0.588,-0.106,-0.054,0.800,3527,0,133,3023,0,297,22,551,3,0.000,344,1,0.744,0.029,0.360,0.440,0.480,-0.230,0.036,0.976,-0.028,-0.008,0.010,0.000,0.000,0.515,0.753,2,NULL,NULL,,1,0,3,7,255,,250,0,0
stim,1435,1435,0,1825829.693,0.588,-0.106,-0.054,0.800,3513,0,136,3006,0,295,22,544,3,0.000,344,1,0.847,0.018,0.420,0.500,0.540,-0.231,0.038,0.973,-0.018,-0.002,0.010,0.000,0.000,0.515,0.753,2,NULL,NULL,,1,0,3,7,255,,250,0,0
stim,1435,1435,0,1825834.693,0.588,-0.106,-0.054,0.800,3516,0,131,3019,0,297,22,545,3,0.000,344,1,0.926,0.016,0.300,0.500,0.720,-0.229,0.036,0.974,-0.014,-0.008,-0.010,0.000,0.000,0.515,0.753,2,NULL,NULL,,1,0,3,7,255,,250,0,0
stim,1451,1451,0,1825839.693,0.588,-0.106,-0.054,0.800,3509,0,127,3008,0,299,21,542,3,0.000,344,1,1.074,0.017,0.360,0.620,0.800,-0.229,0.034,0.977,-0.014,-0.010,-0.010,0.000,0.000,0.515,0.753,2,NULL,NULL,,1,0,3,7,255,,250,0,0
stim,1451,1451,0,1825844.693,0.588,-0.106,-0.054,0.800,3509,0,141,3007,0,297,24,547,3,0.000,344,1,1.181,0.024,0.540,0.680,0.800,-0.230,0.035,0.977,-0.022,-0.010,0.012,0.000,0.000,0.515,0.753,2,NULL,NULL,,1,0,3,7,255,,250,0,0
stim,1451,1451,0,1825849.693,0.588,-0.106,-0.054,0.800,3515,0,141,3017,0,296,20,547,3,0.000,344,1,1.250,0.024,0.600,0.680,0.860,-0.230,0.036,0.976,-0.022,-0.010,0.012,0.000,0.000,0.515,0.753,2,NULL,NULL,,1,0,3,7,255,,250,0,0
stim,1451,1451,0,1825854.693,0.588,-0.106,-0.054,0.800,3517,0,141,3016,0,297,23,544,3,0.000,344,1,1.443,0.017,0.600,0.800,1.040,-0.230,0.036,0.977,-0.014,-0.010,0.016,0.000,0.000,0.515,0.753,2,NULL,NULL,,1,0,3,7,255,,250,0,0
stim,1451,1451,0,1825859.693,0.588,-0.106,-0.054,0.800,3523,0,139,3025,0,294,22,543,3,0.000,344,1,1.477,0.018,0.600,0.860,1.040,-0.229,0.036,0.976,-0.014,-0.012,0.010,0.000,0.000,0.515,0.753,2,NULL,NULL,,1,0,3,7,255,,250,0,0
stim,1467,1467,0,1825864.695,0.588,-0.106,-0.054,0.800,3516,0,145,3019,0,297,22,544,3,0.000,344,1,1.599,0.026,0.780,0.860,1.100,-0.229,0.036,0.975,-0.022,-0.014,0.004,0.000,0.000,0.515,0.753,2,NULL,NULL,,1,0,3,7,255,,250,0,0
stim,1467,1467,0,1825869.694,0.588,-0.106,-0.054,0.800,3528,0,143,3027,0,297,22,549,3,0.000,344,1,1.733,0.026,0.900,0.920,1.160,-0.230,0.037,0.975,-0.022,-0.014,0.002,0.000,0.000,0.515,0.753,2,NULL,NULL,,1,0,3,7,255,,250,0,0
stim,1467,1467,0,1825874.693,0.588,-0.106,-0.054,0.800,3523,0,141,3019,0,295,20,543,3,0.000,344,1,1.857,0.013,0.900,1.000,1.280,-0.231,0.038,0.975,-0.010,-0.008,0.000,0.000,0.000,0.515,0.753,2,NULL,NULL,,1,0,3,7,255,,250,0,0
stim,1467,1467,0,1825879.693,0.588,-0.106,-0.054,0.800,3519,0,141,3027,0,296,21,541,3,0.000,344,1,1.973,0.006,0.900,1.060,1.400,-0.231,0.038,0.975,-0.002,-0.006,-0.002,0.000,0.000,0.515,0.753,2,NULL,NULL,,1,0,3,7,255,,250,0,0
stim,1467,1467,0,1825884.693,0.588,-0.106,-0.054,0.800,3516,0,145,3017,0,295,24,547,3,0.000,344,1,1.960,0.006,0.960,1.060,1.340,-0.230,0.037,0.974,-0.002,-0.006,-0.002,0.000,0.000,0.515,0.753,2,NULL,NULL,,1,0,3,7,255,,250,0,0
stim,1483,1483,0,1825889.693,0.588,-0.107,-0.054,0.800,3527,0,145,3031,0,295,22,545,3,0.000,344,1,2.024,0.008,1.140,1.000,1.340,-0.230,0.039,0.976,-0.002,-0.008,-0.002,0.000,0.000,0.515,0.753,2,NULL,NULL,,1,0,3,7,255,,250,0,0
stim,1483,1483,0,1825894.693,0.588,-0.107,-0.054,0.800,3527,0,147,3021,0,296,20,547,3,0.000,344,1,2.159,0.009,1.320,1.060,1.340,-0.231,0.039,0.975,0.004,-0.008,0.000,0.000,0.000,0.515,0.753,2,NULL,NULL,,1,0,3,7,255,,250,0,0
stim,1483,1483,0,1825899.693,0.588,-0.107,-0.054,0.800,3526,0,149,3029,0,293,22,539,3,0.000,344,1,2.197,0.007,1.320,1.060,1.400,-0.231,0.039,0.974,0.004,-0.006,0.000,0.000,0.000,0.515,0.753,2,NULL,NULL,,1,0,3,7,255,,250,0,0
stim,1483,1483,0,1825904.693,0.588,-0.107,-0.054,0.800,3537,0,143,3028,119,289,22,547,3,0.000,344,1,2.308,0.007,1.440,1.060,1.460,-0.232,0.040,0.976,0.004,-0.006,0.000,0.000,0.000,0.515,0.753,2,NULL,NULL,,1,0,3,7,255,,250,0,0
stim,1483,1483,0,1825909.693,0.588,-0.107,-0.054,0.800,3532,0,149,3035,0,288,21,542,3,0.000,344,1,2.488,0.015,1.620,1.120,1.520,-0.233,0.040,0.976,0.014,-0.004,0.010,0.000,0.000,0.515,0.753,2,NULL,NULL,,1,0,3,7,255,,250,0,0
stim,1483,1483,0,1825914.695,0.588,-0.107,-0.054,0.800,3532,0,151,3029,0,291,21,543,3,0.000,344,1,2.691,0.014,1.760,1.120,1.700,-0.232,0.038,0.976,0.014,-0.002,0.014,0.000,0.000,0.515,0.753,2,NULL,NULL,,1,0,3,7,255,,250,0,0
stim,1534,1534,0,1825919.694,0.588,-0.107,-0.054,0.800,3539,0,153,3037,151,293,24,547,3,0.000,344,1,2.768,0.012,1.820,1.120,1.760,-0.232,0.038,0.976,-0.012,0.000,0.014,0.000,0.000,0.515,0.753,2,NULL,NULL,,1,0,3,7,255,,250,0,0
stim,1534,1534,0,1825924.693,0.588,-0.107,-0.054,0.800,3546,0,155,3039,267,291,23,543,3,0.000,344,1,2.771,0.012,1.700,1.120,1.880,-0.234,0.038,0.976,-0.012,0.002,0.014,0.000,0.000,0.515,0.753,2,NULL,NULL,,1,0,3,7,255,,250,0,0
stim,1534,1534,0,1825929.693,0.588,-0.107,-0.054,0.800,3533,0,155,3031,163,285,13,541,3,0.000,344,1,2.795,0.016,1.640,1.060,2.000,-0.234,0.039,0.976,-0.010,0.012,0.014,0.000,0.000,0.515,0.753,2,NULL,NULL,,1,0,3,7,255,,250,0,0
stim,1534,1534,0,1825934.693,0.588,-0.107,-0.054,0.800,3539,0,153,3035,328,287,21,539,3,0.000,344,1,2.967,0.012,1.760,1.060,2.140,-0.232,0.040,0.976,-0.002,0.012,0.014,0.000,0.000,0.515,0.753,2,NULL,NULL,,1,0,3,7,255,,250,0,0
stim,1568,1568,0,1825939.693,0.589,-0.107,-0.054,0.800,3554,0,151,3031,0,287,22,541,3,0.000,344,1,2.888,0.004,1.700,1.060,2.080,-0.232,0.040,0.975,0.000,-0.004,0.012,0.000,0.000,0.515,0.753,2,NULL,NULL,,1,0,3,7,255,,250,0,0
stim,1568,1568,0,1825944.693,0.589,-0.107,-0.054,0.799,3544,0,152,3031,1641,281,24,536,3,0.000,344,1,2.888,0.008,1.700,1.060,2.080,-0.231,0.040,0.974,0.000,-0.008,0.000,0.000,0.000,0.515,0.753,2,NULL,NULL,,1,0,3,7,255,,250,0,0
stim,1568,1568,0,1825949.693,0.589,-0.107,-0.054,0.799,3545,0,157,3033,0,283,23,538,3,0.000,344,1,2.920,0.008,1.560,1.120,2.200,-0.234,0.040,0.975,0.000,-0.008,0.000,0.000,0.000,0.515,0.753,2,NULL,NULL,,1,0,3,7,255,,250,0,0
stim,1568,1568,0,1825954.693,0.589,-0.108,-0.054,0.799,3544,0,157,3041,0,283,21,534,3,0.000,344,1,2.999,0.010,1.440,1.120,2.380,-0.232,0.040,0.976,0.000,-0.010,0.006,0.000,0.000,0.515,0.753,2,NULL,NULL,,1,0,3,7,255,,250,0,0
stim,1568,1568,0,1825959.693,0.589,-0.108,-0.054,0.799,3539,0,159,3042,0,281,22,537,3,0.000,344,1,2.748,0.000,1.260,1.060,2.200,-0.233,0.041,0.974,0.000,0.000,0.006,0.000,0.000,0.515,0.753,2,NULL,NULL,,1,0,3,7,255,,250,0,0
stim,1568,1568,0,1825964.695,0.589,-0.108,-0.054,0.799,3543,0,155,3033,0,279,21,534,3,0.000,344,1,2.695,0.004,1.140,1.060,2.200,-0.234,0.041,0.975,0.004,0.000,0.006,0.000,0.000,0.515,0.753,2,NULL,NULL,,1,0,3,7,255,,250,0,0
stim,1568,1568,0,1825969.694,0.589,-0.108,-0.054,0.799,3551,0,157,3037,0,282,22,534,3,0.000,344,1,2.484,0.014,0.840,0.940,2.140,-0.235,0.042,0.975,0.010,0.010,0.006,0.000,0.000,0.515,0.753,2,NULL,NULL,,1,0,3,7,255,,250,0,0
stim,1568,1568,0,1825974.693,0.589,-0.108,-0.054,0.799,3543,0,156,3046,0,280,22,531,3,0.000,344,1,2.435,0.014,0.780,0.860,2.140,-0.235,0.041,0.975,0.010,0.010,0.008,0.000,0.000,0.515,0.753,2,NULL,NULL,,1,0,3,7,255,,250,0,0
stim,1570,1570,0,1825979.693,0.589,-0.108,-0.054,0.799,3549,0,157,3037,0,275,22,531,3,0.000,344,1,2.378,0.010,0.660,0.800,2.140,-0.233,0.040,0.974,0.002,0.010,0.008,0.000,0.000,0.515,0.753,2,NULL,NULL,,1,0,3,7,255,,250,0,0
stim,1570,1570,0,1825984.693,0.589,-0.108,-0.054,0.799,3545,0,157,3036,0,277,21,524,3,0.000,344,1,2.259,0.004,0.480,0.740,2.080,-0.234,0.044,0.973,0.002,0.004,0.000,0.000,0.000,0.515,0.753,2,NULL,NULL,,1,0,3,7,255,,250,0,0
stim,1570,1570,0,1825989.693,0.589,-0.108,-0.054,0.799,3541,0,157,3035,0,275,24,523,3,0.000,344,1,2.095,0.034,0.280,0.740,1.940,-0.234,0.044,0.974,0.034,0.002,-0.002,0.000,0.000,0.515,0.753,2,NULL,NULL,,1,0,3,7,255,,250,0,0
stim,1570,1570,0,1825994.693,0.589,-0.108,-0.054,0.799,3548,0,155,3032,86,271,23,520,3,0.000,344,1,2.049,0.034,0.220,0.620,1.940,-0.233,0.042,0.973,0.034,0.000,-0.006,0.000,0.000,0.515,0.753,2,NULL,NULL,,1,0,3,7,255,,250,0,0
stim,1570,1570,0,1825999.693,0.589,-0.108,-0.054,0.799,3553,0,155,3037,299,271,23,523,3,0.000,344,1,1.660,0.011,0.100,0.500,1.580,-0.232,0.042,0.973,0.010,-0.004,-0.014,0.000,0.000,0.515,0.753,2,NULL,NULL,,1,0,3,7,255,,250,0,0
stim,1570,1570,0,1826004.693,0.589,-0.108,-0.054,0.799,3533,0,153,3035,567,271,19,510,3,0.000,344,1,1.375,0.013,0.040,0.500,1.280,-0.231,0.044,0.972,0.010,-0.008,-0.016,0.000,0.000,0.515,0.753,2,NULL,NULL,,1,0,3,7,255,,250,0,0
stim,1579,1579,0,1826009.693,0.589,-0.108,-0.054,0.799,3544,0,152,3043,0,268,21,509,3,0.000,344,1,1.130,0.028,0.040,0.440,1.040,-0.233,0.048,0.972,0.024,-0.014,-0.020,0.000,0.000,0.515,0.753,2,NULL,NULL,,1,0,3,7,255,,250,0,0
stim,1579,1579,0,1826014.695,0.589,-0.108,-0.054,0.799,3546,0,152,3035,0,266,22,501,3,0.000,344,1,1.251,0.052,0.160,0.440,1.160,-0.233,0.046,0.972,0.050,-0.014,-0.020,0.000,0.000,0.515,0.753,2,NULL,NULL,,1,0,3,7,255,,250,0,0
stim,1600,1600,0,1826019.693,0.589,-0.108,-0.054,0.799,3491,0,152,3041,0,266,21,507,3,0.000,344,1,1.231,0.051,0.160,0.380,1.160,-0.231,0.040,0.973,0.050,-0.010,-0.018,0.000,0.000,0.515,0.753,2,NULL,NULL,,1,0,3,7,255,,250,0,0
stim,1600,1600,0,1826024.694,0.589,-0.108,-0.054,0.799,3555,0,151,3046,403,255,22,499,3,0.000,344,1,0.572,0.016,0.220,0.320,0.420,-0.230,0.041,0.972,-0.012,-0.010,-0.018,0.000,0.000,0.515,0.753,2,NULL,NULL,,1,0,3,7,255,,250,0,0
stim,1600,1600,0,1826029.693,0.589,-0.108,-0.054,0.799,3549,0,153,3043,0,254,22,494,3,0.000,344,1,0.525,0.016,0.340,0.320,0.240,-0.235,0.044,0.973,-0.012,-0.010,-0.018,0.000,0.000,0.515,0.753,2,NULL,NULL,,1,0,3,7,255,,250,0,0
stim,1600,1600,0,1826034.693,0.590,-0.108,-0.054,0.799,3531,0,153,3028,0,251,21,499,3,0.000,344,1,1.022,0.035,0.540,0.380,0.780,-0.235,0.044,0.974,0.034,0.006,-0.008,0.000,0.000,0.515,0.753,2,NULL,NULL,,1,0,3,7,255,,250,0,0
stim,1634,1634,0,1826039.693,0.590,-0.108,-0.053,0.799,3535,0,150,3032,0,254,21,493,3,0.000,344,1,1.055,0.035,0.600,0.380,0.780,-0.229,0.041,0.973,0.034,0.006,-0.008,0.000,0.000,0.515,0.753,2,NULL,NULL,,1,0,3,7,255,,250,0,0
stim,1634,1634,0,1826044.693,0.590,-0.108,-0.053,0.799,3535,0,153,3037,0,261,22,494,3,0.000,344,1,0.678,0.023,0.600,0.260,0.180,-0.230,0.040,0.972,-0.018,-0.014,-0.022,0.000,0.000,0.515,0.753,2,NULL,NULL,,1,0,3,7,255,,250,0,0
stim,1634,1634,0,1826049.693,0.590,-0.108,-0.053,0.799,3553,0,153,3027,0,263,25,494,3,0.000,344,1,0.632,0.023,0.600,0.200,0.000,-0.236,0.043,0.972,-0.018,-0.014,-0.022,0.000,0.000,0.515,0.753,2,NULL,NULL,,1,0,3,7,255,,250,0,0
stim,1634,1634,0,1826054.693,0.590,-0.108,-0.053,0.799,3549,0,154,3035,0,261,22,493,3,0.000,344,1,0.719,0.013,0.600,0.260,0.300,-0.234,0.042,0.974,0.012,0.006,-0.010,0.000,0.000,0.515,0.753,2,NULL,NULL,,1,0,3,7,255,,250,0,0
stim,1634,1634,0,1826059.693,0.590,-0.108,-0.053,0.799,3545,0,155,3035,0,255,21,492,3,0.000,344,1,0.678,0.013,0.600,0.260,0.180,-0.232,0.041,0.973,0.012,0.006,-0.010,0.000,0.000,0.515,0.753,2,NULL,NULL,,1,0,3,7,255,,250,0,0
stim,1644,1644,0,1826064.696,0.590,-0.108,-0.053,0.799,3547,0,152,3041,0,252,24,493,3,0.000,344,1,0.619,0.004,0.600,0.140,-0.060,-0.231,0.042,0.973,-0.004,0.000,-0.014,0.000,0.000,0.515,0.753,2,NULL,NULL,,1,0,3,7,255,,250,0,0
stim,1663,1663,0,1826069.695,0.590,-0.108,-0.053,0.799,3549,0,157,3046,217,261,24,501,3,0.000,344,1,0.555,0.004,0.480,0.140,-0.240,-0.234,0.042,0.973,-0.004,0.000,-0.014,0.000,0.000,0.515,0.753,2,NULL,NULL,,1,0,3,7,255,,250,0,0
stim,1663,1663,0,1826074.693,0.590,-0.108,-0.053,0.799,3545,0,160,3035,0,252,23,496,3,0.000,344,1,0.424,0.008,0.340,0.080,-0.240,-0.234,0.041,0.974,-0.002,0.008,-0.006,0.000,0.000,0.515,0.753,2,NULL,NULL,,1,0,3,7,255,,250,0,0
stim,1663,1663,0,1826079.693,0.590,-0.108,-0.053,0.799,3545,0,156,3041,0,255,23,499,3,0.000,344,1,0.413,0.008,0.160,0.020,-0.380,-0.234,0.042,0.974,0.002,0.008,0.000,0.000,0.000,0.515,0.753,2,NULL,NULL,,1,0,3,7,255,,250,0,0
stim,1663,1663,0,1826084.693,0.590,-0.108,-0.053,0.799,3559,0,157,3035,0,255,24,499,3,0.000,344,1,0.511,0.012,0.040,-0.100,-0.500,-0.234,0.042,0.975,0.002,0.012,0.004,0.000,0.000,0.515,0.753,2,NULL,NULL,,1,0,3,7,255,,250,0,0
stim,1663,1663,0,1826089.693,0.590,-0.108,-0.053,0.799,3548,0,159,3043,0,253,22,496,3,0.000,344,1,0.618,0.008,-0.140,-0.220,-0.560,-0.233,0.042,0.974,0.002,0.008,0.004,0.000,0.000,0.515,0.753,2,NULL,NULL,,1,0,3,7,255,,250,0,0
stim,1663,1663,0,1826094.693,0.590,-0.108,-0.053,0.799,3533,0,157,3033,0,258,23,503,3,0.000,344,1,0.883,0.007,-0.320,-0.360,-0.740,-0.233,0.042,0.973,0.006,0.004,0.002,0.000,0.000,0.515,0.753,2,NULL,NULL,,1,0,3,7,255,,250,0,0
stim,1675,1675,0,1826099.693,0.589,-0.108,-0.053,0.799,3541,0,159,3033,0,252,23,500,3,0.000,344,1,1.178,0.007,-0.500,-0.420,-0.980,-0.234,0.041,0.973,0.006,0.004,-0.006,0.000,0.000,0.515,0.753,2,NULL,NULL,,1,0,3,7,255,,250,0,0
stim,1675,1675,0,1826104.693,0.589,-0.108,-0.053,0.799,3531,0,167,3031,0,253,25,501,3,0.000,344,1,1.400,0.006,-0.620,-0.480,-1.160,-0.232,0.042,0.973,0.004,0.004,-0.006,0.000,0.000,0.515,0.753,2,NULL,NULL,,1,0,3,7,255,,250,0,0
stim,1675,1675,0,1826109.693,0.589,-0.108,-0.053,0.799,3536,0,159,3029,0,261,23,502,3,0.000,344,1,1.596,0.002,-0.740,-0.600,-1.280,-0.232,0.041,0.973,-0.002,0.000,-0.010,0.000,0.000,0.515,0.753,2,NULL,NULL,,1,0,3,7,255,,250,0,0
stim,1675,1675,0,1826114.695,0.589,-0.108,-0.053,0.799,3533,0,159,3029,0,261,23,503,3,0.000,344,1,1.790,0.008,-0.940,-0.600,-1.400,-0.233,0.039,0.975,-0.008,0.000,-0.010,0.000,0.000,0.515,0.753,2,NULL,NULL,,1,0,3,7,255,,250,0,0
stim,1739,1739,0,1826119.694,0.589,-0.108,-0.053,0.799,3543,0,160,3027,0,261,22,504,3,0.000,344,1,1.921,0.024,-1.060,-0.660,-1.460,-0.231,0.038,0.973,-0.024,0.000,-0.012,0.000,0.000,0.515,0.753,2,NULL,NULL,,1,0,3,7,255,,250,0,0
stim,1739,1739,0,1826124.693,0.589,-0.108,-0.053,0.799,3547,0,163,3037,0,266,24,508,3,0.000,344,1,1.910,0.034,-1.000,-0.720,-1.460,-0.234,0.037,0.974,-0.032,0.012,-0.002,0.000,0.000,0.515,0.753,2,NULL,NULL,,1,0,3,7,255,,250,0,0
stim,1739,1739,0,1826129.693,0.589,-0.108,-0.054,0.799,3544,0,159,3029,557,263,18,508,3,0.000,344,1,2.020,0.032,-1.000,-0.720,-1.600,-0.232,0.038,0.974,-0.032,0.000,-0.002,0.000,0.000,0.515,0.753,2,NULL,NULL,,1,0,3,7,255,,250,0,0
stim,1755,1755,0,1826134.693,0.589,-0.108,-0.054,0.799,3533,0,160,3035,0,267,24,507,3,0.000,344,1,2.030,0.028,-1.060,-0.660,-1.600,-0.231,0.040,0.973,-0.028,0.000,-0.002,0.000,0.000,0.515,0.753,2,NULL,NULL,,1,0,3,7,255,,250,0,0
stim,1755,1755,0,1826139.693,0.589,-0.108,-0.054,0.799,3539,0,163,3025,0,267,22,519,3,0.000,344,1,2.141,0.020,-1.180,-0.660,-1.660,-0.232,0.039,0.974,-0.020,0.000,-0.006,0.000,0.000,0.515,0.753,2,NULL,NULL,,1,0,3,7,255,,250,0,0
stim,1755,1755,0,1826144.693,0.589,-0.107,-0.054,0.799,3539,0,158,3027,0,267,24,511,3,0.000,344,1,2.141,0.020,-1.180,-0.660,-1.660,-0.231,0.039,0.973,-0.020,-0.002,-0.012,0.000,0.000,0.515,0.753,2,NULL,NULL,,1,0,3,7,255,,250,0,0
stim,1755,1755,0,1826149.693,0.589,-0.107,-0.054,0.799,3532,0,157,3031,0,265,23,520,3,0.000,344,1,2.255,0.020,-1.300,-0.660,-1.720,-0.231,0.040,0.974,-0.020,-0.002,-0.006,0.000,0.000,0.515,0.753,2,NULL,NULL,,1,0,3,7,255,,250,0,0
stim,1755,1755,0,1826154.693,0.589,-0.107,-0.054,0.799,3530,0,157,3019,0,269,23,523,3,0.000,344,1,2.348,0.010,-1.300,-0.660,-1.840,-0.231,0.040,0.974,-0.008,-0.006,-0.006,0.000,0.000,0.515,0.753,2,NULL,NULL,,1,0,3,7,255,,250,0,0
stim,1755,1755,0,1826159.693,0.589,-0.107,-0.054,0.799,3534,0,155,3021,199,264,25,523,3,0.000,344,1,2.462,0.009,-1.420,-0.660,-1.900,-0.231,0.042,0.973,-0.004,-0.008,-0.006,0.000,0.000,0.515,0.753,2,NULL,NULL,,1,0,3,7,255,,250,0,0
stim,1755,1755,0,1826164.695,0.589,-0.107,-0.054,0.799,3539,0,157,3029,0,269,23,529,3,0.000,344,1,2.462,0.016,-1.420,-0.660,-1.900,-0.230,0.040,0.973,-0.002,-0.016,-0.012,0.000,0.000,0.515,0.753,2,NULL,NULL,,1,0,3,7,255,,250,0,0
stim,1771,1771,0,1826169.694,0.589,-0.107,-0.054,0.799,3541,0,155,3031,0,269,22,531,3,0.000,344,1,2.670,0.018,-1.480,-0.600,-2.140,-0.229,0.039,0.974,-0.002,-0.018,-0.012,0.000,0.000,0.515,0.753,2,NULL,NULL,,1,0,3,7,255,,250,0,0
stim,1771,1771,0,1826174.693,0.589,-0.107,-0.054,0.799,3542,0,157,3029,0,271,24,531,3,0.000,344,1,2.911,0.018,-1.540,-0.660,-2.380,-0.231,0.040,0.974,-0.002,-0.018,-0.012,0.000,0.000,0.515,0.753,2,NULL,NULL,,1,0,3,7,255,,250,0,0
stim,1771,1771,0,1826179.693,0.589,-0.107,-0.054,0.799,3531,0,153,3029,0,268,21,521,3,0.000,344,1,2.862,0.011,-1.540,-0.660,-2.320,-0.234,0.041,0.975,0.004,-0.010,-0.008,0.000,0.000,0.515,0.753,2,NULL,NULL,,1,0,3,7,255,,250,0,0
stim,1771,1771,0,1826184.693,0.589,-0.107,-0.054,0.800,3531,0,156,3025,0,274,25,530,3,0.000,344,1,2.814,0.011,-1.600,-0.720,-2.200,-0.233,0.038,0.975,0.004,0.010,0.006,0.000,0.000,0.515,0.753,2,NULL,NULL,,1,0,3,7,255,,250,0,0
stim,1771,1771,0,1826189.693,0.589,-0.107,-0.054,0.800,3520,0,155,3017,0,270,23,533,3,0.000,344,1,2.767,0.013,-1.600,-0.720,-2.140,-0.231,0.036,0.975,-0.008,0.010,0.006,0.000,0.000,0.515,0.753,2,NULL,NULL,,1,0,3,7,255,,250,0,0
stim,1771,1771,0,1826194.693,0.588,-0.107,-0.054,0.800,3524,0,151,3016,0,271,24,531,3,0.000,344,1,2.976,0.008,-1.660,-0.660,-2.380,-0.231,0.038,0.973,-0.008,-0.002,0.004,0.000,0.000,0.515,0.753,2,NULL,NULL,,1,0,3,7,255,,250,0,0
stim,1771,1771,0,1826199.693,0.588,-0.107,-0.054,0.800,3533,0,151,3008,231,269,21,535,3,0.000,344,1,2.990,0.006,-1.660,-0.720,-2.380,-0.232,0.039,0.975,-0.006,-0.002,0.004,0.000,0.000,0.515,0.753,2,NULL,NULL,,1,0,3,7,255,,250,0,0
stim,1771,1771,0,1826204.693,0.588,-0.107,-0.054,0.800,3526,0,151,3005,0,277,22,535,3,0.000,344,1,2.814,0.006,-1.600,-0.720,-2.200,-0.232,0.041,0.975,0.006,-0.002,0.004,0.000,0.000,0.515,0.753,2,NULL,NULL,,1,0,3,7,255,,250,0,0
stim,1771,1771,0,1826209.693,0.588,-0.107,-0.054,0.800,3529,0,149,3011,0,274,24,533,3,0.000,344,1,2.494,0.008,-1.420,-0.600,-1.960,-0.230,0.038,0.974,0.006,-0.006,0.004,0.000,0.000,0.515,0.753,2,NULL,NULL,,1,0,3,7,255,,250,0,0
stim,1771,1771,0,1826214.696,0.588,-0.106,-0.054,0.800,3541,0,151,3019,375,278,24,535,3,0.000,344,1,2.620,0.015,-1.360,-0.660,-2.140,-0.229,0.036,0.975,-0.004,-0.014,-0.004,0.000,0.000,0.515,0.753,2,NULL,NULL,,1,0,3,7,255,,250,0,0
stim,1836,1836,0,1826219.694,0.588,-0.106,-0.054,0.800,3542,0,149,3021,0,282,25,539,3,0.000,344,1,2.749,0.028,-1.420,-0.660,-2.260,-0.230,0.036,0.974,-0.024,-0.014,-0.006,0.000,0.000,0.515,0.753,2,NULL,NULL,,1,0,3,7,255,,250,0,0
stim,1836,1836,0,1826224.693,0.588,-0.106,-0.054,0.800,3533,0,149,3007,227,282,25,539,3,0.000,344,1,2.413,0.025,-1.300,-0.540,-1.960,-0.232,0.039,0.975,-0.024,-0.006,-0.004,0.000,0.000,0.515,0.753,2,NULL,NULL,,1,0,3,7,255,,250,0,0
stim,1836,1836,0,1826229.693,0.588,-0.106,-0.054,0.800,3528,0,144,3017,404,282,23,537,3,0.000,344,1,2.011,0.006,-1.120,-0.480,-1.600,-0.232,0.038,0.976,0.006,0.000,0.008,0.000,0.000,0.515,0.753,2,NULL,NULL,,1,0,3,7,255,,250,0,0
stim,1836,1836,0,1826234.693,0.588,-0.106,-0.054,0.800,3533,0,143,3007,206,279,21,539,3,0.000,344,1,1.834,0.006,-1.000,-0.480,-1.460,-0.231,0.035,0.976,0.006,0.000,0.014,0.000,0.000,0.515,0.753,2,NULL,NULL,,1,0,3,7,255,,250,0,0
stim,1836,1836,0,1826239.693,0.588,-0.106,-0.054,0.800,3543,0,149,3016,0,283,23,540,3,0.000,344,1,1.771,0.022,-0.880,-0.480,-1.460,-0.231,0.035,0.975,-0.022,0.000,0.014,0.000,0.000,0.515,0.753,2,NULL,NULL,,1,0,3,7,255,,250,0,0
stim,1836,1836,0,1826244.693,0.588,-0.106,-0.054,0.800,3528,0,147,3017,4,281,23,545,3,0.000,344,1,1.450,0.022,-0.620,-0.480,-1.220,-0.232,0.039,0.975,-0.022,0.000,0.004,0.000,0.000,0.515,0.753,2,NULL,NULL,,1,0,3,7,255,,250,0,0
stim,1836,1836,0,1826249.693,0.588,-0.106,-0.054,0.800,3527,0,137,3005,0,282,23,541,3,0.000,344,1,1.204,0.012,-0.560,-0.420,-0.980,-0.231,0.039,0.975,0.012,0.000,0.004,0.000,0.000,0.515,0.753,2,NULL,NULL,,1,0,3,7,255,,250,0,0
stim,1836,1836,0,1826254.693,0.588,-0.106,-0.054,0.800,3539,0,147,3015,391,282,24,537,3,0.000,344,1,1.265,0.013,-0.680,-0.420,-0.980,-0.230,0.036,0.975,0.012,-0.006,0.004,0.000,0.000,0.515,0.753,2,NULL,NULL,,1,0,3,7,255,,250,0,0
stim,1851,1851,0,1826259.693,0.588,-0.106,-0.054,0.800,3530,0,137,3003,5,285,23,537,3,0.000,344,1,1.355,0.015,-0.560,-0.420,-1.160,-0.231,0.035,0.977,-0.014,-0.006,0.006,0.000,0.000,0.515,0.753,2,NULL,NULL,,1,0,3,7,255,,250,0,0
stim,1851,1851,0,1826264.694,0.588,-0.106,-0.054,0.800,3537,0,124,3015,311,285,21,539,3,0.000,344,1,1.007,0.014,-0.380,-0.360,-0.860,-0.232,0.037,0.977,-0.014,0.000,0.020,0.000,0.000,0.515,0.753,2,NULL,NULL,,1,0,3,7,255,,250,0,0
stim,1869,1869,0,1826269.694,0.588,-0.106,-0.054,0.800,3541,0,133,3019,403,291,22,544,3,0.000,344,1,0.732,0.016,-0.380,-0.280,-0.560,-0.229,0.036,0.976,-0.016,0.000,0.020,0.000,0.000,0.515,0.753,2,NULL,NULL,,1,0,3,7,255,,250,0,0
stim,1869,1869,0,1826274.693,0.588,-0.106,-0.054,0.800,3543,0,147,3020,0,293,25,542,3,0.000,344,1,1.050,0.020,-0.620,-0.280,-0.800,-0.229,0.039,0.976,0.000,-0.020,0.006,0.000,0.000,0.515,0.753,2,NULL,NULL,,1,0,3,7,255,,250,0,0
stim,1869,1869,0,1826279.693,0.588,-0.106,-0.054,0.800,3537,0,137,3014,0,293,20,543,3,0.000,344,1,0.857,0.021,-0.440,-0.280,-0.680,-0.232,0.038,0.977,0.006,-0.020,0.006,0.000,0.000,0.515,0.753,2,NULL,NULL,,1,0,3,7,255,,250,0,0
stim,1882,1882,0,1826284.693,0.588,-0.106,-0.054,0.800,3539,0,126,3017,0,293,24,540,3,0.000,344,1,0.622,0.006,-0.440,-0.220,-0.380,-0.231,0.035,0.976,0.006,0.002,0.012,0.000,0.000,0.515,0.753,2,NULL,NULL,,1,0,3,7,255,,250,0,0
stim,1882,1882,0,1826289.693,0.588,-0.106,-0.054,0.800,3528,0,140,3017,0,294,24,543,3,0.000,344,1,0.577,0.024,-0.500,-0.160,-0.240,-0.228,0.034,0.976,-0.024,0.002,0.012,0.000,0.000,0.515,0.753,2,NULL,NULL,,1,0,3,7,255,,250,0,0
stim,1882,1882,0,1826294.693,0.588,-0.106,-0.054,0.800,3529,0,136,3006,0,296,24,543,3,0.000,344,1,0.486,0.033,-0.380,-0.040,-0.300,-0.227,0.037,0.977,-0.024,-0.022,0.008,0.000,0.000,0.515,0.753,2,NULL,NULL,,1,0,3,7,255,,250,0,0
stim,1882,1882,0,1826299.693,0.588,-0.106,-0.054,0.800,3528,0,136,3017,0,297,24,544,3,0.000,344,1,0.485,0.027,-0.200,-0.040,-0.440,-0.230,0.038,0.975,-0.016,-0.022,0.006,0.000,0.000,0.515,0.753,2,NULL,NULL,,1,0,3,7,255,,250,0,0
stim,1882,1882,0,1826304.693,0.588,-0.106,-0.054,0.800,3527,0,141,3015,313,296,24,543,3,0.000,344,1,0.356,0.010,-0.260,-0.040,-0.240,-0.231,0.036,0.975,-0.006,-0.008,0.004,0.000,0.000,0.515,0.753,2,NULL,NULL,,1,0,3,7,255,,250,0,0
stim,1882,1882,0,1826309.693,0.588,-0.106,-0.054,0.800,3528,0,137,3007,0,295,26,549,3,0.000,344,1,0.335,0.007,-0.320,0.080,0.060,-0.229,0.033,0.976,-0.006,-0.004,0.004,0.000,0.000,0.515,0.753,2,NULL,NULL,,1,0,3,7,255,,250,0,0
stim,1882,1882,0,1826314.695,0.588,-0.106,-0.054,0.800,3520,0,137,3015,0,297,25,548,3,0.000,344,1,0.242,0.040,-0.080,0.140,0.180,-0.228,0.032,0.977,-0.040,-0.004,0.004,0.000,0.000,0.515,0.753,2,NULL,NULL,,1,0,3,7,255,,250,0,0
stim,1900,1900,0,1826319.653,0.588,-0.106,-0.054,0.800,3541,0,103,3023,619,298,24,550,3,0.000,344,1,0.422,0.042,0.280,0.260,0.180,-0.229,0.036,0.976,-0.040,-0.014,0.004,0.000,0.000,0.515,0.753,2,NULL,NULL,,1,0,3,7,255,,250,0,0
stim,1900,1900,0,1826324.654,0.588,-0.106,-0.054,0.800,3543,0,145,3021,0,296,23,552,3,0.000,344,1,0.520,0.023,0.280,0.320,0.300,-0.229,0.036,0.974,-0.018,-0.014,0.002,0.000,0.000,0.515,0.753,2,NULL,NULL,,1,0,3,7,255,,250,0,0
stim,1934,1934,0,1826329.653,0.588,-0.106,-0.054,0.800,3531,0,123,3019,189,296,21,553,3,0.000,344,1,0.659,0.021,0.100,0.440,0.480,-0.229,0.035,0.975,-0.018,-0.010,-0.002,0.000,0.000,0.515,0.753,2,NULL,NULL,,1,0,3,7,255,,250,0,0
stim,1934,1934,0,1826334.653,0.588,-0.106,-0.054,0.800,3530,0,137,3015,0,297,21,551,3,0.000,344,1,0.875,0.025,0.400,0.560,0.540,-0.229,0.033,0.976,-0.024,-0.008,-0.002,0.000,0.000,0.515,0.753,2,NULL,NULL,,1,0,3,7,255,,250,0,0
stim,1934,1934,0,1826339.653,0.588,-0.106,-0.054,0.800,3531,0,141,3021,0,299,24,551,3,0.000,344,1,1.051,0.032,0.600,0.620,0.600,-0.229,0.034,0.975,-0.032,-0.004,0.000,0.000,0.000,0.515,0.753,2,NULL,NULL,,1,0,3,7,255,,250,0,0
stim,1934,1934,0,1826344.653,0.588,-0.106,-0.054,0.800,3535,0,140,3014,0,299,21,544,3,0.000,344,1,1.225,0.032,0.660,0.740,0.720,-0.229,0.035,0.975,-0.032,-0.004,0.000,0.000,0.000,0.515,0.753,2,NULL,NULL,,1,0,3,7,255,,250,0,0
stim,1934,1934,0,1826349.653,0.588,-0.106,-0.054,0.800,3531,0,136,3019,0,299,22,551,3,0.000,344,1,1.434,0.025,0.660,0.880,0.920,-0.229,0.036,0.974,-0.024,-0.006,-0.002,0.000,0.000,0.515,0.753,2,NULL,NULL,,1,0,3,7,255,,250,0,0
stim,1934,1934,0,1826354.653,0.588,-0.106,-0.054,0.800,3540,0,135,3021,0,299,24,552,3,0.000,344,1,1.604,0.025,0.780,0.940,1.040,-0.229,0.035,0.974,-0.024,-0.008,-0.010,0.000,0.000,0.515,0.753,2,NULL,NULL,,1,0,3,7,255,,250,0,0
stim,1948,1948,0,1826359.653,0.588,-0.106,-0.054,0.800,3533,0,138,3025,0,297,20,551,3,0.000,344,1,1.768,0.016,0.960,1.060,1.040,-0.229,0.038,0.974,-0.014,-0.008,-0.010,0.000,0.000,0.515,0.753,2,NULL,NULL,,1,0,3,7,255,,250,0,0
stim,1948,1948,0,1826364.655,0.588,-0.106,-0.054,0.800,3547,0,147,3030,0,299,23,553,3,0.000,344,1,1.872,0.012,1.020,1.120,1.100,-0.230,0.039,0.975,0.002,-0.012,-0.008,0.000,0.000,0.515,0.753,2,NULL,NULL,,1,0,3,7,255,,250,0,0
stim,1965,1965,0,1826369.654,0.588,-0.106,-0.054,0.800,3547,0,147,3031,0,299,24,553,3,0.000,344,1,1.913,0.017,0.960,1.180,1.160,-0.230,0.039,0.974,0.012,-0.012,-0.006,0.000,0.000,0.515,0.753,2,NULL,NULL,,1,0,3,7,255,,250,0,0
stim,1965,1965,0,1826374.653,0.588,-0.106,-0.054,0.800,3537,0,145,3023,0,299,22,551,3,0.000,344,1,1.951,0.013,0.960,1.240,1.160,-0.231,0.038,0.975,0.012,-0.006,-0.002,0.000,0.000,0.515,0.753,2,NULL,NULL,,1,0,3,7,255,,250,0,0
stim,1965,1965,0,1826379.653,0.588,-0.106,-0.054,0.800,3533,0,149,3022,0,297,23,550,3,0.000,344,1,2.048,0.007,1.080,1.240,1.220,-0.231,0.037,0.975,0.006,-0.004,0.004,0.000,0.000,0.515,0.753,2,NULL,NULL,,1,0,3,7,255,,250,0,0
stim,1965,1965,0,1826384.653,0.588,-0.106,-0.054,0.800,3547,0,154,3034,0,297,24,551,3,0.000,344,1,2.116,0.007,1.140,1.240,1.280,-0.233,0.038,0.975,0.006,0.004,0.006,0.000,0.000,0.515,0.753,2,NULL,NULL,,1,0,3,7,255,,250,0,0
stim,1965,1965,0,1826389.653,0.588,-0.106,-0.054,0.800,3550,0,153,3023,0,296,22,551,3,0.000,344,1,2.185,0.012,1.200,1.240,1.340,-0.232,0.039,0.975,0.010,0.006,0.006,0.000,0.000,0.515,0.753,2,NULL,NULL,,1,0,3,7,255,,250,0,0
stim,1978,1978,0,1826394.653,0.588,-0.107,-0.054,0.800,3553,0,152,3023,0,299,24,544,3,0.000,344,1,2.269,0.020,1.140,1.240,1.520,-0.233,0.039,0.976,0.016,0.012,0.008,0.000,0.000,0.515,0.753,2,NULL,NULL,,1,0,3,7,255,,250,0,0
stim,1978,1978,0,1826399.653,0.588,-0.107,-0.054,0.800,3548,0,153,3037,0,297,21,551,3,0.000,344,1,2.320,0.020,1.140,1.180,1.640,-0.233,0.038,0.975,0.016,0.012,0.004,0.000,0.000,0.515,0.753,2,NULL,NULL,,1,0,3,7,255,,250,0,0
stim,1978,1978,0,1826404.653,0.588,-0.107,-0.054,0.800,3556,0,148,3041,0,297,24,544,3,0.000,344,1,2.363,0.014,1.200,1.120,1.700,-0.233,0.036,0.976,0.000,0.014,0.014,0.000,0.000,0.515,0.753,2,NULL,NULL,,1,0,3,7,255,,250,0,0
stim,1979,1979,0,1826409.653,0.588,-0.107,-0.054,0.800,3550,0,155,3041,0,298,25,544,3,0.000,344,1,2.512,0.016,1.320,1.120,1.820,-0.234,0.038,0.976,0.000,0.016,0.018,0.000,0.000,0.515,0.753,2,NULL,NULL,,1,0,3,7,255,,250,0,0
stim,1979,1979,0,1826414.655,0.588,-0.107,-0.054,0.800,3541,0,153,3035,0,293,23,549,3,0.000,344,1,2.677,0.016,1.260,1.120,2.080,-0.233,0.039,0.976,0.002,0.016,0.018,0.000,0.000,0.515,0.753,2,NULL,NULL,,1,0,3,7,255,,250,0,0
stim,2027,2027,0,1826419.654,0.588,-0.107,-0.054,0.800,3546,0,151,3023,0,295,24,543,3,0.000,344,1,2.818,0.006,1.200,1.180,2.260,-0.231,0.037,0.976,0.002,0.006,0.012,0.000,0.000,0.515,0.753,2,NULL,NULL,,1,0,3,7,255,,250,0,0
stim,2027,2027,0,1826424.653,0.588,-0.107,-0.054,0.800,3555,0,156,3039,0,295,24,555,3,0.000,344,1,2.626,0.007,0.960,1.180,2.140,-0.233,0.040,0.974,0.004,0.006,0.008,0.000,0.000,0.515,0.753,2,NULL,NULL,,1,0,3,7,255,,250,0,0
stim,2060,2060,0,1826429.653,0.589,-0.107,-0.054,0.800,3555,0,151,3031,0,291,22,545,3,0.000,344,1,2.649,0.013,0.960,1.120,2.200,-0.235,0.042,0.974,0.012,0.006,0.000,0.000,0.000,0.515,0.753,2,NULL,NULL,,1,0,3,7,255,,250,0,0
stim,2060,2060,0,1826434.653,0.589,-0.107,-0.054,0.799,3547,0,153,3045,0,288,24,543,3,0.000,344,1,2.813,0.041,0.840,1.120,2.440,-0.236,0.044,0.976,0.038,0.016,0.000,0.000,0.000,0.515,0.753,2,NULL,NULL,,1,0,3,7,255,,250,0,0
stim,2060,2060,0,1826439.653,0.589,-0.107,-0.054,0.799,3547,0,155,3043,0,287,23,536,3,0.000,344,1,2.948,0.041,0.840,1.060,2.620,-0.234,0.041,0.974,0.038,0.016,0.002,0.000,0.000,0.515,0.753,2,NULL,NULL,,1,0,3,7,255,,250,0,0
stim,2060,2060,0,1826444.653,0.589,-0.107,-0.054,0.799,3549,0,154,3045,0,287,21,536,3,0.000,344,1,2.718,0.024,0.660,1.000,2.440,-0.231,0.041,0.973,0.022,0.010,0.002,0.000,0.000,0.515,0.753,2,NULL,NULL,,1,0,3,7,255,,250,0,0
stim,2060,2060,0,1826449.653,0.589,-0.107,-0.054,0.799,3545,0,155,3044,0,289,23,533,3,0.000,344,1,2.403,0.018,0.400,0.880,2.200,-0.232,0.041,0.972,0.018,0.000,-0.012,0.000,0.000,0.515,0.753,2,NULL,NULL,,1,0,3,7,255,,250,0,0
stim,2060,2060,0,1826454.653,0.589,-0.107,-0.054,0.799,3544,0,155,3047,0,283,25,531,3,0.000,344,1,2.253,0.018,0.280,0.820,2.080,-0.234,0.041,0.973,0.018,0.000,-0.012,0.000,0.000,0.515,0.753,2,NULL,NULL,,1,0,3,7,255,,250,0,0
stim,2060,2060,0,1826459.653,0.589,-0.107,-0.054,0.799,3551,0,156,3036,0,282,23,529,3,0.000,344,1,2.225,0.020,0.280,0.740,2.080,-0.232,0.042,0.973,0.020,0.000,-0.016,0.000,0.000,0.515,0.753,2,NULL,NULL,,1,0,3,7,255,,250,0,0
stim,2060,2060,0,1826464.655,0.589,-0.107,-0.054,0.799,3539,0,155,3043,0,283,25,529,3,0.000,344,1,2.159,0.030,0.340,0.740,2.000,-0.231,0.045,0.972,0.028,-0.012,-0.016,0.000,0.000,0.515,0.753,2,NULL,NULL,,1,0,3,7,255,,250,0,0
stim,2075,2075,0,1826469.654,0.589,-0.107,-0.054,0.799,3549,0,156,3045,0,280,24,525,3,0.000,344,1,1.897,0.049,0.340,0.620,1.760,-0.230,0.044,0.971,0.042,-0.026,-0.026,0.000,0.000,0.515,0.753,2,NULL,NULL,,1,0,3,7,255,,250,0,0
stim,2075,2075,0,1826474.653,0.589,-0.107,-0.054,0.799,3536,0,152,3043,703,278,24,519,3,0.000,344,1,1.803,0.049,0.540,0.680,1.580,-0.231,0.042,0.973,0.042,-0.026,-0.026,0.000,0.000,0.515,0.753,2,NULL,NULL,,1,0,3,7,255,,250,0,0
stim,2075,2075,0,1826479.653,0.589,-0.107,-0.054,0.799,3539,0,155,3041,0,276,24,519,3,0.000,344,1,1.666,0.023,0.720,0.680,1.340,-0.230,0.040,0.972,0.014,-0.018,-0.024,0.000,0.000,0.515,0.753,2,NULL,NULL,,1,0,3,7,255,,250,0,0
stim,2075,2075,0,1826484.653,0.589,-0.108,-0.054,0.799,3547,0,153,3041,0,276,24,509,3,0.000,344,1,1.628,0.016,0.960,0.620,1.160,-0.231,0.041,0.972,0.004,-0.016,-0.024,0.000,0.000,0.515,0.753,2,NULL,NULL,,1,0,3,7,255,,250,0,0
stim,2075,2075,0,1826489.653,0.589,-0.108,-0.054,0.799,3548,0,154,3031,0,280,24,509,3,0.000,344,1,1.586,0.015,0.960,0.620,1.100,-0.231,0.042,0.971,0.004,-0.014,-0.026,0.000,0.000,0.515,0.753,2,NULL,NULL,,1,0,3,7,255,,250,0,0
stim,2075,2075,0,1826494.653,0.589,-0.108,-0.054,0.799,3545,0,155,3043,0,276,23,507,3,0.000,344,1,1.643,0.015,1.020,0.560,1.160,-0.232,0.040,0.973,0.004,-0.014,-0.026,0.000,0.000,0.515,0.753,2,NULL,NULL,,1,0,3,7,255,,250,0,0
stim,2075,2075,0,1826499.653,0.589,-0.108,-0.054,0.799,3549,0,155,3028,0,277,21,505,3,0.000,344,1,1.742,0.013,1.200,0.620,1.100,-0.231,0.040,0.973,-0.006,-0.012,-0.014,0.000,0.000,0.515,0.753,2,NULL,NULL,,1,0,3,7,255,,250,0,0
stim,2075,2075,0,1826504.653,0.589,-0.108,-0.054,0.799,3542,0,153,3041,0,277,22,505,3,0.000,344,1,1.647,0.008,1.200,0.560,0.980,-0.232,0.041,0.972,-0.006,-0.006,-0.014,0.000,0.000,0.515,0.753,2,NULL,NULL,,1,0,3,7,255,,250,0,0
stim,2075,2075,0,1826509.653,0.589,-0.108,-0.054,0.799,3535,0,151,3037,0,272,24,507,3,0.000,344,1,1.626,0.008,1.140,0.620,0.980,-0.233,0.043,0.974,0.006,-0.006,-0.012,0.000,0.000,0.515,0.753,2,NULL,NULL,,1,0,3,7,255,,250,0,0
stim,2075,2075,0,1826514.657,0.589,-0.108,-0.054,0.799,3547,0,153,3035,0,275,23,502,3,0.000,344,1,1.568,0.015,1.140,0.560,0.920,-0.232,0.042,0.972,0.014,-0.004,-0.016,0.000,0.000,0.515,0.753,2,NULL,NULL,,1,0,3,7,255,,250,0,0
