condition_phase,condition_phase_elapsed_ms,condition_elapsed_ms,is_stimulation_on,t_ms,device_t_ms,R_q0,R_q1,R_q2,R_q3,R_heel1,R_mid1,R_fore1,R_heel2,R_fore3,R_mid2,R_fore4,R_fore2,R_cadence,R_speed,R_steps,R_zupt,R_gyroNorm,R_accH,R_gyro_x,R_gyro_y,R_gyro_z,R_acc_x,R_acc_y,R_acc_z,R_nav_ax,R_nav_ay,R_nav_az,R_stepVel,R_stepVelj,R_stepDispRaw,R_stepDispZUPT,R_gaitEvent,R_stepTimeMs,R_stepDeviationMs,R_baselineMs,R_motorMode,R_motorActive,R_motorAlignment,R_motorRegionMask,R_motorAmplitude,R_motorIntervalMs,R_motorDurationMs,R_motorPhaseMs,R_motorCycleMs
baseline,36,36,0,36,185133.080,0.931,-0.009,-0.001,0.365,687,182,69,1835,63,684,0,337,31,0.000,6,0,0.872,0.076,-0.480,0.580,-0.440,-0.015,0.041,1.005,0.018,-0.074,0.006,0.000,0.000,0.000,0.000,0,NULL,NULL,1206.000,0,0,0,7,255,0,250,0,0
baseline,36,36,0,36,185138.078,0.931,-0.009,-0.001,0.365,683,182,67,1824,67,681,0,331,31,0.000,6,0,0.555,0.098,0.180,0.500,0.160,-0.016,0.051,0.999,-0.064,-0.074,0.006,0.000,0.000,0.000,0.000,0,NULL,NULL,,0,0,0,7,255,0,250,0,0
baseline,36,36,0,36,185143.078,0.931,-0.009,-0.001,0.365,688,181,67,1823,67,679,0,333,31,0.000,6,0,0.157,0.074,-0.060,-0.040,-0.140,-0.005,0.056,0.998,-0.064,-0.026,-0.026,0.000,0.000,0.000,0.000,0,NULL,NULL,,0,0,0,7,255,0,250,0,0
baseline,36,36,0,36,185148.078,0.931,-0.009,-0.001,0.366,690,179,63,1829,64,681,0,331,31,0.000,6,0,0.958,0.067,-0.660,0.140,-0.680,-0.012,0.049,1.007,-0.056,-0.026,-0.026,0.000,0.000,0.000,0.000,0,NULL,NULL,,0,0,0,7,255,0,250,0,0
baseline,36,36,0,36,185153.078,0.931,-0.009,-0.001,0.366,686,179,69,1824,67,681,0,333,31,0.000,6,0,0.892,0.050,0.620,0.640,0.040,-0.014,0.070,1.000,0.042,-0.026,-0.006,0.000,0.000,0.000,0.000,0,NULL,NULL,,0,0,0,7,255,0,250,0,0
baseline,36,36,0,36,185158.078,0.931,-0.009,-0.001,0.366,685,181,71,1831,61,678,0,331,31,0.000,6,0,0.469,0.103,0.440,0.140,-0.080,-0.003,0.072,0.986,0.070,0.076,-0.006,0.000,0.000,0.000,0.000,0,NULL,NULL,,0,0,0,7,255,0,250,0,0
baseline,63,63,0,63,185163.079,0.931,-0.009,-0.001,0.366,689,182,69,1833,59,677,0,331,31,0.000,6,0,1.712,0.109,-1.700,-0.040,-0.200,-0.004,0.046,0.998,0.070,0.076,-0.036,0.000,0.000,0.000,0.000,0,NULL,NULL,,0,0,0,7,255,0,250,0,0
baseline,63,63,0,63,185168.078,0.931,-0.009,-0.001,0.366,683,176,63,1833,62,679,0,327,31,0.000,6,0,0.457,0.110,-0.060,0.320,-0.320,-0.003,0.063,1.011,0.104,0.002,-0.036,0.000,0.000,0.000,0.000,0,NULL,NULL,,0,0,0,7,255,0,250,0,0
baseline,63,63,0,63,185173.080,0.931,-0.009,-0.001,0.366,685,180,68,1831,63,680,0,331,31,0.000,6,0,2.155,0.135,0.560,0.700,-1.960,-0.021,0.030,1.010,-0.018,-0.106,0.082,0.000,0.000,0.000,0.000,0,NULL,NULL,,0,0,0,7,255,0,250,0,0
baseline,63,63,0,63,185178.078,0.931,-0.009,-0.001,0.366,686,181,65,1831,60,680,0,329,31,0.000,6,0,1.418,0.150,-0.660,0.640,1.080,-0.023,0.050,0.992,-0.126,0.002,0.082,0.000,0.000,0.000,0.000,0,NULL,NULL,,0,0,0,7,255,0,250,0,0
baseline,63,63,0,63,185183.078,0.931,-0.009,-0.001,0.366,684,184,67,1831,67,679,0,329,31,0.000,6,0,0.736,0.162,0.680,-0.280,0.040,0.008,0.108,0.987,-0.126,0.042,-0.092,0.000,0.000,0.000,0.000,0,NULL,NULL,,0,0,0,7,255,0,250,0,0
baseline,63,63,0,63,185188.078,0.931,-0.009,-0.001,0.366,685,181,62,1833,63,681,0,328,31,0.000,6,0,1.942,0.162,-1.460,0.320,-1.240,-0.013,0.016,1.017,-0.126,0.042,-0.092,0.000,0.000,0.000,0.000,0,NULL,NULL,,0,0,0,7,255,0,250,0,0
baseline,81,81,0,81,185193.079,0.931,-0.009,-0.001,0.366,686,183,60,1832,58,681,0,331,31,0.000,6,0,1.038,0.162,-0.240,1.000,-0.140,-0.015,0.045,1.013,-0.102,-0.048,0.116,0.000,0.000,0.000,0.000,0,NULL,NULL,,0,0,0,7,255,0,250,0,0
baseline,81,81,0,81,185198.078,0.931,-0.009,-0.001,0.366,685,175,71,1835,67,678,0,327,31,0.000,6,0,1.531,0.162,1.460,0.380,-0.260,-0.007,0.075,0.989,-0.102,-0.048,0.116,0.000,0.000,0.000,0.000,0,NULL,NULL,,0,0,0,7,255,0,250,0,0
baseline,81,81,0,81,185203.079,0.931,-0.009,-0.001,0.366,686,183,69,1833,60,681,0,329,31,0.000,6,0,1.782,0.024,-1.040,-0.280,-1.420,-0.009,0.055,1.000,0.008,-0.022,-0.006,0.000,0.000,0.000,0.000,0,NULL,NULL,,0,0,0,7,255,0,250,0,0
baseline,81,81,0,81,185208.078,0.931,-0.009,-0.001,0.366,691,181,63,1839,59,683,0,330,31,0.000,6,0,1.775,0.024,0.000,1.360,1.140,-0.025,0.040,1.011,0.008,-0.022,-0.006,0.000,0.000,0.000,0.000,0,NULL,NULL,,0,0,0,7,255,0,250,0,0
baseline,81,81,0,81,185213.079,0.931,-0.009,-0.001,0.366,689,181,70,1837,64,679,0,331,31,0.000,6,0,0.912,0.024,0.300,-0.040,-0.860,0.010,0.077,0.995,0.008,-0.022,-0.006,0.000,0.000,0.000,0.000,0,NULL,NULL,,0,0,0,7,255,0,250,0,0
baseline,81,81,0,81,185218.078,0.931,-0.009,-0.002,0.366,691,180,71,1838,61,683,0,317,31,0.000,6,0,0.885,0.210,-0.420,0.380,-0.680,-0.030,0.033,1.003,-0.208,-0.024,0.016,0.000,0.000,0.000,0.000,0,NULL,NULL,,0,0,0,7,255,0,250,0,0
baseline,95,95,0,95,185223.080,0.931,-0.009,-0.002,0.366,695,183,69,1849,61,683,0,331,31,0.000,6,0,1.117,0.227,0.240,0.820,0.720,0.004,0.074,1.002,0.226,0.016,0.014,0.000,0.000,0.000,0.000,0,NULL,NULL,,0,0,0,7,255,0,250,0,0
baseline,95,95,0,95,185228.078,0.931,-0.009,-0.002,0.366,693,183,69,1849,60,679,0,329,31,0.000,6,0,1.642,0.279,-0.920,-0.040,-1.360,-0.017,0.021,1.006,-0.276,-0.036,0.016,0.000,0.000,0.000,0.000,0,NULL,NULL,,0,0,0,7,255,0,250,0,0
baseline,113,113,0,113,185233.079,0.931,-0.009,-0.002,0.366,691,183,67,1843,60,679,0,330,31,0.000,6,0,2.324,0.231,2.020,1.120,-0.260,-0.012,0.093,1.003,0.226,0.030,0.036,0.000,0.000,0.000,0.000,0,NULL,NULL,,0,0,0,7,255,0,250,0,0
baseline,113,113,0,113,185238.078,0.931,-0.009,-0.002,0.366,691,180,71,1844,61,681,0,329,31,0.000,6,0,1.253,0.266,-1.100,0.020,0.600,-0.013,0.029,0.988,-0.194,-0.178,0.036,0.000,0.000,0.000,0.000,0,NULL,NULL,,0,0,0,7,255,0,250,0,0
baseline,113,113,0,113,185243.078,0.931,-0.009,-0.002,0.366,693,183,64,1847,56,677,0,327,31,0.000,6,0,1.152,0.279,0.440,0.940,-0.500,-0.003,0.083,1.007,0.238,0.142,0.036,0.000,0.000,0.000,0.000,0,NULL,NULL,,0,0,0,7,255,0,250,0,0
baseline,113,113,0,113,185248.078,0.931,-0.009,-0.002,0.366,693,181,71,1840,61,679,0,329,31,0.000,6,0,0.533,0.222,-0.420,0.260,-0.200,-0.016,0.034,0.999,-0.178,-0.130,-0.026,0.000,0.000,0.000,0.000,0,NULL,NULL,,0,0,0,7,255,0,250,0,0
baseline,159,159,0,159,185253.080,0.931,-0.009,-0.002,0.366,693,183,63,1844,57,677,0,327,31,0.000,6,0,0.887,0.064,0.440,0.700,-0.320,-0.010,0.060,1.006,0.034,0.020,0.050,0.000,0.000,0.000,0.000,0,NULL,NULL,,0,0,0,7,255,0,250,0,0
baseline,159,159,0,159,185258.078,0.931,-0.009,-0.002,0.366,695,179,67,1845,59,672,0,325,31,0.000,6,0,0.638,0.022,0.440,0.440,-0.140,-0.020,0.066,1.000,0.008,0.020,-0.004,0.000,0.000,0.000,0.000,0,NULL,NULL,,0,0,0,7,255,0,250,0,0
baseline,159,159,0,159,185263.080,0.931,-0.009,-0.002,0.366,701,181,67,1851,59,679,0,324,31,0.000,6,0,0.738,0.022,-0.180,0.580,0.420,-0.010,0.043,0.997,0.008,0.020,-0.004,0.000,0.000,0.000,0.000,0,NULL,NULL,,0,0,0,7,255,0,250,0,0
baseline,159,159,0,159,185268.078,0.931,-0.009,-0.002,0.366,693,184,70,1847,55,675,0,325,31,0.000,6,0,0.533,0.075,0.180,0.500,0.040,-0.013,0.066,1.010,0.008,0.074,-0.004,0.000,0.000,0.000,0.000,0,NULL,NULL,,0,0,0,7,255,0,250,0,0
baseline,159,159,0,159,185273.078,0.931,-0.009,-0.002,0.366,697,183,67,1847,56,677,0,319,31,0.000,6,0,0.610,0.094,0.180,0.500,0.300,-0.007,0.048,0.999,-0.018,-0.088,-0.026,0.000,0.000,0.000,0.000,0,NULL,NULL,,0,0,0,7,255,0,250,0,0
baseline,159,159,0,159,185278.078,0.931,-0.010,-0.002,0.366,695,185,65,1845,55,669,0,327,31,0.000,6,0,0.951,0.059,0.120,0.500,-0.800,-0.017,0.059,1.003,-0.018,0.052,0.020,0.000,0.000,0.000,0.000,0,NULL,NULL,,0,0,0,7,255,0,250,0,0
baseline,159,159,0,159,185283.078,0.931,-0.010,-0.002,0.366,695,180,71,1847,56,669,0,316,31,0.000,6,0,0.581,0.059,-0.120,0.440,0.360,-0.016,0.061,1.003,-0.018,0.052,0.020,0.000,0.000,0.000,0.000,0,NULL,NULL,,0,0,0,7,255,0,250,0,0
baseline,178,178,0,178,185288.078,0.931,-0.010,-0.002,0.366,693,185,67,1849,57,668,0,318,31,0.000,6,0,1.128,0.056,0.120,0.580,0.960,-0.009,0.053,1.001,-0.004,0.052,0.020,0.000,0.000,0.000,0.000,0,NULL,NULL,,0,0,0,7,255,0,250,0,0
baseline,178,178,0,178,185293.078,0.931,-0.010,-0.002,0.366,699,183,70,1861,52,673,0,324,31,0.000,6,0,0.496,0.010,0.180,0.440,-0.140,-0.010,0.057,0.999,-0.002,-0.010,-0.002,0.000,0.000,0.000,0.000,0,NULL,NULL,,0,0,0,7,255,0,250,0,0
baseline,178,178,0,178,185298.078,0.931,-0.010,-0.002,0.366,695,178,63,1847,53,669,0,317,31,0.000,6,0,0.464,0.033,-0.060,0.380,-0.260,-0.013,0.065,0.996,0.020,-0.010,-0.024,0.000,0.000,0.000,0.000,0,NULL,NULL,,0,0,0,7,255,0,250,0,0
baseline,178,178,0,178,185303.078,0.931,-0.010,-0.002,0.366,698,183,67,1859,55,671,0,315,31,0.000,6,0,0.992,0.033,-0.360,0.580,0.720,-0.012,0.050,1.001,0.020,-0.010,-0.024,0.000,0.000,0.000,0.000,0,NULL,NULL,,0,0,0,7,255,0,250,0,0
baseline,178,178,0,178,185308.078,0.931,-0.010,-0.002,0.366,694,181,72,1848,53,665,0,317,31,0.000,6,0,0.776,0.044,0.300,0.580,0.420,-0.006,0.050,1.003,0.002,-0.044,0.004,0.000,0.000,0.000,0.000,0,NULL,NULL,,0,0,0,7,255,0,250,0,0
baseline,191,191,0,191,185313.080,0.931,-0.010,-0.002,0.366,699,180,61,1851,51,667,0,316,31,0.000,6,0,1.229,0.044,0.440,0.440,-1.060,-0.009,0.062,0.996,0.002,-0.044,0.004,0.000,0.000,0.000,0.000,0,NULL,NULL,,0,0,0,7,255,0,250,0,0
baseline,191,191,0,191,185318.078,0.931,-0.010,-0.002,0.366,697,181,69,1852,52,670,0,324,31,0.000,6,0,0.772,0.022,-0.060,0.700,-0.320,-0.021,0.059,1.001,0.002,0.020,0.008,0.000,0.000,0.000,0.000,0,NULL,NULL,,0,0,0,7,255,0,250,0,0
baseline,214,214,0,214,185323.078,0.931,-0.010,-0.002,0.366,701,183,69,1865,52,672,0,325,31,0.000,6,0,1.447,0.053,0.120,0.580,1.320,-0.014,0.045,1.009,-0.048,0.020,0.008,0.000,0.000,0.000,0.000,0,NULL,NULL,,0,0,0,7,255,0,250,0,0
baseline,214,214,0,214,185328.078,0.931,-0.010,-0.002,0.366,695,180,71,1864,54,669,0,318,31,0.000,6,0,0.908,0.080,0.800,0.380,-0.200,-0.002,0.058,1.001,-0.048,-0.064,0.008,0.000,0.000,0.000,0.000,0,NULL,NULL,,0,0,0,7,255,0,250,0,0
baseline,214,214,0,214,185333.078,0.931,-0.010,-0.002,0.366,697,183,64,1853,48,666,0,315,31,0.000,6,0,1.646,0.073,0.380,0.440,-1.540,-0.015,0.064,0.995,0.034,-0.064,0.004,0.000,0.000,0.000,0.000,0,NULL,NULL,,0,0,0,7,255,0,250,0,0
baseline,214,214,0,214,185338.079,0.931,-0.010,-0.002,0.366,696,177,69,1853,53,663,0,315,31,0.000,6,0,0.790,0.080,-0.480,0.580,0.240,-0.027,0.055,1.007,0.034,0.072,0.004,0.000,0.000,0.000,0.000,0,NULL,NULL,,0,0,0,7,255,0,250,0,0
baseline,223,223,0,223,185343.080,0.931,-0.010,-0.002,0.366,696,182,62,1853,52,667,0,317,31,0.000,6,0,1.754,0.102,0.440,0.440,1.640,-0.014,0.054,1.013,-0.036,0.072,0.062,0.000,0.000,0.000,0.000,0,NULL,NULL,,0,0,0,7,255,0,250,0,0
baseline,223,223,0,223,185348.078,0.931,-0.010,-0.002,0.366,697,183,67,1851,53,667,0,315,31,0.000,6,0,0.611,0.073,0.560,0.200,-0.140,-0.005,0.055,0.998,-0.036,-0.016,0.062,0.000,0.000,0.000,0.000,0,NULL,NULL,,0,0,0,7,255,0,250,0,0
baseline,223,223,0,223,185353.078,0.931,-0.010,-0.002,0.366,697,183,67,1863,52,665,0,313,31,0.000,6,0,1.265,0.043,-0.660,0.200,-1.060,-0.017,0.055,1.003,-0.036,-0.016,0.018,0.000,0.000,0.000,0.000,0,NULL,NULL,,0,0,0,7,255,0,250,0,0
baseline,223,223,0,223,185358.079,0.931,-0.010,-0.002,0.366,697,181,64,1852,52,661,0,316,31,0.000,6,0,0.755,0.051,-0.420,0.320,0.540,-0.020,0.049,1.013,-0.046,-0.014,0.018,0.000,0.000,0.000,0.000,0,NULL,NULL,,0,0,0,7,255,0,250,0,0
baseline,262,262,0,262,185363.078,0.931,-0.010,-0.002,0.366,699,176,64,1851,51,662,0,315,31,0.000,6,0,1.091,0.053,0.560,0.260,0.900,-0.009,0.058,1.003,-0.046,-0.014,0.022,0.000,0.000,0.000,0.000,0,NULL,NULL,,0,0,0,7,255,0,250,0,0
baseline,262,262,0,262,185368.078,0.931,-0.010,-0.002,0.366,697,181,69,1849,48,664,0,312,31,0.000,6,0,0.520,0.040,-0.120,0.080,-0.500,-0.010,0.063,0.991,0.030,-0.014,0.022,0.000,0.000,0.000,0.000,0,NULL,NULL,,0,0,0,7,255,0,250,0,0
baseline,262,262,0,262,185373.078,0.931,-0.010,-0.002,0.366,696,176,69,1853,51,660,0,317,31,0.000,6,0,1.427,0.042,-1.220,0.020,-0.740,-0.021,0.063,1.001,0.030,0.030,0.002,0.000,0.000,0.000,0.000,0,NULL,NULL,,0,0,0,7,255,0,250,0,0
baseline,262,262,0,262,185378.079,0.931,-0.010,-0.002,0.366,695,181,69,1851,51,661,0,313,31,0.000,6,0,1.147,0.045,-0.780,-0.040,0.840,-0.018,0.058,1.004,-0.020,0.040,0.002,0.000,0.000,0.000,0.000,0,NULL,NULL,,0,0,0,7,255,0,250,0,0
baseline,262,262,0,262,185383.078,0.931,-0.010,-0.002,0.366,695,173,67,1849,47,660,0,315,31,0.000,6,0,1.196,0.045,-0.360,0.020,1.140,-0.002,0.054,0.996,-0.020,0.040,0.002,0.000,0.000,0.000,0.000,0,NULL,NULL,,0,0,0,7,255,0,250,0,0
baseline,262,262,0,262,185388.078,0.931,-0.010,-0.002,0.366,696,180,63,1861,46,653,0,315,31,0.000,6,0,0.909,0.106,-0.660,0.080,-0.620,-0.001,0.057,0.995,0.056,-0.072,-0.054,0.000,0.000,0.000,0.000,0,NULL,NULL,,0,0,0,7,255,0,250,0,0
baseline,271,271,0,271,185393.078,0.931,-0.010,-0.002,0.366,699,175,62,1851,47,653,0,312,31,0.000,6,0,1.594,0.106,-0.720,0.080,-1.420,-0.016,0.062,0.997,0.056,-0.072,-0.054,0.000,0.000,0.000,0.000,0,NULL,NULL,,0,0,0,7,255,0,250,0,0
baseline,271,271,0,271,185398.078,0.931,-0.010,-0.002,0.366,699,180,69,1863,45,654,0,317,31,0.000,6,0,0.826,0.070,-0.780,0.080,-0.260,-0.019,0.062,0.998,0.008,0.060,-0.036,0.000,0.000,0.000,0.000,0,NULL,NULL,,0,0,0,7,255,0,250,0,0
baseline,287,287,0,287,185403.079,0.931,-0.010,-0.002,0.366,695,179,63,1851,46,655,0,313,31,0.000,6,0,0.897,0.066,-0.780,0.140,0.420,-0.008,0.054,1.000,0.008,0.060,-0.026,0.000,0.000,0.000,0.000,0,NULL,NULL,,0,0,0,7,255,0,250,0,0
baseline,287,287,0,287,185408.078,0.931,-0.010,-0.002,0.366,695,175,63,1851,45,656,0,315,31,0.000,6,0,0.638,0.054,-0.300,0.260,-0.500,-0.005,0.057,1.000,0.012,-0.052,-0.010,0.000,0.000,0.000,0.000,0,NULL,NULL,,0,0,0,7,255,0,250,0,0
baseline,287,287,0,287,185413.080,0.931,-0.010,-0.002,0.366,692,179,69,1863,41,658,0,312,31,0.000,6,0,1.019,0.064,-0.300,0.320,-0.920,-0.013,0.063,0.997,0.036,-0.052,-0.010,0.000,0.000,0.000,0.000,0,NULL,NULL,,0,0,0,7,255,0,250,0,0
baseline,287,287,0,287,185418.078,0.931,-0.010,-0.002,0.366,697,181,69,1860,45,651,0,310,31,0.000,6,0,0.844,0.057,-0.600,0.320,-0.500,-0.013,0.060,0.997,0.036,0.018,-0.040,0.000,0.000,0.000,0.000,0,NULL,NULL,,0,0,0,7,255,0,250,0,0
baseline,304,304,0,304,185423.078,0.931,-0.010,-0.002,0.366,699,176,69,1854,43,655,0,311,31,0.000,6,0,0.933,0.047,-0.720,0.320,-0.500,-0.010,0.057,1.001,0.016,0.018,-0.040,0.000,0.000,0.000,0.000,0,NULL,NULL,,0,0,0,7,255,0,250,0,0
baseline,304,304,0,304,185428.078,0.931,-0.010,-0.002,0.366,698,181,70,1853,46,654,0,312,31,0.000,6,0,0.960,0.025,-0.480,0.380,-0.740,-0.010,0.053,1.003,0.016,-0.018,0.006,0.000,0.000,0.000,0.000,0,NULL,NULL,,0,0,0,7,255,0,250,0,0
baseline,319,319,0,319,185433.078,0.931,-0.010,-0.002,0.366,701,178,68,1861,47,653,0,309,31,0.000,6,0,1.096,0.056,-0.240,0.380,-1.000,-0.011,0.050,1.004,-0.006,-0.050,0.024,0.000,0.000,0.000,0.000,0,NULL,NULL,,0,0,0,7,255,0,250,0,0
baseline,319,319,0,319,185438.078,0.931,-0.010,-0.002,0.366,697,176,68,1861,45,651,0,308,31,0.000,6,0,1.293,0.056,-0.180,0.320,-1.240,-0.012,0.055,1.003,-0.010,-0.050,0.024,0.000,0.000,0.000,0.000,0,NULL,NULL,,0,0,0,7,255,0,250,0,0
baseline,319,319,0,319,185443.079,0.931,-0.010,-0.002,0.366,695,180,69,1861,45,653,0,311,31,0.000,6,0,1.390,0.050,-0.120,0.260,-1.360,-0.015,0.054,1.001,-0.036,-0.026,0.024,0.000,0.000,0.000,0.000,0,NULL,NULL,,0,0,0,7,255,0,250,0,0
baseline,319,319,0,319,185448.078,0.931,-0.010,-0.002,0.366,701,178,69,1865,45,651,0,309,31,0.000,6,0,1.430,0.041,-0.420,0.140,-1.360,-0.016,0.056,1.003,-0.034,-0.010,0.020,0.000,0.000,0.000,0.000,0,NULL,NULL,,0,0,0,7,255,0,250,0,0
baseline,319,319,0,319,185453.078,0.931,-0.010,-0.002,0.366,700,181,69,1869,43,649,0,311,31,0.000,6,0,1.148,0.041,-0.240,0.080,-1.120,-0.016,0.060,1.003,-0.034,0.010,0.020,0.000,0.000,0.000,0.000,0,NULL,NULL,,0,0,0,7,255,0,250,0,0
baseline,319,319,0,319,185458.078,0.931,-0.010,-0.002,0.366,697,179,69,1864,51,650,0,308,31,0.000,6,0,1.140,0.024,-0.420,0.020,-1.060,-0.013,0.056,0.999,-0.008,0.010,0.020,0.000,0.000,0.000,0.000,0,NULL,NULL,,0,0,0,7,255,0,250,0,0
baseline,351,351,0,351,185463.079,0.930,-0.010,-0.002,0.366,701,179,67,1863,45,653,0,308,31,0.000,6,0,1.468,0.027,-0.780,-0.100,-1.240,-0.013,0.056,1.004,-0.006,-0.006,0.026,0.000,0.000,0.000,0.000,0,NULL,NULL,,0,0,0,7,255,0,250,0,0
baseline,351,351,0,351,185468.078,0.930,-0.010,-0.002,0.366,695,179,60,1861,45,650,0,311,31,0.000,6,0,1.624,0.030,-0.660,-0.100,-1.480,-0.014,0.057,1.004,-0.008,-0.006,0.028,0.000,0.000,0.000,0.000,0,NULL,NULL,,0,0,0,7,255,0,250,0,0
baseline,351,351,0,351,185473.080,0.930,-0.010,-0.002,0.366,701,173,67,1864,43,652,0,311,31,0.000,6,0,1.628,0.028,-0.660,-0.160,-1.480,-0.015,0.058,1.001,-0.004,0.002,0.028,0.000,0.000,0.000,0.000,0,NULL,NULL,,0,0,0,7,255,0,250,0,0
baseline,351,351,0,351,185478.078,0.930,-0.010,-0.002,0.366,697,175,69,1866,47,651,0,310,31,0.000,6,0,1.668,0.019,-0.860,-0.160,-1.420,-0.017,0.061,1.001,-0.004,0.018,0.002,0.000,0.000,0.000,0.000,0,NULL,NULL,,0,0,0,7,255,0,250,0,0
baseline,351,351,0,351,185483.079,0.930,-0.010,-0.002,0.366,699,180,69,1865,47,649,0,304,31,0.000,6,0,1.771,0.034,-1.100,-0.280,-1.360,-0.016,0.060,1.001,-0.002,0.034,0.002,0.000,0.000,0.000,0.000,0,NULL,NULL,,0,0,0,7,255,0,250,0,0
baseline,352,352,0,352,185488.078,0.930,-0.010,-0.002,0.366,695,181,67,1867,45,653,0,311,31,0.000,6,0,1.772,0.034,-1.220,-0.340,-1.240,-0.017,0.057,1.003,-0.002,0.034,0.002,0.000,0.000,0.000,0.000,0,NULL,NULL,,0,0,0,7,255,0,250,0,0
baseline,367,367,0,367,185493.078,0.930,-0.010,-0.002,0.366,700,179,69,1870,47,652,0,312,31,0.000,6,0,1.620,0.038,-1.100,-0.400,-1.120,-0.016,0.057,1.002,-0.022,0.026,0.016,0.000,0.000,0.000,0.000,0,NULL,NULL,,0,0,0,7,255,0,250,0,0
baseline,367,367,0,367,185498.078,0.930,-0.010,-0.002,0.367,700,179,69,1869,47,652,0,311,31,0.000,6,0,1.648,0.035,-1.160,-0.340,-1.120,-0.013,0.056,1.001,-0.022,0.022,0.016,0.000,0.000,0.000,0.000,0,NULL,NULL,,0,0,0,7,255,0,250,0,0
baseline,384,384,0,384,185503.079,0.930,-0.010,-0.002,0.367,701,175,69,1869,49,649,0,313,31,0.000,6,0,1.652,0.013,-1.220,-0.340,-1.060,-0.013,0.059,1.001,-0.006,0.010,0.006,0.000,0.000,0.000,0.000,0,NULL,NULL,,0,0,0,7,255,0,250,0,0
baseline,384,384,0,384,185508.078,0.930,-0.010,-0.002,0.367,695,175,64,1864,43,649,0,312,31,0.000,6,0,1.691,0.014,-1.220,-0.340,-1.120,-0.013,0.058,1.001,0.010,0.008,0.006,0.000,0.000,0.000,0.000,0,NULL,NULL,,0,0,0,7,255,0,250,0,0
baseline,384,384,0,384,185513.078,0.930,-0.010,-0.002,0.367,697,179,64,1861,44,648,0,310,31,0.000,6,0,1.734,0.017,-1.280,-0.340,-1.120,-0.012,0.059,0.999,0.014,0.008,0.006,0.000,0.000,0.000,0.000,0,NULL,NULL,,0,0,0,7,255,0,250,0,0
baseline,384,384,0,384,185518.078,0.930,-0.010,-0.002,0.367,695,179,70,1854,44,648,0,309,31,0.000,6,0,1.836,0.018,-1.460,-0.340,-1.060,-0.013,0.059,1.000,0.016,0.008,-0.004,0.000,0.000,0.000,0.000,0,NULL,NULL,,0,0,0,7,255,0,250,0,0
baseline,399,399,0,399,185523.080,0.930,-0.010,-0.002,0.367,701,178,69,1866,51,653,0,311,31,0.000,6,0,1.748,0.018,-1.460,-0.280,-0.920,-0.013,0.057,1.002,0.016,0.008,-0.004,0.000,0.000,0.000,0.000,0,NULL,NULL,,0,0,0,7,255,0,250,0,0
baseline,399,399,0,399,185528.078,0.930,-0.010,-0.002,0.367,701,177,63,1851,45,652,0,307,31,0.000,6,0,1.743,0.010,-1.400,-0.280,-1.000,-0.013,0.056,1.002,0.002,-0.002,0.010,0.000,0.000,0.000,0.000,0,NULL,NULL,,0,0,0,7,255,0,250,0,0
baseline,415,415,0,415,185533.078,0.930,-0.010,-0.002,0.367,701,175,68,1865,47,650,0,312,31,0.000,6,0,1.734,0.011,-1.280,-0.340,-1.120,-0.012,0.056,1.001,0.002,-0.004,0.010,0.000,0.000,0.000,0.000,0,NULL,NULL,,0,0,0,7,255,0,250,0,0
baseline,415,415,0,415,185538.078,0.930,-0.010,-0.002,0.367,699,174,65,1851,47,646,0,312,31,0.000,6,0,1.807,0.008,-1.340,-0.280,-1.180,-0.013,0.057,1.001,0.004,-0.004,0.006,0.000,0.000,0.000,0.000,0,NULL,NULL,,0,0,0,7,255,0,250,0,0
baseline,415,415,0,415,185543.079,0.930,-0.010,-0.002,0.367,699,171,67,1849,47,648,0,307,31,0.000,6,0,1.818,0.007,-1.340,-0.340,-1.180,-0.013,0.056,1.002,0.004,0.000,0.006,0.000,0.000,0.000,0.000,0,NULL,NULL,,0,0,0,7,255,0,250,0,0
baseline,415,415,0,415,185548.078,0.930,-0.010,-0.002,0.367,696,173,72,1851,47,647,0,302,31,0.000,6,0,1.769,0.007,-1.340,-0.280,-1.120,-0.011,0.056,1.001,0.004,0.000,0.006,0.000,0.000,0.000,0.000,0,NULL,NULL,,0,0,0,7,255,0,250,0,0
baseline,463,463,0,463,185553.080,0.930,-0.010,-0.002,0.367,697,173,58,1861,46,647,0,303,31,0.000,6,0,1.847,0.013,-1.340,-0.280,-1.240,-0.011,0.057,1.001,0.008,-0.010,0.000,0.000,0.000,0.000,0.000,0,NULL,NULL,,0,0,0,7,255,0,250,0,0
baseline,463,463,0,463,185558.078,0.930,-0.010,-0.002,0.367,695,169,69,1852,43,645,0,304,31,0.000,6,0,1.846,0.013,-1.280,-0.280,-1.300,-0.013,0.057,1.000,0.008,-0.010,0.000,0.000,0.000,0.000,0.000,0,NULL,NULL,,0,0,0,7,255,0,250,0,0
baseline,463,463,0,463,185563.079,0.930,-0.010,-0.002,0.367,695,169,63,1848,43,649,0,303,31,0.000,6,0,1.883,0.013,-1.400,-0.220,-1.240,-0.012,0.057,1.001,0.012,-0.004,0.000,0.000,0.000,0.000,0.000,0,NULL,NULL,,0,0,0,7,255,0,250,0,0
baseline,463,463,0,463,185568.078,0.930,-0.010,-0.002,0.367,693,172,67,1849,49,647,0,307,31,0.000,6,0,1.755,0.006,-1.280,-0.220,-1.180,-0.013,0.056,1.001,0.006,0.000,0.000,0.000,0.000,0.000,0.000,0,NULL,NULL,,0,0,0,7,255,0,250,0,0
baseline,479,479,0,479,185573.080,0.930,-0.010,-0.002,0.367,701,173,67,1855,47,651,0,307,31,0.000,6,0,1.711,0.004,-1.220,-0.220,-1.180,-0.012,0.055,1.001,0.002,-0.004,0.000,0.000,0.000,0.000,0.000,0,NULL,NULL,,0,0,0,7,255,0,250,0,0
baseline,479,479,0,479,185578.078,0.930,-0.010,-0.002,0.367,696,174,69,1847,46,648,0,307,31,0.000,6,0,1.747,0.014,-1.220,-0.160,-1.240,-0.012,0.055,1.001,0.000,-0.014,0.000,0.000,0.000,0.000,0.000,0,NULL,NULL,,0,0,0,7,255,0,250,0,0
baseline,479,479,0,479,185583.079,0.930,-0.010,-0.002,0.367,700,173,63,1848,45,647,0,302,31,0.000,6,0,1.621,0.016,-1.100,-0.160,-1.180,-0.012,0.054,1.001,-0.002,-0.016,0.000,0.000,0.000,0.000,0.000,0,NULL,NULL,,0,0,0,7,255,0,250,0,0
baseline,479,479,0,479,185588.079,0.930,-0.010,-0.002,0.367,697,172,61,1845,47,648,0,307,31,0.000,6,0,1.616,0.016,-1.100,-0.100,-1.180,-0.012,0.055,1.000,0.000,-0.016,0.000,0.000,0.000,0.000,0.000,0,NULL,NULL,,0,0,0,7,255,0,250,0,0
baseline,479,479,0,479,185593.078,0.930,-0.010,-0.002,0.367,696,167,69,1847,45,640,0,305,31,0.000,6,0,1.570,0.014,-1.100,-0.040,-1.120,-0.012,0.055,1.001,-0.002,-0.014,0.000,0.000,0.000,0.000,0.000,0,NULL,NULL,,0,0,0,7,255,0,250,0,0
baseline,479,479,0,479,185598.078,0.930,-0.009,-0.002,0.367,693,171,68,1847,46,638,0,307,31,0.000,6,0,1.488,0.012,-0.980,0.020,-1.120,-0.012,0.055,1.002,0.002,-0.012,0.000,0.000,0.000,0.000,0.000,0,NULL,NULL,,0,0,0,7,255,0,250,0,0
baseline,479,479,0,479,185603.078,0.930,-0.009,-0.002,0.367,695,167,64,1847,46,647,0,303,31,0.000,6,0,1.462,0.012,-0.860,0.080,-1.180,-0.012,0.055,1.001,0.000,-0.012,0.000,0.000,0.000,0.000,0.000,0,NULL,NULL,,0,0,0,7,255,0,250,0,0
baseline,479,479,0,479,185608.079,0.930,-0.009,-0.002,0.368,691,169,68,1851,45,646,0,301,31,0.000,6,0,1.367,0.012,-0.780,0.080,-1.120,-0.013,0.055,1.001,0.000,-0.012,0.000,0.000,0.000,0.000,0.000,0,NULL,NULL,,0,0,0,7,255,0,250,0,0
baseline,497,497,0,497,185613.080,0.930,-0.009,-0.002,0.368,695,171,59,1847,45,649,0,301,31,0.000,6,0,1.414,0.012,-0.860,0.080,-1.120,-0.011,0.054,1.000,0.000,-0.012,0.000,0.000,0.000,0.000,0.000,0,NULL,NULL,,0,0,0,7,255,0,250,0,0
baseline,497,497,0,497,185618.078,0.930,-0.009,-0.002,0.368,692,172,69,1845,46,649,0,299,31,0.000,6,0,1.417,0.013,-0.780,0.080,-1.180,-0.011,0.056,1.002,0.008,-0.010,0.000,0.000,0.000,0.000,0.000,0,NULL,NULL,,0,0,0,7,255,0,250,0,0
baseline,497,497,0,497,185623.078,0.930,-0.009,-0.002,0.368,695,172,59,1849,45,639,0,301,31,0.000,6,0,1.407,0.020,-0.660,0.080,-1.240,-0.012,0.057,0.999,0.014,-0.010,-0.010,0.000,0.000,0.000,0.000,0,NULL,NULL,,0,0,0,7,255,0,250,0,0
baseline,497,497,0,497,185628.079,0.930,-0.009,-0.002,0.368,695,168,66,1852,43,639,0,297,31,0.000,6,0,1.357,0.027,-0.720,0.260,-1.120,-0.013,0.062,0.999,0.020,0.004,-0.018,0.000,0.000,0.000,0.000,0,NULL,NULL,,0,0,0,7,255,0,250,0,0
baseline,511,511,0,511,185633.078,0.930,-0.009,-0.002,0.368,697,168,61,1851,45,643,0,298,31,0.000,6,0,1.244,0.036,-0.860,0.260,-0.860,-0.010,0.057,0.998,0.028,0.004,-0.022,0.000,0.000,0.000,0.000,0,NULL,NULL,,0,0,0,7,255,0,250,0,0
baseline,511,511,0,511,185638.078,0.930,-0.009,-0.002,0.368,697,169,61,1851,44,637,0,295,31,0.000,6,0,1.754,0.037,-1.160,0.200,-1.300,-0.008,0.048,1.002,0.028,-0.010,-0.022,0.000,0.000,0.000,0.000,0,NULL,NULL,,0,0,0,7,255,0,250,0,0
baseline,529,529,0,529,185643.080,0.930,-0.009,-0.002,0.368,701,171,61,1864,45,645,0,299,31,0.000,6,0,1.878,0.028,-0.540,0.260,-1.780,-0.013,0.052,1.006,-0.014,-0.024,0.006,0.000,0.000,0.000,0.000,0,NULL,NULL,,0,0,0,7,255,0,250,0,0
baseline,529,529,0,529,185648.079,0.930,-0.009,-0.002,0.368,696,167,63,1851,41,633,0,299,31,0.000,6,0,1.533,0.029,-0.240,0.320,-1.480,-0.015,0.055,1.000,-0.016,-0.024,0.006,0.000,0.000,0.000,0.000,0,NULL,NULL,,0,0,0,7,255,0,250,0,0
baseline,529,529,0,529,185653.078,0.930,-0.009,-0.003,0.368,698,169,61,1851,42,632,0,291,31,0.000,6,0,1.224,0.021,-0.480,0.380,-1.060,-0.013,0.056,1.000,-0.016,0.002,-0.014,0.000,0.000,0.000,0.000,0,NULL,NULL,,0,0,0,7,255,0,250,0,0
baseline,529,529,0,529,185658.078,0.930,-0.009,-0.003,0.368,697,166,57,1851,41,633,0,289,31,0.000,6,0,1.313,0.016,-0.480,0.320,-1.180,-0.010,0.055,1.003,0.008,0.002,-0.014,0.000,0.000,0.000,0.000,0,NULL,NULL,,0,0,0,7,255,0,250,0,0
baseline,559,559,0,559,185663.078,0.930,-0.009,-0.003,0.368,699,171,60,1863,45,634,0,288,31,0.000,6,0,1.591,0.019,-0.240,0.320,-1.540,-0.014,0.053,1.002,0.008,-0.010,0.014,0.000,0.000,0.000,0.000,0,NULL,NULL,,0,0,0,7,255,0,250,0,0
baseline,559,559,0,559,185668.079,0.930,-0.010,-0.003,0.368,699,169,59,1853,45,635,0,295,31,0.000,6,0,1.275,0.031,-0.300,0.380,-1.180,-0.018,0.056,1.003,-0.022,-0.010,0.020,0.000,0.000,0.000,0.000,0,NULL,NULL,,0,0,0,7,255,0,250,0,0
baseline,575,575,0,575,185673.079,0.930,-0.010,-0.003,0.368,697,165,57,1849,43,635,0,294,31,0.000,6,0,0.860,0.029,-0.300,0.320,-0.740,-0.015,0.054,1.003,-0.022,-0.006,0.018,0.000,0.000,0.000,0.000,0,NULL,NULL,,0,0,0,7,255,0,250,0,0
baseline,575,575,0,575,185678.078,0.930,-0.010,-0.003,0.368,697,167,56,1852,45,635,0,293,31,0.000,6,0,0.991,0.030,-0.180,0.320,-0.920,-0.012,0.054,1.004,-0.022,-0.006,0.020,0.000,0.000,0.000,0.000,0,NULL,NULL,,0,0,0,7,255,0,250,0,0
baseline,575,575,0,575,185683.078,0.930,-0.010,-0.003,0.368,697,165,57,1859,43,633,0,289,31,0.000,6,0,1.302,0.019,-0.120,0.380,-1.240,-0.015,0.057,1.001,0.002,-0.006,0.018,0.000,0.000,0.000,0.000,0,NULL,NULL,,0,0,0,7,255,0,250,0,0
baseline,575,575,0,575,185688.078,0.930,-0.010,-0.003,0.368,699,167,54,1851,41,633,0,288,31,0.000,6,0,1.096,0.019,-0.240,0.380,-1.000,-0.016,0.059,1.000,0.002,0.018,0.006,0.000,0.000,0.000,0.000,0,NULL,NULL,,0,0,0,7,255,0,250,0,0
baseline,575,575,0,575,185693.079,0.930,-0.010,-0.003,0.368,698,160,55,1863,45,631,0,285,31,0.000,6,0,0.938,0.023,-0.480,0.320,-0.740,-0.014,0.058,1.000,0.004,0.018,-0.014,0.000,0.000,0.000,0.000,0,NULL,NULL,,0,0,0,7,255,0,250,0,0
baseline,575,575,0,575,185698.078,0.930,-0.010,-0.003,0.368,701,168,55,1859,45,635,0,285,31,0.000,6,0,1.129,0.023,-0.600,0.260,-0.920,-0.014,0.055,1.001,0.004,0.018,-0.014,0.000,0.000,0.000,0.000,0,NULL,NULL,,0,0,0,7,255,0,250,0,0
baseline,575,575,0,575,185703.079,0.930,-0.010,-0.003,0.368,703,165,47,1864,39,632,0,285,31,0.000,6,0,1.115,0.013,-0.420,0.260,-1.000,-0.015,0.056,1.003,-0.010,0.008,0.004,0.000,0.000,0.000,0.000,0,NULL,NULL,,0,0,0,7,255,0,250,0,0
baseline,575,575,0,575,185708.078,0.930,-0.010,-0.003,0.368,700,160,55,1852,43,636,0,288,31,0.000,6,0,0.823,0.013,-0.300,0.200,-0.740,-0.015,0.057,1.000,-0.010,0.008,0.004,0.000,0.000,0.000,0.000,0,NULL,NULL,,0,0,0,7,255,0,250,0,0
baseline,591,591,0,591,185713.079,0.930,-0.010,-0.003,0.368,703,165,53,1867,45,633,0,283,31,0.000,6,0,0.782,0.010,-0.480,0.260,-0.560,-0.014,0.056,1.000,-0.004,0.008,-0.004,0.000,0.000,0.000,0.000,0,NULL,NULL,,0,0,0,7,255,0,250,0,0
baseline,591,591,0,591,185718.078,0.930,-0.010,-0.003,0.368,699,160,55,1855,42,633,0,288,31,0.000,6,0,0.969,0.011,-0.480,0.260,-0.800,-0.013,0.058,1.001,0.000,0.010,-0.004,0.000,0.000,0.000,0.000,0,NULL,NULL,,0,0,0,7,255,0,250,0,0
baseline,591,591,0,591,185723.078,0.930,-0.010,-0.003,0.369,699,160,51,1855,40,635,0,283,31,0.000,6,0,1.086,0.014,-0.480,0.320,-0.920,-0.013,0.057,1.000,0.010,0.002,-0.010,0.000,0.000,0.000,0.000,0,NULL,NULL,,0,0,0,7,255,0,250,0,0
baseline,591,591,0,591,185728.078,0.930,-0.010,-0.003,0.369,697,158,57,1854,43,635,0,283,31,0.000,6,0,1.096,0.012,-0.600,0.320,-0.860,-0.016,0.055,1.002,0.010,0.006,0.000,0.000,0.000,0.000,0.000,0,NULL,NULL,,0,0,0,7,255,0,250,0,0
baseline,607,607,0,607,185733.079,0.930,-0.010,-0.003,0.369,703,165,55,1868,43,635,0,287,31,0.000,6,0,0.920,0.016,-0.480,0.260,-0.740,-0.015,0.055,1.004,-0.012,0.002,0.010,0.000,0.000,0.000,0.000,0,NULL,NULL,,0,0,0,7,255,0,250,0,0
baseline,607,607,0,607,185738.078,0.930,-0.010,-0.003,0.369,701,166,56,1859,43,631,0,283,31,0.000,6,0,0.863,0.032,-0.360,0.260,-0.740,-0.014,0.053,1.004,-0.016,-0.004,0.028,0.000,0.000,0.000,0.000,0,NULL,NULL,,0,0,0,7,255,0,250,0,0
baseline,623,623,0,623,185743.078,0.930,-0.010,-0.003,0.369,699,163,48,1853,41,633,0,285,31,0.000,6,0,0.863,0.031,-0.360,0.260,-0.740,-0.014,0.056,1.003,-0.012,-0.004,0.028,0.000,0.000,0.000,0.000,0,NULL,NULL,,0,0,0,7,255,0,250,0,0
baseline,623,623,0,623,185748.078,0.930,-0.010,-0.003,0.369,703,163,51,1865,39,632,0,281,31,0.000,6,0,0.812,0.020,-0.360,0.260,-0.680,-0.014,0.055,1.002,-0.002,-0.008,0.018,0.000,0.000,0.000,0.000,0,NULL,NULL,,0,0,0,7,255,0,250,0,0
baseline,623,623,0,623,185753.080,0.929,-0.010,-0.003,0.369,698,161,51,1865,37,631,0,281,31,0.000,6,0,0.872,0.010,-0.480,0.260,-0.680,-0.013,0.056,1.002,-0.002,-0.006,0.008,0.000,0.000,0.000,0.000,0,NULL,NULL,,0,0,0,7,255,0,250,0,0
baseline,623,623,0,623,185758.078,0.929,-0.010,-0.003,0.369,699,160,53,1862,39,629,0,279,31,0.000,6,0,0.992,0.016,-0.420,0.260,-0.860,-0.013,0.057,1.001,0.012,-0.006,0.008,0.000,0.000,0.000,0.000,0,NULL,NULL,,0,0,0,7,255,0,250,0,0
baseline,671,671,0,671,185763.080,0.929,-0.010,-0.003,0.369,702,165,50,1862,37,631,0,277,31,0.000,6,0,1.070,0.016,-0.480,0.260,-0.920,-0.014,0.058,1.000,0.016,0.000,0.004,0.000,0.000,0.000,0.000,0,NULL,NULL,,0,0,0,7,255,0,250,0,0
baseline,671,671,0,671,185768.078,0.929,-0.010,-0.003,0.369,698,158,53,1862,35,629,0,279,31,0.000,6,0,1.098,0.025,-0.540,0.260,-0.920,-0.015,0.059,0.999,0.018,0.010,-0.014,0.000,0.000,0.000,0.000,0,NULL,NULL,,0,0,0,7,255,0,250,0,0
baseline,671,671,0,671,185773.081,0.929,-0.010,-0.003,0.369,697,157,54,1855,39,628,0,275,31,0.000,6,0,1.107,0.026,-0.720,0.260,-0.800,-0.014,0.058,1.000,0.018,0.012,-0.014,0.000,0.000,0.000,0.000,0,NULL,NULL,,0,0,0,7,255,0,250,0,0
baseline,671,671,0,671,185778.078,0.929,-0.010,-0.003,0.369,703,159,47,1863,39,621,0,268,31,0.000,6,0,1.151,0.024,-0.720,0.260,-0.860,-0.013,0.057,1.001,0.018,0.012,-0.010,0.000,0.000,0.000,0.000,0,NULL,NULL,,0,0,0,7,255,0,250,0,0
baseline,671,671,0,671,185783.078,0.929,-0.010,-0.003,0.369,703,163,53,1869,37,627,0,275,31,0.000,6,0,1.240,0.013,-0.660,0.320,-1.000,-0.013,0.055,1.002,0.012,-0.002,0.004,0.000,0.000,0.000,0.000,0,NULL,NULL,,0,0,0,7,255,0,250,0,0
baseline,671,671,0,671,185788.078,0.929,-0.010,-0.003,0.369,700,163,47,1855,33,622,0,269,31,0.000,6,0,1.357,0.018,-0.720,0.260,-1.120,-0.014,0.054,1.001,0.006,-0.016,0.004,0.000,0.000,0.000,0.000,0,NULL,NULL,,0,0,0,7,255,0,250,0,0
baseline,671,671,0,671,185793.079,0.929,-0.010,-0.003,0.369,701,158,47,1853,33,627,0,268,31,0.000,6,0,1.346,0.023,-0.720,0.200,-1.120,-0.016,0.055,1.002,-0.014,-0.016,0.008,0.000,0.000,0.000,0.000,0,NULL,NULL,,0,0,0,7,255,0,250,0,0
baseline,672,672,0,672,185798.078,0.929,-0.010,-0.003,0.369,703,159,48,1855,39,620,0,275,31,0.000,6,0,1.183,0.024,-0.600,0.200,-1.000,-0.015,0.052,1.002,-0.016,-0.016,0.008,0.000,0.000,0.000,0.000,0,NULL,NULL,,0,0,0,7,255,0,250,0,0
baseline,672,672,0,672,185803.078,0.929,-0.010,-0.003,0.369,701,159,53,1869,39,623,0,271,31,0.000,6,0,1.175,0.039,-0.600,0.140,-1.000,-0.015,0.052,1.005,-0.028,-0.024,0.014,0.000,0.000,0.000,0.000,0,NULL,NULL,,0,0,0,7,255,0,250,0,0
baseline,672,672,0,672,185808.080,0.929,-0.010,-0.003,0.369,697,155,46,1861,38,621,0,267,31,0.000,6,0,1.185,0.039,-0.360,0.140,-1.120,-0.014,0.054,1.002,-0.028,-0.024,0.012,0.000,0.000,0.000,0.000,0,NULL,NULL,,0,0,0,7,255,0,250,0,0
baseline,687,687,0,687,185813.079,0.929,-0.010,-0.003,0.369,707,155,48,1855,37,617,0,265,31,0.000,6,0,1.193,0.027,-0.360,0.200,-1.120,-0.016,0.055,1.000,-0.014,-0.020,0.012,0.000,0.000,0.000,0.000,0,NULL,NULL,,0,0,0,7,255,0,250,0,0
baseline,687,687,0,687,185818.078,0.929,-0.010,-0.003,0.369,700,149,53,1861,37,617,0,267,31,0.000,6,0,1.215,0.014,-0.660,0.200,-1.000,-0.016,0.057,1.003,-0.008,0.000,0.012,0.000,0.000,0.000,0.000,0,NULL,NULL,,0,0,0,7,255,0,250,0,0
baseline,703,703,0,703,185823.078,0.929,-0.010,-0.003,0.369,699,145,47,1864,33,615,0,267,31,0.000,6,0,0.795,0.003,-0.360,0.200,-0.680,-0.013,0.054,1.001,-0.002,0.000,-0.002,0.000,0.000,0.000,0.000,0,NULL,NULL,,0,0,0,7,255,0,250,0,0
baseline,703,703,0,703,185828.078,0.929,-0.010,-0.003,0.369,699,149,49,1863,44,619,0,266,31,0.000,6,0,1.206,0.022,-0.540,0.200,-1.060,-0.011,0.052,1.000,0.002,-0.022,-0.002,0.000,0.000,0.000,0.000,0,NULL,NULL,,0,0,0,7,255,0,250,0,0
baseline,703,703,0,703,185833.078,0.929,-0.010,-0.003,0.369,703,149,45,1863,43,618,0,270,31,0.000,6,0,1.364,0.022,-0.360,0.200,-1.300,-0.013,0.058,1.003,0.004,-0.022,-0.002,0.000,0.000,0.000,0.000,0,NULL,NULL,,0,0,0,7,255,0,250,0,0
baseline,703,703,0,703,185838.078,0.929,-0.010,-0.003,0.369,697,145,53,1855,42,619,0,270,31,0.000,6,0,1.232,0.013,-0.240,0.260,-1.180,-0.016,0.058,0.998,0.006,0.008,-0.008,0.000,0.000,0.000,0.000,0,NULL,NULL,,0,0,0,7,255,0,250,0,0
baseline,703,703,0,703,185843.078,0.929,-0.010,-0.003,0.369,701,149,54,1856,42,620,0,272,31,0.000,6,0,1.215,0.033,-0.660,0.200,-1.000,-0.014,0.059,1.000,0.026,0.020,-0.004,0.000,0.000,0.000,0.000,0,NULL,NULL,,0,0,0,7,255,0,250,0,0
baseline,719,719,0,719,185848.078,0.929,-0.010,-0.003,0.369,687,149,41,1865,48,617,0,274,31,0.000,6,0,1.098,0.026,-0.540,0.260,-0.920,-0.014,0.058,1.002,0.016,0.020,-0.004,0.000,0.000,0.000,0.000,0,NULL,NULL,,0,0,0,7,255,0,250,0,0
baseline,751,751,0,751,185853.078,0.929,-0.010,-0.003,0.370,701,143,41,1865,37,614,0,269,31,0.000,6,0,1.339,0.019,-0.600,0.200,-1.180,-0.014,0.055,1.000,0.016,0.010,-0.004,0.000,0.000,0.000,0.000,0,NULL,NULL,,0,0,0,7,255,0,250,0,0
baseline,751,751,0,751,185858.078,0.929,-0.010,-0.003,0.370,701,142,40,1863,39,613,0,265,31,0.000,6,0,1.377,0.018,-0.540,0.260,-1.240,-0.014,0.057,1.003,0.016,0.002,0.008,0.000,0.000,0.000,0.000,0,NULL,NULL,,0,0,0,7,255,0,250,0,0
baseline,751,751,0,751,185863.080,0.929,-0.010,-0.003,0.370,698,146,40,1867,43,609,0,270,31,0.000,6,0,1.261,0.010,-0.360,0.260,-1.180,-0.015,0.054,1.000,0.000,-0.008,-0.006,0.000,0.000,0.000,0.000,0,NULL,NULL,,0,0,0,7,255,0,250,0,0
baseline,751,751,0,751,185868.078,0.929,-0.010,-0.003,0.370,699,143,40,1865,46,608,0,269,31,0.000,6,0,1.300,0.009,-0.480,0.260,-1.180,-0.016,0.056,1.002,-0.004,0.002,0.008,0.000,0.000,0.000,0.000,0,NULL,NULL,,0,0,0,7,255,0,250,0,0
baseline,751,751,0,751,185873.080,0.929,-0.010,-0.003,0.370,701,143,43,1866,40,607,0,267,31,0.000,6,0,0.976,0.010,-0.060,0.320,-0.920,-0.018,0.063,1.000,-0.004,0.008,-0.004,0.000,0.000,0.000,0.000,0,NULL,NULL,,0,0,0,7,255,0,250,0,0
baseline,751,751,0,751,185878.079,0.929,-0.010,-0.003,0.370,699,141,42,1865,42,607,0,269,31,0.000,6,0,0.756,0.049,-0.420,0.380,-0.500,-0.016,0.061,0.997,0.024,0.042,-0.004,0.000,0.000,0.000,0.000,0,NULL,NULL,,0,0,0,7,255,0,250,0,0
baseline,751,751,0,751,185883.078,0.929,-0.010,-0.003,0.370,699,142,43,1864,39,611,0,269,31,0.000,6,0,1.599,0.049,-1.460,0.200,-0.620,-0.009,0.038,1.006,0.024,0.042,-0.004,0.000,0.000,0.000,0.000,0,NULL,NULL,,0,0,0,7,255,0,250,0,0
baseline,783,783,0,783,185888.078,0.929,-0.010,-0.003,0.370,698,141,41,1863,36,606,0,267,31,0.000,6,0,1.939,0.166,-0.360,0.140,-1.900,-0.011,0.041,1.016,-0.078,-0.140,0.044,0.000,0.000,0.000,0.000,0,NULL,NULL,,0,0,0,7,255,0,250,0,0
baseline,783,783,0,783,185893.078,0.929,-0.010,-0.003,0.370,704,143,41,1875,37,611,0,269,31,0.000,6,0,2.288,0.166,0.740,0.140,-2.160,-0.023,0.058,1.001,-0.078,-0.140,0.044,0.000,0.000,0.000,0.000,0,NULL,NULL,,0,0,0,7,255,0,250,0,0
baseline,783,783,0,783,185898.079,0.929,-0.010,-0.003,0.370,700,143,41,1869,30,607,0,264,31,0.000,6,0,0.833,0.078,0.120,0.200,-0.800,-0.025,0.069,0.992,-0.044,0.064,0.006,0.000,0.000,0.000,0.000,0,NULL,NULL,,0,0,0,7,255,0,250,0,0
baseline,783,783,0,783,185903.078,0.929,-0.010,-0.003,0.370,701,139,39,1866,38,604,0,264,31,0.000,6,0,0.584,0.098,-0.540,0.200,0.100,-0.014,0.069,0.996,0.022,0.086,-0.042,0.000,0.000,0.000,0.000,0,NULL,NULL,,0,0,0,7,255,0,250,0,0
baseline,783,783,0,783,185908.078,0.929,-0.010,-0.003,0.370,702,137,38,1869,29,605,0,265,31,0.000,6,0,1.417,0.098,-1.340,0.140,-0.440,-0.004,0.045,1.001,0.022,0.086,-0.042,0.000,0.000,0.000,0.000,0,NULL,NULL,,0,0,0,7,255,0,250,0,0
baseline,799,799,0,799,185913.080,0.929,-0.010,-0.003,0.370,701,139,41,1867,31,604,0,268,31,0.000,6,0,1.960,0.140,-0.660,0.140,-1.840,-0.009,0.043,1.013,0.008,-0.140,0.000,0.000,0.000,0.000,0.000,0,NULL,NULL,,0,0,0,7,255,0,250,0,0
baseline,799,799,0,799,185918.079,0.929,-0.010,-0.003,0.370,700,136,40,1875,30,600,0,267,31,0.000,6,0,1.988,0.141,0.680,0.320,-1.840,-0.025,0.065,1.001,-0.010,-0.140,0.010,0.000,0.000,0.000,0.000,0,NULL,NULL,,0,0,0,7,255,0,250,0,0
baseline,799,799,0,799,185923.078,0.929,-0.010,-0.003,0.370,699,137,41,1869,20,601,0,269,31,0.000,6,0,0.354,0.117,-0.240,0.260,-0.020,-0.021,0.066,0.990,-0.010,0.116,0.010,0.000,0.000,0.000,0.000,0,NULL,NULL,,0,0,0,7,255,0,250,0,0
baseline,799,799,0,799,185928.078,0.929,-0.010,-0.003,0.370,697,139,41,1868,24,603,0,267,31,0.000,6,0,1.587,0.117,-1.580,0.140,0.040,-0.008,0.044,1.005,-0.010,0.116,0.010,0.000,0.000,0.000,0.000,0,NULL,NULL,,0,0,0,7,255,0,250,0,0
baseline,799,799,0,799,185933.078,0.929,-0.010,-0.003,0.370,697,136,42,1865,24,599,0,267,31,0.000,6,0,1.672,0.069,0.000,0.200,-1.660,-0.011,0.054,1.013,0.014,-0.054,0.040,0.000,0.000,0.000,0.000,0,NULL,NULL,,0,0,0,7,255,0,250,0,0
baseline,799,799,0,799,185938.079,0.929,-0.010,-0.003,0.370,700,135,43,1869,23,603,0,261,31,0.000,6,0,1.388,0.074,0.240,0.140,-1.360,-0.021,0.056,0.995,-0.030,-0.054,0.040,0.000,0.000,0.000,0.000,0,NULL,NULL,,0,0,0,7,255,0,250,0,0
baseline,831,831,0,831,185943.079,0.929,-0.010,-0.003,0.370,699,139,41,1867,23,600,0,262,31,0.000,6,0,0.813,0.043,-0.720,0.200,-0.320,-0.020,0.061,1.001,0.000,0.042,0.008,0.000,0.000,0.000,0.000,0,NULL,NULL,,0,0,0,7,255,0,250,0,0
baseline,831,831,0,831,185948.078,0.929,-0.010,-0.003,0.370,700,135,43,1869,28,597,0,265,31,0.000,6,0,0.546,0.043,-0.420,0.140,-0.320,-0.013,0.054,1.004,0.000,0.042,0.008,0.000,0.000,0.000,0.000,0,NULL,NULL,,0,0,0,7,255,0,250,0,0
baseline,831,831,0,831,185953.078,0.929,-0.010,-0.003,0.370,699,138,41,1876,25,600,0,267,31,0.000,6,0,1.168,0.033,-0.300,0.140,-1.120,-0.014,0.048,1.001,0.000,-0.032,0.008,0.000,0.000,0.000,0.000,0,NULL,NULL,,0,0,0,7,255,0,250,0,0
baseline,831,831,0,831,185958.079,0.929,-0.010,-0.003,0.370,698,137,40,1867,19,597,0,263,31,0.000,6,0,1.196,0.046,-0.180,0.080,-1.180,-0.019,0.058,1.005,-0.014,-0.032,0.030,0.000,0.000,0.000,0.000,0,NULL,NULL,,0,0,0,7,255,0,250,0,0
baseline,864,864,0,864,185963.078,0.929,-0.010,-0.003,0.370,703,139,37,1876,19,589,0,267,31,0.000,6,0,0.451,0.038,-0.060,0.080,-0.440,-0.020,0.058,1.001,-0.016,0.034,0.008,0.000,0.000,0.000,0.000,0,NULL,NULL,,0,0,0,7,255,0,250,0,0
baseline,864,864,0,864,185968.078,0.929,-0.010,-0.003,0.370,701,140,41,1875,22,593,0,267,31,0.000,6,0,0.534,0.038,-0.420,0.080,-0.320,-0.015,0.051,1.001,-0.016,0.034,0.008,0.000,0.000,0.000,0.000,0,NULL,NULL,,0,0,0,7,255,0,250,0,0
baseline,864,864,0,864,185973.078,0.929,-0.010,-0.003,0.370,699,137,39,1867,20,589,0,267,31,0.000,6,0,0.824,0.044,-0.180,0.080,-0.800,-0.013,0.053,1.007,-0.016,-0.040,0.008,0.000,0.000,0.000,0.000,0,NULL,NULL,,0,0,0,7,255,0,250,0,0
baseline,864,864,0,864,185978.078,0.929,-0.010,-0.003,0.370,696,141,39,1864,24,588,0,268,31,0.000,6,0,0.931,0.046,0.120,0.080,-0.920,-0.017,0.055,1.001,-0.022,-0.040,0.004,0.000,0.000,0.000,0.000,0,NULL,NULL,,0,0,0,7,255,0,250,0,0
baseline,864,864,0,864,185983.079,0.929,-0.010,-0.003,0.370,697,136,41,1864,19,584,0,265,31,0.000,6,0,0.647,0.004,-0.120,0.140,-0.620,-0.018,0.060,1.000,-0.004,-0.002,0.000,0.000,0.000,0.000,0.000,0,NULL,NULL,,0,0,0,7,255,0,250,0,0
baseline,864,864,0,864,185988.078,0.929,-0.010,-0.003,0.370,696,136,43,1865,19,583,0,267,31,0.000,6,0,0.482,0.021,-0.180,0.080,-0.440,-0.015,0.060,1.000,0.006,0.020,-0.002,0.000,0.000,0.000,0.000,0,NULL,NULL,,0,0,0,7,255,0,250,0,0
baseline,882,882,0,882,185993.078,0.929,-0.010,-0.003,0.370,700,137,41,1863,21,573,0,264,31,0.000,6,0,0.621,0.022,-0.360,0.080,-0.500,-0.015,0.055,1.000,0.006,0.020,-0.008,0.000,0.000,0.000,0.000,0,NULL,NULL,,0,0,0,7,255,0,250,0,0
baseline,882,882,0,882,185998.078,0.929,-0.010,-0.003,0.371,701,138,41,1873,20,583,0,263,31,0.000,6,0,0.680,0.012,-0.360,0.140,-0.560,-0.015,0.056,1.003,-0.002,-0.012,-0.002,0.000,0.000,0.000,0.000,0,NULL,NULL,,0,0,0,7,255,0,250,0,0
baseline,882,882,0,882,186003.079,0.929,-0.010,-0.003,0.371,701,139,41,1875,22,584,0,263,31,0.000,6,0,0.577,0.012,0.000,0.140,-0.560,-0.016,0.057,1.001,-0.002,-0.012,0.002,0.000,0.000,0.000,0.000,0,NULL,NULL,,0,0,0,7,255,0,250,0,0
baseline,882,882,0,882,186008.078,0.929,-0.010,-0.003,0.371,696,139,41,1865,22,584,0,263,31,0.000,6,0,0.496,0.005,-0.180,0.140,-0.440,-0.017,0.057,1.001,-0.002,0.004,0.002,0.000,0.000,0.000,0.000,0,NULL,NULL,,0,0,0,7,255,0,250,0,0
baseline,895,895,0,895,186013.080,0.929,-0.010,-0.003,0.371,693,139,39,1867,24,576,0,247,31,0.000,6,0,0.408,0.007,-0.240,0.080,-0.320,-0.016,0.058,1.001,0.002,0.006,0.002,0.000,0.000,0.000,0.000,0,NULL,NULL,,0,0,0,7,255,0,250,0,0
baseline,895,895,0,895,186018.078,0.929,-0.010,-0.003,0.371,695,136,41,1875,19,576,0,249,31,0.000,6,0,0.422,0.009,-0.120,0.140,-0.380,-0.015,0.057,1.000,0.008,0.004,0.002,0.000,0.000,0.000,0.000,0,NULL,NULL,,0,0,0,7,255,0,250,0,0
baseline,895,895,0,895,186023.077,0.929,-0.010,-0.003,0.371,695,136,41,1868,21,574,0,247,31,0.000,6,0,0.424,0.008,-0.240,0.140,-0.320,-0.016,0.056,1.001,0.008,-0.002,0.000,0.000,0.000,0.000,0.000,0,NULL,NULL,,0,0,0,7,255,0,250,0,0
baseline,895,895,0,895,186028.078,0.929,-0.010,-0.003,0.371,696,136,40,1869,24,575,0,253,31,0.000,6,0,0.466,0.006,-0.180,0.200,-0.380,-0.016,0.055,1.003,-0.002,-0.006,0.000,0.000,0.000,0.000,0.000,0,NULL,NULL,,0,0,0,7,255,0,250,0,0
baseline,911,911,0,911,186033.078,0.929,-0.010,-0.003,0.371,699,136,42,1867,22,579,0,253,31,0.000,6,0,0.477,0.012,-0.120,0.140,-0.440,-0.016,0.056,1.001,-0.004,-0.010,0.006,0.000,0.000,0.000,0.000,0,NULL,NULL,,0,0,0,7,255,0,250,0,0
baseline,911,911,0,911,186038.078,0.929,-0.010,-0.003,0.371,695,138,39,1867,23,573,0,256,31,0.000,6,0,0.477,0.012,-0.120,0.140,-0.440,-0.016,0.057,1.001,-0.004,-0.010,0.006,0.000,0.000,0.000,0.000,0,NULL,NULL,,0,0,0,7,255,0,250,0,0
baseline,927,927,0,927,186043.080,0.929,-0.010,-0.003,0.371,699,137,37,1863,27,570,0,255,31,0.000,6,0,0.418,0.007,-0.180,0.200,-0.320,-0.017,0.058,1.000,0.002,0.002,0.006,0.000,0.000,0.000,0.000,0,NULL,NULL,,0,0,0,7,255,0,250,0,0
baseline,927,927,0,927,186048.078,0.929,-0.010,-0.004,0.371,694,139,43,1863,29,578,0,259,31,0.000,6,0,0.406,0.007,-0.240,0.200,-0.260,-0.016,0.056,1.002,0.002,0.002,0.006,0.000,0.000,0.000,0.000,0,NULL,NULL,,0,0,0,7,255,0,250,0,0
baseline,927,927,0,927,186053.080,0.929,-0.010,-0.004,0.371,699,139,42,1875,29,581,0,264,31,0.000,6,0,0.333,0.019,-0.060,0.200,-0.260,-0.015,0.055,1.003,-0.002,-0.012,0.014,0.000,0.000,0.000,0.000,0,NULL,NULL,,0,0,0,7,255,0,250,0,0
baseline,927,927,0,927,186058.078,0.929,-0.011,-0.004,0.371,691,136,41,1856,28,578,0,249,31,0.000,6,0,0.483,0.019,0.000,0.200,-0.440,-0.017,0.057,1.001,-0.002,-0.012,0.014,0.000,0.000,0.000,0.000,0,NULL,NULL,,0,0,0,7,255,0,250,0,0
baseline,959,959,0,959,186063.079,0.929,-0.011,-0.004,0.371,693,140,40,1867,27,573,0,251,31,0.000,6,0,0.396,0.011,-0.120,0.200,-0.320,-0.017,0.058,1.002,-0.002,0.004,0.010,0.000,0.000,0.000,0.000,0,NULL,NULL,,0,0,0,7,255,0,250,0,0
baseline,959,959,0,959,186068.078,0.929,-0.011,-0.004,0.371,688,135,41,1864,28,571,0,249,31,0.000,6,0,0.289,0.011,-0.060,0.200,-0.200,-0.017,0.057,1.002,-0.002,0.004,0.010,0.000,0.000,0.000,0.000,0,NULL,NULL,,0,0,0,7,255,0,250,0,0
baseline,959,959,0,959,186073.080,0.929,-0.011,-0.004,0.371,695,139,41,1873,28,571,0,251,31,0.000,6,0,0.283,0.015,0.000,0.200,-0.200,-0.017,0.056,1.003,-0.006,0.000,0.014,0.000,0.000,0.000,0.000,0,NULL,NULL,,0,0,0,7,255,0,250,0,0
baseline,959,959,0,959,186078.078,0.929,-0.011,-0.004,0.371,694,136,38,1864,23,569,0,251,31,0.000,6,0,0.301,0.018,-0.060,0.140,-0.260,-0.017,0.055,1.002,-0.010,-0.004,0.014,0.000,0.000,0.000,0.000,0,NULL,NULL,,0,0,0,7,255,0,250,0,0
baseline,959,959,0,959,186083.079,0.929,-0.011,-0.004,0.371,688,138,37,1864,23,568,0,251,31,0.000,6,0,0.422,0.028,-0.120,0.140,-0.380,-0.017,0.055,1.003,-0.016,-0.012,0.020,0.000,0.000,0.000,0.000,0,NULL,NULL,,0,0,0,7,255,0,250,0,0
baseline,959,959,0,959,186088.078,0.929,-0.011,-0.004,0.371,688,137,39,1867,26,568,0,249,31,0.000,6,0,0.326,0.022,0.180,0.080,-0.260,-0.019,0.058,1.001,-0.016,-0.012,0.008,0.000,0.000,0.000,0.000,0,NULL,NULL,,0,0,0,7,255,0,250,0,0
baseline,975,975,0,975,186093.078,0.929,-0.011,-0.004,0.371,687,139,37,1855,24,569,0,251,31,0.000,6,0,0.128,0.021,0.060,0.080,-0.080,-0.017,0.058,0.999,-0.016,0.012,0.006,0.000,0.000,0.000,0.000,0,NULL,NULL,,0,0,0,7,255,0,250,0,0
baseline,975,975,0,975,186098.078,0.929,-0.011,-0.004,0.371,693,139,42,1871,28,571,0,249,31,0.000,6,0,0.213,0.015,-0.180,0.080,-0.080,-0.016,0.056,1.002,-0.006,0.012,0.006,0.000,0.000,0.000,0.000,0,NULL,NULL,,0,0,0,7,255,0,250,0,0
baseline,976,976,0,976,186103.079,0.929,-0.011,-0.004,0.371,686,136,38,1861,26,573,0,245,31,0.000,6,0,0.172,0.019,0.060,0.080,-0.140,-0.016,0.056,1.004,-0.006,-0.016,0.008,0.000,0.000,0.000,0.000,0,NULL,NULL,,0,0,0,7,255,0,250,0,0
baseline,976,976,0,976,186108.078,0.929,-0.011,-0.004,0.371,689,135,40,1863,24,567,0,232,31,0.000,6,0,0.279,0.019,0.240,0.020,-0.140,-0.017,0.060,1.000,-0.006,-0.016,0.008,0.000,0.000,0.000,0.000,0,NULL,NULL,,0,0,0,7,255,0,250,0,0
baseline,991,991,0,991,186113.079,0.929,-0.011,-0.004,0.371,693,140,42,1873,27,572,0,234,31,0.000,6,0,0.351,0.030,-0.120,0.080,-0.320,-0.017,0.061,0.999,0.018,0.020,-0.014,0.000,0.000,0.000,0.000,0,NULL,NULL,,0,0,0,7,255,0,250,0,0
baseline,991,991,0,991,186118.078,0.929,-0.011,-0.004,0.371,692,139,41,1870,24,569,0,233,31,0.000,6,0,0.341,0.030,-0.300,0.080,-0.140,-0.017,0.056,1.002,0.018,0.020,-0.014,0.000,0.000,0.000,0.000,0,NULL,NULL,,0,0,0,7,255,0,250,0,0
baseline,1007,1007,0,1007,186123.078,0.929,-0.011,-0.004,0.371,689,139,43,1867,23,567,0,227,31,0.000,6,0,0.154,0.016,-0.060,0.140,-0.020,-0.015,0.053,1.005,-0.010,-0.008,0.010,0.000,0.000,0.000,0.000,0,NULL,NULL,,0,0,0,7,255,0,250,0,0
baseline,1007,1007,0,1007,186128.078,0.929,-0.011,-0.004,0.371,686,135,38,1855,27,568,0,232,31,0.000,6,0,0.232,0.023,0.120,0.140,-0.140,-0.014,0.057,1.002,-0.010,-0.018,0.010,0.000,0.000,0.000,0.000,0,NULL,NULL,,0,0,0,7,255,0,250,0,0
baseline,1007,1007,0,1007,186133.078,0.929,-0.011,-0.004,0.371,693,139,39,1861,26,564,0,231,31,0.000,6,0,0.289,0.021,-0.060,0.200,-0.200,-0.016,0.058,0.999,0.006,-0.018,0.008,0.000,0.000,0.000,0.000,0,NULL,NULL,,0,0,0,7,255,0,250,0,0
baseline,1007,1007,0,1007,186138.078,0.929,-0.011,-0.004,0.371,683,141,39,1863,25,563,0,223,31,0.000,6,0,0.342,0.015,-0.240,0.140,-0.200,-0.016,0.057,1.000,0.006,-0.010,-0.010,0.000,0.000,0.000,0.000,0,NULL,NULL,,0,0,0,7,255,0,250,0,0
baseline,1023,1023,0,1023,186143.078,0.929,-0.011,-0.004,0.371,688,139,40,1863,26,569,0,227,31,0.000,6,0,0.244,0.015,0.000,0.200,-0.140,-0.016,0.059,1.000,0.006,0.002,-0.014,0.000,0.000,0.000,0.000,0,NULL,NULL,,0,0,0,7,255,0,250,0,0
baseline,1023,1023,0,1023,186148.078,0.929,-0.011,-0.004,0.371,684,136,39,1863,31,569,0,231,31,0.000,6,0,0.289,0.021,-0.060,0.200,-0.200,-0.015,0.062,0.998,0.014,0.008,-0.014,0.000,0.000,0.000,0.000,0,NULL,NULL,,0,0,0,7,255,0,250,0,0
baseline,1057,1057,0,1057,186153.079,0.929,-0.011,-0.004,0.371,685,134,39,1865,26,559,0,231,31,0.000,6,0,0.439,0.021,-0.240,0.260,-0.260,-0.017,0.058,1.000,0.014,0.008,-0.014,0.000,0.000,0.000,0.000,0,NULL,NULL,,0,0,0,7,255,0,250,0,0
baseline,1057,1057,0,1057,186158.078,0.929,-0.011,-0.004,0.371,683,138,38,1861,25,565,0,236,31,0.000,6,0,0.381,0.008,-0.240,0.260,-0.140,-0.017,0.054,1.003,0.002,0.002,-0.008,0.000,0.000,0.000,0.000,0,NULL,NULL,,0,0,0,7,255,0,250,0,0
baseline,1057,1057,0,1057,186163.079,0.929,-0.011,-0.004,0.371,681,137,37,1863,20,565,0,228,31,0.000,6,0,0.333,0.028,0.060,0.260,-0.200,-0.017,0.056,1.004,-0.014,-0.016,0.018,0.000,0.000,0.000,0.000,0,NULL,NULL,,0,0,0,7,255,0,250,0,0
baseline,1057,1057,0,1057,186168.079,0.929,-0.011,-0.004,0.371,682,134,39,1865,25,569,0,229,31,0.000,6,0,0.544,0.028,0.000,0.320,-0.440,-0.017,0.056,1.003,-0.014,-0.016,0.018,0.000,0.000,0.000,0.000,0,NULL,NULL,,0,0,0,7,255,0,250,0,0
baseline,1057,1057,0,1057,186173.080,0.929,-0.011,-0.004,0.371,682,133,43,1855,23,564,0,226,31,0.000,6,0,0.552,0.025,-0.120,0.200,-0.500,-0.018,0.058,1.000,-0.014,-0.010,0.018,0.000,0.000,0.000,0.000,0,NULL,NULL,,0,0,0,7,255,0,250,0,0
baseline,1057,1057,0,1057,186178.078,0.929,-0.011,-0.004,0.371,684,138,39,1861,24,563,0,219,31,0.000,6,0,0.349,0.016,-0.120,0.200,-0.260,-0.019,0.059,1.002,-0.008,0.010,0.010,0.000,0.000,0.000,0.000,0,NULL,NULL,,0,0,0,7,255,0,250,0,0
baseline,1073,1073,0,1073,186183.078,0.929,-0.011,-0.004,0.371,683,135,41,1863,21,566,0,225,31,0.000,6,0,0.232,0.015,-0.120,0.140,-0.140,-0.019,0.058,1.000,-0.008,0.012,-0.004,0.000,0.000,0.000,0.000,0,NULL,NULL,,0,0,0,7,255,0,250,0,0
baseline,1073,1073,0,1073,186188.079,0.929,-0.011,-0.004,0.371,681,137,41,1856,21,563,0,231,31,0.000,6,0,0.303,0.017,-0.180,0.140,-0.200,-0.016,0.061,0.999,-0.004,0.014,-0.008,0.000,0.000,0.000,0.000,0,NULL,NULL,,0,0,0,7,255,0,250,0,0
baseline,1074,1074,0,1074,186193.078,0.929,-0.011,-0.004,0.371,686,138,43,1868,22,565,0,227,31,0.000,6,0,0.424,0.032,-0.240,0.140,-0.320,-0.015,0.062,0.998,0.022,0.014,-0.018,0.000,0.000,0.000,0.000,0,NULL,NULL,,0,0,0,7,255,0,250,0,0
baseline,1074,1074,0,1074,186198.078,0.929,-0.011,-0.004,0.371,685,136,43,1852,21,558,0,229,31,0.000,6,0,0.524,0.040,-0.300,0.200,-0.380,-0.015,0.061,0.999,0.030,0.014,-0.022,0.000,0.000,0.000,0.000,0,NULL,NULL,,0,0,0,7,255,0,250,0,0
baseline,1074,1074,0,1074,186203.078,0.929,-0.011,-0.004,0.371,687,137,40,1855,21,557,0,233,31,0.000,6,0,0.406,0.038,-0.240,0.260,-0.200,-0.016,0.060,1.000,0.030,0.008,-0.022,0.000,0.000,0.000,0.000,0,NULL,NULL,,0,0,0,7,255,0,250,0,0
baseline,1074,1074,0,1074,186208.079,0.929,-0.011,-0.004,0.371,683,133,40,1854,19,555,0,221,31,0.000,6,0,0.447,0.019,-0.240,0.320,-0.200,-0.015,0.057,1.001,0.018,0.006,-0.004,0.000,0.000,0.000,0.000,0,NULL,NULL,,0,0,0,7,255,0,250,0,0
baseline,1087,1087,0,1087,186213.080,0.929,-0.011,-0.004,0.371,683,137,39,1853,24,557,0,229,31,0.000,6,0,0.580,0.026,-0.300,0.320,-0.380,-0.016,0.055,1.004,0.008,-0.024,0.006,0.000,0.000,0.000,0.000,0,NULL,NULL,,0,0,0,7,255,0,250,0,0
baseline,1087,1087,0,1087,186218.078,0.929,-0.011,-0.004,0.371,679,132,43,1853,25,559,0,223,31,0.000,6,0,0.573,0.041,-0.180,0.320,-0.440,-0.016,0.055,1.004,-0.012,-0.028,0.028,0.000,0.000,0.000,0.000,0,NULL,NULL,,0,0,0,7,255,0,250,0,0
baseline,1104,1104,0,1104,186223.078,0.929,-0.011,-0.004,0.371,679,133,43,1855,25,555,0,227,31,0.000,6,0,0.576,0.042,-0.120,0.260,-0.500,-0.018,0.056,1.003,-0.014,-0.028,0.028,0.000,0.000,0.000,0.000,0,NULL,NULL,,0,0,0,7,255,0,250,0,0
baseline,1104,1104,0,1104,186228.079,0.929,-0.011,-0.004,0.371,679,133,41,1862,16,552,0,218,31,0.000,6,0,0.607,0.030,-0.120,0.200,-0.560,-0.018,0.061,1.002,-0.014,-0.012,0.024,0.000,0.000,0.000,0.000,0,NULL,NULL,,0,0,0,7,255,0,250,0,0
baseline,1104,1104,0,1104,186233.078,0.929,-0.011,-0.004,0.371,672,132,42,1853,18,553,0,227,31,0.000,6,0,0.496,0.022,-0.180,0.140,-0.440,-0.019,0.059,1.000,-0.012,0.016,0.010,0.000,0.000,0.000,0.000,0,NULL,NULL,,0,0,0,7,255,0,250,0,0
baseline,1104,1104,0,1104,186238.078,0.929,-0.011,-0.004,0.371,671,131,43,1863,18,544,0,225,31,0.000,6,0,0.466,0.019,-0.360,0.140,-0.260,-0.017,0.059,1.001,0.010,0.016,0.000,0.000,0.000,0.000,0.000,0,NULL,NULL,,0,0,0,7,255,0,250,0,0
baseline,1119,1119,0,1119,186243.078,0.929,-0.011,-0.004,0.371,679,136,43,1864,16,552,0,227,31,0.000,6,0,0.492,0.013,-0.240,0.200,-0.380,-0.014,0.061,1.000,0.010,0.002,-0.008,0.000,0.000,0.000,0.000,0,NULL,NULL,,0,0,0,7,255,0,250,0,0
baseline,1119,1119,0,1119,186248.079,0.929,-0.011,-0.004,0.371,671,127,43,1849,13,547,0,221,31,0.000,6,0,0.728,0.013,-0.420,0.200,-0.560,-0.017,0.058,0.999,0.010,-0.004,-0.008,0.000,0.000,0.000,0.000,0,NULL,NULL,,0,0,0,7,255,0,250,0,0
baseline,1135,1135,0,1135,186253.078,0.929,-0.011,-0.004,0.371,671,126,41,1853,11,539,0,221,31,0.000,6,0,0.751,0.009,-0.480,0.140,-0.560,-0.017,0.056,1.001,0.002,-0.004,-0.008,0.000,0.000,0.000,0.000,0,NULL,NULL,,0,0,0,7,255,0,250,0,0
baseline,1135,1135,0,1135,186258.078,0.929,-0.011,-0.004,0.371,669,135,41,1849,17,541,0,219,31,0.000,6,0,0.613,0.009,-0.240,0.260,-0.500,-0.016,0.060,1.000,0.002,-0.004,-0.008,0.000,0.000,0.000,0.000,0,NULL,NULL,,0,0,0,7,255,0,250,0,0
baseline,1167,1167,0,1167,186263.078,0.928,-0.011,-0.004,0.371,668,125,43,1854,17,542,0,221,31,0.000,6,0,0.666,0.022,-0.300,0.200,-0.560,-0.016,0.061,0.997,0.020,-0.002,-0.008,0.000,0.000,0.000,0.000,0,NULL,NULL,,0,0,0,7,255,0,250,0,0
baseline,1167,1167,0,1167,186268.078,0.928,-0.011,-0.004,0.371,676,125,53,1855,18,541,0,227,31,0.000,6,0,0.747,0.031,-0.420,0.260,-0.560,-0.015,0.062,1.000,0.030,0.004,-0.008,0.000,0.000,0.000,0.000,0,NULL,NULL,,0,0,0,7,255,0,250,0,0
baseline,1167,1167,0,1167,186273.080,0.928,-0.011,-0.004,0.371,673,126,39,1853,13,538,0,221,31,0.000,6,0,0.652,0.031,-0.360,0.320,-0.440,-0.016,0.058,1.000,0.030,0.004,-0.008,0.000,0.000,0.000,0.000,0,NULL,NULL,,0,0,0,7,255,0,250,0,0
baseline,1167,1167,0,1167,186278.078,0.928,-0.011,-0.004,0.371,667,124,42,1851,19,539,0,217,31,0.000,6,0,0.621,0.018,-0.300,0.320,-0.440,-0.014,0.057,1.001,0.010,-0.014,-0.004,0.000,0.000,0.000,0.000,0,NULL,NULL,,0,0,0,7,255,0,250,0,0
baseline,1167,1167,0,1167,186283.078,0.928,-0.011,-0.004,0.371,667,127,40,1851,17,535,0,227,31,0.000,6,0,0.718,0.035,-0.240,0.380,-0.560,-0.015,0.055,1.002,0.008,-0.034,0.004,0.000,0.000,0.000,0.000,0,NULL,NULL,,0,0,0,7,255,0,250,0,0
baseline,1167,1167,0,1167,186288.078,0.928,-0.012,-0.004,0.371,664,126,44,1859,13,532,0,220,31,0.000,6,0,0.812,0.036,-0.060,0.440,-0.680,-0.017,0.056,1.002,-0.008,-0.034,0.010,0.000,0.000,0.000,0.000,0,NULL,NULL,,0,0,0,7,255,0,250,0,0
baseline,1167,1167,0,1167,186293.079,0.928,-0.012,-0.004,0.371,669,123,40,1854,14,531,0,217,31,0.000,6,0,0.812,0.027,-0.060,0.440,-0.680,-0.019,0.060,1.002,-0.008,-0.022,0.014,0.000,0.000,0.000,0.000,0,NULL,NULL,,0,0,0,7,255,0,250,0,0
baseline,1167,1167,0,1167,186298.078,0.928,-0.012,-0.004,0.371,669,125,39,1863,17,525,0,221,31,0.000,6,0,0.722,0.018,-0.120,0.440,-0.560,-0.019,0.057,1.002,-0.012,0.000,0.014,0.000,0.000,0.000,0.000,0,NULL,NULL,,0,0,0,7,255,0,250,0,0
baseline,1183,1183,0,1183,186303.078,0.928,-0.012,-0.004,0.371,665,125,42,1853,19,521,0,221,31,0.000,6,0,0.628,0.012,0.000,0.500,-0.380,-0.016,0.057,1.001,-0.006,0.000,0.010,0.000,0.000,0.000,0.000,0,NULL,NULL,,0,0,0,7,255,0,250,0,0
baseline,1183,1183,0,1183,186308.078,0.928,-0.012,-0.004,0.371,663,125,40,1848,16,517,0,222,31,0.000,6,0,0.894,0.004,0.000,0.580,-0.680,-0.016,0.061,1.000,0.000,0.000,0.004,0.000,0.000,0.000,0.000,0,NULL,NULL,,0,0,0,7,255,0,250,0,0
baseline,1183,1183,0,1183,186313.081,0.928,-0.012,-0.004,0.371,661,124,40,1853,18,520,0,217,31,0.000,6,0,0.931,0.022,-0.180,0.440,-0.800,-0.018,0.062,0.999,0.022,0.000,-0.004,0.000,0.000,0.000,0.000,0,NULL,NULL,,0,0,0,7,255,0,250,0,0
baseline,1183,1183,0,1183,186318.078,0.928,-0.012,-0.004,0.371,663,125,41,1851,17,517,0,215,31,0.000,6,0,0.900,0.033,-0.420,0.500,-0.620,-0.020,0.063,1.002,0.022,0.024,-0.004,0.000,0.000,0.000,0.000,0,NULL,NULL,,0,0,0,7,255,0,250,0,0
baseline,1199,1199,0,1199,186323.080,0.928,-0.012,-0.004,0.371,663,123,38,1853,17,506,0,215,31,0.000,6,0,0.730,0.031,-0.300,0.500,-0.440,-0.020,0.061,1.001,0.012,0.028,0.006,0.000,0.000,0.000,0.000,0,NULL,NULL,,0,0,0,7,255,0,250,0,0
baseline,1199,1199,0,1199,186328.078,0.928,-0.012,-0.004,0.371,661,120,41,1851,17,505,0,213,31,0.000,6,0,0.787,0.030,-0.420,0.500,-0.440,-0.017,0.055,1.002,0.002,0.028,0.010,0.000,0.000,0.000,0.000,0,NULL,NULL,,0,0,0,7,255,0,250,0,0
baseline,1217,1217,0,1217,186333.079,0.928,-0.012,-0.004,0.371,659,115,39,1851,16,504,0,211,31,0.000,6,0,0.629,0.026,-0.240,0.440,-0.380,-0.017,0.057,1.004,-0.010,-0.022,0.010,0.000,0.000,0.000,0.000,0,NULL,NULL,,0,0,0,7,255,0,250,0,0
baseline,1217,1217,0,1217,186338.078,0.928,-0.012,-0.004,0.371,656,117,39,1851,17,501,0,205,31,0.000,6,0,0.669,0.028,-0.060,0.500,-0.440,-0.017,0.057,1.002,-0.010,-0.022,0.014,0.000,0.000,0.000,0.000,0,NULL,NULL,,0,0,0,7,255,0,250,0,0
baseline,1217,1217,0,1217,186343.080,0.928,-0.012,-0.004,0.371,659,113,39,1849,13,496,0,211,31,0.000,6,0,0.717,0.028,-0.120,0.500,-0.500,-0.018,0.059,1.001,-0.010,-0.022,0.014,0.000,0.000,0.000,0.000,0,NULL,NULL,,0,0,0,7,255,0,250,0,0
baseline,1217,1217,0,1217,186348.078,0.928,-0.012,-0.004,0.371,653,117,33,1852,8,493,0,205,31,0.000,6,0,0.786,0.010,-0.120,0.640,-0.440,-0.018,0.058,1.001,-0.006,-0.006,0.006,0.000,0.000,0.000,0.000,0,NULL,NULL,,0,0,0,7,255,0,250,0,0
baseline,1231,1231,0,1231,186353.079,0.928,-0.012,-0.004,0.372,653,110,37,1853,9,492,0,208,31,0.000,6,0,0.756,0.007,-0.120,0.700,-0.260,-0.017,0.059,0.999,0.004,-0.006,0.000,0.000,0.000,0.000,0.000,0,NULL,NULL,,0,0,0,7,255,0,250,0,0
baseline,1231,1231,0,1231,186358.078,0.928,-0.012,-0.004,0.372,651,111,39,1849,16,494,0,205,31,0.000,6,0,0.775,0.011,-0.060,0.760,-0.140,-0.015,0.059,1.000,0.006,-0.008,-0.004,0.000,0.000,0.000,0.000,0,NULL,NULL,,0,0,0,7,255,0,250,0,0
baseline,1263,1263,0,1263,186363.080,0.928,-0.012,-0.004,0.372,659,114,39,1863,11,491,0,207,31,0.000,6,0,0.918,0.033,0.000,0.880,-0.260,-0.014,0.060,1.000,0.026,-0.020,-0.004,0.000,0.000,0.000,0.000,0,NULL,NULL,,0,0,0,7,255,0,250,0,0
baseline,1263,1263,0,1263,186368.078,0.928,-0.012,-0.004,0.372,653,110,38,1853,11,485,0,206,31,0.000,6,0,1.038,0.041,0.000,0.940,-0.440,-0.015,0.061,0.999,0.036,-0.020,-0.004,0.000,0.000,0.000,0.000,0,NULL,NULL,,0,0,0,7,255,0,250,0,0
baseline,1263,1263,0,1263,186373.079,0.928,-0.012,-0.004,0.372,652,109,37,1855,6,485,0,190,31,0.000,6,0,1.171,0.043,0.120,1.120,-0.320,-0.016,0.063,0.998,0.036,-0.006,-0.022,0.000,0.000,0.000,0.000,0,NULL,NULL,,0,0,0,7,255,0,250,0,0
baseline,1263,1263,0,1263,186378.078,0.928,-0.012,-0.004,0.372,652,105,39,1863,12,476,0,199,31,0.000,6,0,1.190,0.055,0.060,1.180,-0.140,-0.014,0.062,0.994,0.048,-0.006,-0.026,0.000,0.000,0.000,0.000,0,NULL,NULL,,0,0,0,7,255,0,250,0,0
baseline,1263,1263,0,1263,186383.078,0.928,-0.012,-0.004,0.372,652,105,37,1854,5,477,0,196,31,0.000,6,0,1.326,0.057,0.000,1.300,-0.260,-0.014,0.061,0.998,0.048,-0.006,-0.030,0.000,0.000,0.000,0.000,0,NULL,NULL,,0,0,0,7,255,0,250,0,0
baseline,1263,1263,0,1263,186388.078,0.928,-0.012,-0.004,0.372,657,106,40,1861,10,471,0,189,31,0.000,6,0,1.539,0.058,0.180,1.480,-0.380,-0.013,0.060,1.000,0.046,-0.020,-0.030,0.000,0.000,0.000,0.000,0,NULL,NULL,,0,0,0,7,255,0,250,0,0
baseline,1284,1284,0,1284,186393.078,0.928,-0.012,-0.004,0.372,660,102,33,1863,9,475,0,186,31,0.000,6,0,1.806,0.051,0.440,1.660,-0.560,-0.012,0.063,1.000,0.046,-0.022,-0.002,0.000,0.000,0.000,0.000,0,NULL,NULL,,0,0,0,7,255,0,250,0,0
baseline,1284,1284,0,1284,186398.078,0.928,-0.012,-0.004,0.372,661,107,37,1873,8,472,0,173,31,0.000,6,0,1.950,0.075,0.560,1.740,-0.680,-0.011,0.063,0.997,0.072,-0.022,-0.002,0.000,0.000,0.000,0.000,0,NULL,NULL,,0,0,0,7,255,0,250,0,0
baseline,1284,1284,0,1284,186403.078,0.928,-0.012,-0.004,0.372,660,106,35,1864,3,456,0,165,31,0.000,6,0,2.368,0.087,0.440,2.040,-1.120,-0.008,0.062,0.998,0.080,-0.022,-0.026,0.000,0.000,0.000,0.000,0,NULL,NULL,,0,0,0,7,255,0,250,0,0
baseline,1284,1284,0,1284,186408.078,0.928,-0.013,-0.005,0.372,658,104,29,1867,2,446,0,155,31,0.000,6,0,3.879,0.092,2.440,2.040,-2.220,-0.021,0.054,1.024,0.080,-0.038,-0.026,0.000,0.000,0.000,0.000,0,NULL,NULL,,0,0,0,7,255,0,250,0,0
baseline,1284,1284,0,1284,186413.078,0.928,-0.013,-0.005,0.372,656,103,33,1867,4,447,0,153,31,0.000,6,0,6.544,0.100,5.860,2.100,-2.020,-0.023,0.054,1.008,-0.056,-0.038,0.074,0.000,0.000,0.000,0.000,0,NULL,NULL,,0,0,0,7,255,0,250,0,0
baseline,1284,1284,0,1284,186418.079,0.928,-0.013,-0.005,0.372,661,99,44,1867,0,442,0,149,31,0.000,6,0,5.272,0.096,4.640,2.100,-1.360,-0.020,0.060,0.980,-0.056,-0.024,0.074,0.000,0.000,0.000,0.000,0,NULL,NULL,,0,0,0,7,255,0,250,0,0
baseline,1296,1296,0,1296,186423.079,0.928,-0.013,-0.005,0.372,661,106,35,1871,3,439,0,139,31,0.000,6,0,3.177,0.070,1.900,1.980,-1.600,-0.019,0.069,0.993,-0.006,-0.002,-0.070,0.000,0.000,0.000,0.000,0,NULL,NULL,,0,0,0,7,255,0,250,0,0
baseline,1296,1296,0,1296,186428.078,0.928,-0.013,-0.005,0.372,663,105,30,1872,5,438,0,126,31,0.000,6,0,2.998,0.070,1.520,1.980,-1.660,-0.023,0.057,1.005,-0.006,-0.002,-0.070,0.000,0.000,0.000,0.000,0,NULL,NULL,,0,0,0,7,255,0,250,0,0
baseline,1319,1319,0,1319,186433.078,0.928,-0.013,-0.005,0.372,663,101,28,1881,4,432,0,137,31,0.000,6,0,3.028,0.071,1.840,1.740,-1.660,-0.028,0.053,1.008,-0.054,-0.008,0.046,0.000,0.000,0.000,0.000,0,NULL,NULL,,0,0,0,7,255,0,250,0,0
baseline,1319,1319,0,1319,186438.079,0.928,-0.014,-0.005,0.372,665,100,29,1875,4,435,0,138,31,0.000,6,0,3.126,0.110,2.200,1.600,-1.540,-0.032,0.062,1.007,-0.086,-0.008,0.068,0.000,0.000,0.000,0.000,0,NULL,NULL,,0,0,0,7,255,0,250,0,0
baseline,1319,1319,0,1319,186443.078,0.928,-0.014,-0.005,0.372,665,94,25,1882,3,430,0,125,31,0.000,6,0,2.503,0.146,1.900,1.480,-0.680,-0.033,0.059,1.002,-0.114,0.060,0.068,0.000,0.000,0.000,0.000,0,NULL,NULL,,0,0,0,7,255,0,250,0,0
baseline,1319,1319,0,1319,186448.078,0.928,-0.014,-0.005,0.372,669,99,26,1879,1,429,0,124,31,0.000,6,0,1.927,0.134,1.280,1.420,0.240,-0.025,0.052,1.009,-0.098,0.060,0.068,0.000,0.000,0.000,0.000,0,NULL,NULL,,0,0,0,7,255,0,250,0,0
baseline,1359,1359,0,1359,186453.079,0.928,-0.014,-0.005,0.372,663,95,25,1877,0,424,0,127,31,0.000,6,0,2.326,0.133,1.840,1.420,0.100,-0.017,0.055,1.009,-0.098,-0.046,0.078,0.000,0.000,0.000,0.000,0,NULL,NULL,,0,0,0,7,255,0,250,0,0
baseline,1359,1359,0,1359,186458.079,0.928,-0.014,-0.005,0.372,663,95,26,1882,0,424,0,122,31,0.000,6,0,2.514,0.093,1.960,1.420,-0.680,-0.019,0.061,1.001,-0.020,-0.046,0.078,0.000,0.000,0.000,0.000,0,NULL,NULL,,0,0,0,7,255,0,250,0,0
baseline,1377,1377,0,1377,186463.080,0.928,-0.014,-0.005,0.372,663,92,23,1883,0,425,0,122,31,0.000,6,0,2.355,0.031,1.720,1.360,-0.860,-0.026,0.067,0.999,-0.006,-0.030,0.004,0.000,0.000,0.000,0.000,0,NULL,NULL,,0,0,0,7,255,0,250,0,0
baseline,1377,1377,0,1377,186468.078,0.928,-0.014,-0.005,0.372,662,93,27,1881,2,419,0,120,31,0.000,6,0,2.082,0.069,1.520,1.420,-0.080,-0.027,0.068,1.000,-0.006,0.068,-0.006,0.000,0.000,0.000,0.000,0,NULL,NULL,,0,0,0,7,255,0,250,0,0
baseline,1377,1377,0,1377,186473.080,0.928,-0.014,-0.005,0.372,666,101,25,1892,1,416,0,125,31,0.000,6,0,1.933,0.069,1.220,1.420,0.480,-0.022,0.063,1.001,-0.008,0.068,-0.006,0.000,0.000,0.000,0.000,0,NULL,NULL,,0,0,0,7,255,0,250,0,0
baseline,1377,1377,0,1377,186478.078,0.928,-0.014,-0.005,0.372,662,91,22,1883,0,409,0,117,31,0.000,6,0,1.843,0.015,1.220,1.360,0.240,-0.018,0.058,1.005,-0.010,0.006,0.010,0.000,0.000,0.000,0.000,0,NULL,NULL,,0,0,0,7,255,0,250,0,0
baseline,1377,1377,0,1377,186483.078,0.928,-0.015,-0.005,0.372,659,102,24,1881,0,412,0,119,31,0.000,6,0,2.004,0.075,1.400,1.420,-0.200,-0.021,0.056,1.005,-0.014,-0.062,0.040,0.000,0.000,0.000,0.000,0,NULL,NULL,,0,0,0,7,255,0,250,0,0
baseline,1377,1377,0,1377,186488.078,0.928,-0.015,-0.005,0.372,660,96,27,1887,0,404,0,111,31,0.000,6,0,2.233,0.078,1.720,1.420,0.100,-0.023,0.061,1.003,-0.026,-0.062,0.040,0.000,0.000,0.000,0.000,0,NULL,NULL,,0,0,0,7,255,0,250,0,0
baseline,1391,1391,0,1391,186493.078,0.928,-0.015,-0.005,0.372,665,98,27,1895,0,403,0,117,31,0.000,6,0,2.398,0.040,1.840,1.480,0.420,-0.021,0.064,1.000,-0.026,-0.012,0.028,0.000,0.000,0.000,0.000,0,NULL,NULL,,0,0,0,7,255,0,250,0,0
baseline,1391,1391,0,1391,186498.078,0.928,-0.015,-0.005,0.372,661,94,26,1885,0,403,0,117,31,0.000,6,0,2.328,0.008,1.720,1.540,0.300,-0.020,0.066,0.997,0.008,0.002,0.002,0.000,0.000,0.000,0.000,0,NULL,NULL,,0,0,0,7,255,0,250,0,0
baseline,1391,1391,0,1391,186503.079,0.928,-0.015,-0.005,0.372,661,91,22,1893,0,401,0,107,31,0.000,6,0,2.123,0.038,1.520,1.480,-0.080,-0.021,0.065,0.997,0.020,0.002,-0.032,0.000,0.000,0.000,0.000,0,NULL,NULL,,0,0,0,7,255,0,250,0,0
baseline,1391,1391,0,1391,186508.078,0.928,-0.015,-0.005,0.372,667,87,25,1889,0,382,0,102,31,0.000,6,0,2.046,0.038,1.340,1.540,-0.140,-0.024,0.065,1.001,0.020,0.002,-0.032,0.000,0.000,0.000,0.000,0,NULL,NULL,,0,0,0,7,255,0,250,0,0
baseline,1391,1391,0,1391,186513.080,0.928,-0.015,-0.005,0.372,665,87,27,1891,0,391,0,103,31,0.000,6,0,2.177,0.010,1.520,1.540,0.240,-0.022,0.062,1.002,-0.008,-0.002,0.006,0.000,0.000,0.000,0.000,0,NULL,NULL,,0,0,0,7,255,0,250,0,0
baseline,1391,1391,0,1391,186518.078,0.928,-0.015,-0.005,0.372,667,89,31,1884,0,383,0,103,31,0.000,6,0,2.270,0.026,1.660,1.540,0.160,-0.021,0.065,1.002,-0.008,-0.014,0.020,0.000,0.000,0.000,0.000,0,NULL,NULL,,0,0,0,7,255,0,250,0,0
baseline,1407,1407,0,1407,186523.079,0.928,-0.016,-0.005,0.372,663,93,25,1897,0,381,0,93,31,0.000,6,0,2.459,0.029,1.840,1.600,-0.320,-0.022,0.066,0.999,0.016,-0.014,0.020,0.000,0.000,0.000,0.000,0,NULL,NULL,,0,0,0,7,255,0,250,0,0
baseline,1407,1407,0,1407,186528.078,0.928,-0.016,-0.005,0.372,662,91,25,1893,0,380,0,91,31,0.000,6,0,2.167,0.021,1.520,1.480,-0.440,-0.027,0.063,0.999,0.016,0.006,-0.012,0.000,0.000,0.000,0.000,0,NULL,NULL,,0,0,0,7,255,0,250,0,0
baseline,1407,1407,0,1407,186533.080,0.928,-0.016,-0.005,0.372,661,91,22,1891,0,373,0,99,31,0.000,6,0,1.885,0.047,1.340,1.300,-0.260,-0.031,0.062,1.005,-0.042,0.018,-0.012,0.000,0.000,0.000,0.000,0,NULL,NULL,,0,0,0,7,255,0,250,0,0
baseline,1407,1407,0,1407,186538.078,0.928,-0.016,-0.005,0.372,662,91,25,1891,0,375,0,99,31,0.000,6,0,1.840,0.096,1.460,1.120,-0.020,-0.032,0.059,1.006,-0.080,0.018,0.050,0.000,0.000,0.000,0.000,0,NULL,NULL,,0,0,0,7,255,0,250,0,0
baseline,1423,1423,0,1423,186543.079,0.928,-0.016,-0.005,0.372,660,90,24,1893,0,374,0,96,31,0.000,6,0,1.708,0.122,1.460,0.880,0.100,-0.034,0.057,1.006,-0.108,0.014,0.054,0.000,0.000,0.000,0.000,0,NULL,NULL,,0,0,0,7,255,0,250,0,0
baseline,1423,1423,0,1423,186548.078,0.928,-0.016,-0.005,0.372,650,91,25,1893,0,369,0,95,31,0.000,6,0,1.656,0.141,1.400,0.700,0.540,-0.034,0.058,1.007,-0.130,0.008,0.054,0.000,0.000,0.000,0.000,0,NULL,NULL,,0,0,0,7,255,0,250,0,0
baseline,1423,1423,0,1423,186553.078,0.928,-0.016,-0.005,0.372,655,91,24,1892,0,376,0,92,31,0.000,6,0,2.070,0.141,1.460,0.640,1.320,-0.030,0.062,1.006,-0.130,0.008,0.054,0.000,0.000,0.000,0.000,0,NULL,NULL,,0,0,0,7,255,0,250,0,0
baseline,1423,1423,0,1423,186558.078,0.928,-0.016,-0.005,0.372,657,91,21,1891,0,372,0,91,31,0.000,6,0,2.249,0.095,1.400,0.640,1.640,-0.022,0.063,1.000,-0.078,0.008,0.054,0.000,0.000,0.000,0.000,0,NULL,NULL,,0,0,0,7,255,0,250,0,0
baseline,1456,1456,0,1456,186563.079,0.928,-0.016,-0.005,0.372,649,87,26,1887,0,373,0,93,31,0.000,6,0,1.770,0.031,1.100,0.580,1.260,-0.019,0.067,0.999,-0.016,-0.026,-0.004,0.000,0.000,0.000,0.000,0,NULL,NULL,,0,0,0,7,255,0,250,0,0
baseline,1456,1456,0,1456,186568.078,0.928,-0.016,-0.005,0.372,645,87,33,1893,0,371,0,97,31,0.000,6,0,1.283,0.049,0.980,0.500,0.660,-0.021,0.070,0.998,0.038,-0.026,-0.016,0.000,0.000,0.000,0.000,0,NULL,NULL,,0,0,0,7,255,0,250,0,0
baseline,1456,1456,0,1456,186573.080,0.928,-0.016,-0.005,0.372,638,91,24,1895,0,368,0,91,31,0.000,6,0,1.226,0.043,0.980,0.500,0.540,-0.023,0.072,0.998,0.038,0.010,-0.018,0.000,0.000,0.000,0.000,0,NULL,NULL,,0,0,0,7,255,0,250,0,0
baseline,1456,1456,0,1456,186578.078,0.928,-0.017,-0.005,0.372,646,91,24,1891,0,368,0,96,31,0.000,6,0,1.329,0.048,1.040,0.500,0.660,-0.023,0.071,0.999,0.036,0.026,-0.018,0.000,0.000,0.000,0.000,0,NULL,NULL,,0,0,0,7,255,0,250,0,0
baseline,1456,1456,0,1456,186583.079,0.928,-0.017,-0.005,0.372,637,93,26,1900,0,371,0,91,31,0.000,6,0,1.328,0.051,1.100,0.440,0.600,-0.023,0.072,0.998,0.036,0.032,-0.018,0.000,0.000,0.000,0.000,0,NULL,NULL,,0,0,0,7,255,0,250,0,0
baseline,1456,1456,0,1456,186588.078,0.928,-0.017,-0.005,0.372,631,91,25,1887,0,375,0,97,31,0.000,6,0,1.153,0.044,0.980,0.440,0.420,-0.023,0.070,0.999,0.034,0.026,-0.008,0.000,0.000,0.000,0.000,0,NULL,NULL,,0,0,0,7,255,0,250,0,0
