condition_phase,condition_phase_elapsed_ms,condition_elapsed_ms,is_stimulation_on,t_ms,L_q0,L_q1,L_q2,L_q3,L_heel1,L_mid1,L_fore1,L_heel2,L_fore3,L_mid2,L_fore4,L_fore2,L_cadence,L_speed,L_steps,L_zupt,L_gyroNorm,L_accH,L_gyro_x,L_gyro_y,L_gyro_z,L_acc_x,L_acc_y,L_acc_z,L_nav_ax,L_nav_ay,L_nav_az,L_stepVel,L_stepVelj,L_stepDispRaw,L_stepDispZUPT,L_gaitEvent,L_motorMode,L_motorActive,L_motorAlignment,L_motorRegionMask,L_motorAmplitude,L_motorIntervalMs,L_motorDurationMs,L_motorPhaseMs,L_motorCycleMs
stim,16,16,0,2017013.829,-0.979,0.022,0.080,-0.186,3357,437,1629,3271,883,1847,543,1575,22,0.000,20,1,0.547,0.007,-0.320,-0.060,-0.440,-0.162,0.010,0.990,0.006,0.004,-0.030,0.000,0.000,0.000,0.001,2,0,0,0,7,255,0,250,0,0
stim,16,16,0,2017018.829,-0.979,0.022,0.081,-0.186,3342,442,1625,3272,869,1864,546,1565,22,0.000,20,1,0.369,0.038,-0.320,-0.120,-0.140,-0.167,0.006,0.993,0.006,-0.038,0.002,0.000,0.000,0.000,0.001,2,0,0,0,7,255,0,250,0,0
stim,16,16,0,2017023.829,-0.979,0.022,0.081,-0.186,3341,438,1621,3251,873,1838,540,1555,22,0.000,20,1,0.573,0.043,-0.440,-0.180,-0.320,-0.175,0.009,0.993,-0.020,-0.038,0.038,0.000,0.000,0.000,0.001,2,0,0,0,7,255,0,250,0,0
stim,16,16,0,2017028.829,-0.979,0.022,0.081,-0.186,3341,445,1632,3256,887,1851,540,1565,22,0.000,20,1,1.144,0.062,-0.500,-0.240,-1.000,-0.174,0.012,0.988,-0.062,-0.002,0.038,0.000,0.000,0.000,0.001,2,0,0,0,7,255,0,250,0,0
stim,63,63,0,2017033.829,-0.979,0.022,0.081,-0.186,3357,442,1631,3278,880,1851,543,1565,22,0.000,20,1,1.267,0.066,-0.680,0.140,-1.060,-0.159,0.019,0.979,-0.062,0.024,0.006,0.000,0.000,0.000,0.001,2,0,0,0,7,255,0,250,0,0
stim,63,63,0,2017038.830,-0.979,0.022,0.080,-0.186,3363,439,1623,3301,869,1837,539,1555,22,0.000,20,1,1.001,0.084,-0.800,0.560,0.220,-0.148,0.020,0.979,0.080,0.024,-0.100,0.000,0.000,0.000,0.001,2,0,0,0,7,255,0,250,0,0
stim,63,63,0,2017043.829,-0.979,0.022,0.080,-0.186,3355,443,1635,3260,879,1849,541,1563,22,0.000,20,1,1.354,0.080,-0.320,0.380,1.260,-0.163,0.010,0.994,0.080,0.004,-0.100,0.000,0.000,0.000,0.001,2,0,0,0,7,255,0,250,0,0
stim,63,63,0,2017048.829,-0.979,0.022,0.081,-0.186,3365,432,1636,3263,885,1849,544,1567,22,0.000,20,1,0.474,0.051,0.180,-0.300,-0.320,-0.183,-0.004,1.003,0.034,-0.038,0.046,0.000,0.000,0.000,0.001,2,0,0,0,7,255,0,250,0,0
stim,63,63,0,2017053.829,-0.979,0.022,0.081,-0.186,3349,439,1636,3276,888,1863,548,1567,22,0.000,20,1,2.010,0.061,-0.800,-0.480,-1.780,-0.171,0.010,0.987,-0.048,-0.038,0.046,0.000,0.000,0.000,0.001,2,0,0,0,7,255,0,250,0,0
stim,63,63,0,2017058.829,-0.979,0.022,0.080,-0.186,3365,437,1635,3264,879,1848,547,1561,22,0.000,20,1,1.443,0.048,-1.240,0.560,0.480,-0.151,0.034,0.974,-0.048,-0.004,-0.012,0.000,0.000,0.000,0.001,2,0,0,0,7,255,0,250,0,0
stim,63,63,0,2017063.829,-0.979,0.022,0.080,-0.186,3359,441,1634,3263,887,1849,544,1575,22,0.000,20,1,1.192,0.047,0.360,0.500,1.020,-0.172,0.014,0.996,-0.036,0.030,-0.012,0.000,0.000,0.000,0.001,2,0,0,0,7,255,0,250,0,0
stim,63,63,0,2017068.829,-0.979,0.021,0.081,-0.186,3353,432,1623,3278,885,1843,540,1559,22,0.000,20,1,2.146,0.047,-0.080,-0.720,-2.020,-0.174,-0.011,0.996,-0.036,0.030,0.076,0.000,0.000,0.000,0.001,2,0,0,0,7,255,0,250,0,0
stim,63,63,0,2017073.829,-0.979,0.021,0.080,-0.186,3371,445,1633,3269,883,1854,550,1564,22,0.000,20,1,1.414,0.041,-1.360,0.380,-0.080,-0.148,0.020,0.974,-0.036,0.020,0.076,0.000,0.000,0.000,0.001,2,0,0,0,7,255,0,250,0,0
stim,63,63,0,2017078.829,-0.979,0.021,0.080,-0.186,3351,445,1635,3259,885,1851,543,1575,22,0.000,20,1,1.570,0.020,0.420,0.620,1.380,-0.170,0.017,1.000,0.000,0.020,0.076,0.000,0.000,0.000,0.001,2,0,0,0,7,255,0,250,0,0
stim,79,79,0,2017083.829,-0.979,0.021,0.081,-0.186,3359,441,1624,3253,878,1838,540,1555,22,0.000,20,1,2.150,0.020,-0.920,-0.780,-1.780,-0.176,-0.003,0.988,0.000,0.020,0.004,0.000,0.000,0.000,0.001,2,0,0,0,7,255,0,250,0,0
stim,79,79,0,2017088.829,-0.979,0.021,0.080,-0.186,3355,443,1637,3277,887,1851,550,1566,22,0.000,20,1,1.509,0.046,-0.740,1.100,0.720,-0.154,0.036,0.977,0.000,0.046,0.004,0.000,0.000,0.000,0.001,2,0,0,0,7,255,0,250,0,0
stim,95,95,0,2017093.830,-0.979,0.021,0.080,-0.186,3347,443,1639,3255,885,1851,547,1558,22,0.000,20,1,0.826,0.144,0.720,0.380,-0.140,-0.170,-0.012,0.997,-0.106,-0.098,0.004,0.000,0.000,0.000,0.001,2,0,0,0,7,255,0,250,0,0
stim,95,95,0,2017098.829,-0.979,0.021,0.080,-0.187,3363,441,1623,3276,875,1835,541,1555,22,0.000,20,1,1.710,0.116,-1.360,-0.660,-0.800,-0.169,0.023,0.991,0.022,0.114,0.030,0.000,0.000,0.000,0.001,2,0,0,0,7,255,0,250,0,0
stim,95,95,0,2017103.829,-0.979,0.021,0.080,-0.186,3363,441,1637,3263,877,1839,544,1558,22,0.000,20,1,1.400,0.022,0.480,1.100,0.720,-0.158,0.015,0.985,0.022,0.004,0.030,0.000,0.000,0.000,0.001,2,0,0,0,7,255,0,250,0,0
stim,95,95,0,2017108.830,-0.979,0.021,0.081,-0.186,3343,445,1643,3277,881,1844,549,1561,22,0.000,20,1,1.586,0.022,-1.540,0.000,-0.380,-0.172,-0.010,0.984,0.022,0.004,-0.034,0.000,0.000,0.000,0.001,2,0,0,0,7,255,0,250,0,0
stim,17,17,0,2017113.829,-0.979,0.021,0.081,-0.186,3342,439,1624,3255,877,1833,541,1556,22,0.000,20,1,0.651,0.080,0.600,-0.240,-0.080,-0.169,0.044,1.002,0.080,0.004,-0.034,0.000,0.000,0.000,0.001,2,2,0,1,7,255,1020,250,13,1020
stim,17,17,0,2017118.829,-0.979,0.021,0.081,-0.186,3355,443,1629,3289,887,1837,549,1563,22,0.000,20,1,1.363,0.217,-1.240,0.560,-0.080,-0.165,-0.021,0.963,-0.132,-0.172,-0.034,0.000,0.000,0.000,0.001,2,2,0,1,7,255,1020,250,18,1020
stim,48,48,0,2017123.829,-0.979,0.021,0.081,-0.187,3353,452,1627,3257,885,1849,547,1559,22,0.000,20,1,1.035,0.303,0.780,0.000,-0.680,-0.171,0.043,1.015,0.110,0.282,0.140,0.000,0.000,0.000,0.001,2,2,0,1,7,255,1020,250,23,1020
stim,48,48,0,2017128.829,-0.979,0.021,0.081,-0.186,3359,444,1623,3273,877,1831,537,1555,22,0.000,20,1,1.241,0.268,-1.240,0.000,0.040,-0.158,-0.016,0.970,-0.048,-0.264,-0.194,0.000,0.000,0.000,0.001,2,2,0,1,7,255,1020,250,28,1020
stim,49,49,0,2017133.829,-0.979,0.021,0.081,-0.187,3363,437,1628,3255,876,1845,547,1559,22,0.000,20,1,0.577,0.220,0.480,0.320,-0.020,-0.171,0.034,1.004,0.060,0.212,0.162,0.000,0.000,0.000,0.001,2,2,0,1,7,255,1020,250,33,1020
stim,49,49,0,2017138.830,-0.979,0.021,0.081,-0.187,3359,439,1635,3271,883,1845,547,1565,22,0.000,20,1,1.429,0.116,-1.420,-0.120,0.100,-0.167,-0.002,0.977,-0.048,-0.106,-0.116,0.000,0.000,0.000,0.001,2,2,0,1,7,255,1020,250,38,1020
stim,49,49,0,2017143.829,-0.979,0.021,0.081,-0.187,3359,443,1639,3256,885,1833,544,1563,22,0.000,20,1,0.963,0.061,0.600,0.140,-0.740,-0.168,0.018,0.996,0.020,0.058,0.074,0.000,0.000,0.000,0.001,2,2,0,1,7,255,1020,250,43,1020
stim,49,49,0,2017148.829,-0.979,0.021,0.081,-0.187,3367,440,1637,3263,885,1839,549,1559,22,0.000,20,1,0.847,0.029,-0.740,0.260,-0.320,-0.164,0.009,0.983,0.008,-0.028,-0.060,0.000,0.000,0.000,0.001,2,2,0,1,7,255,1020,250,48,1020
stim,63,63,0,2017153.829,-0.979,0.021,0.081,-0.187,3349,442,1637,3273,888,1840,544,1565,22,0.000,20,1,0.216,0.029,-0.020,0.080,-0.200,-0.162,-0.006,0.987,0.008,-0.028,-0.022,0.000,0.000,0.000,0.001,2,2,0,1,7,255,1020,250,53,1020
stim,63,63,0,2017158.829,-0.979,0.021,0.081,-0.187,3343,445,1627,3276,883,1843,551,1563,22,0.000,20,1,0.410,0.029,-0.200,0.320,0.160,-0.171,0.028,0.996,0.008,-0.028,-0.022,0.000,0.000,0.000,0.001,2,2,0,1,7,255,1020,250,58,1020
stim,63,63,0,2017163.829,-0.979,0.021,0.081,-0.187,3363,441,1637,3263,885,1843,544,1557,22,0.000,20,1,0.741,0.134,-0.620,0.140,-0.380,-0.166,-0.004,0.978,-0.024,-0.132,-0.022,0.000,0.000,0.000,0.001,2,2,0,1,7,255,1020,250,63,1020
stim,63,63,0,2017168.829,-0.979,0.021,0.081,-0.187,3339,437,1623,3251,872,1827,540,1553,22,0.000,20,1,0.744,0.084,0.540,0.260,-0.440,-0.170,0.019,0.994,0.002,0.084,0.060,0.000,0.000,0.000,0.001,2,2,0,1,7,255,1020,250,68,1020
stim,64,64,0,2017173.829,-0.979,0.021,0.081,-0.187,3343,439,1636,3256,879,1838,543,1571,22,0.000,20,1,0.701,0.016,-0.260,0.200,-0.620,-0.166,0.013,0.990,0.002,0.016,0.014,0.000,0.000,0.000,0.001,2,2,0,1,7,255,1020,250,73,1020
stim,64,64,0,2017178.829,-0.979,0.021,0.081,-0.187,3354,440,1635,3269,878,1844,540,1567,22,0.000,20,1,0.224,0.016,-0.200,0.000,0.100,-0.165,0.000,0.982,0.002,0.016,0.014,0.000,0.000,0.000,0.001,2,2,0,1,7,255,1020,250,78,1020
stim,80,80,0,2017183.829,-0.979,0.021,0.081,-0.187,3361,437,1637,3275,878,1839,548,1556,22,0.000,20,1,0.616,0.016,0.300,0.200,-0.500,-0.172,0.022,0.996,0.000,0.016,0.014,0.000,0.000,0.000,0.001,2,2,0,1,7,255,1020,250,83,1020
stim,80,80,0,2017188.829,-0.979,0.021,0.081,-0.187,3352,443,1623,3289,873,1829,541,1553,22,0.000,20,1,0.497,0.070,-0.380,0.000,-0.320,-0.162,0.004,0.983,0.000,-0.070,-0.064,0.000,0.000,0.000,0.001,2,2,0,1,7,255,1020,250,88,1020
stim,95,95,0,2017193.829,-0.979,0.021,0.081,-0.187,3365,437,1636,3263,875,1843,544,1555,22,0.000,20,1,0.201,0.046,-0.020,-0.120,0.160,-0.170,0.015,0.989,0.000,0.046,0.008,0.000,0.000,0.000,0.001,2,2,0,1,7,255,1020,250,93,1020
stim,95,95,0,2017198.829,-0.979,0.021,0.081,-0.187,3355,443,1636,3259,867,1843,541,1565,22,0.000,20,1,1.168,0.036,0.300,0.140,-1.120,-0.169,0.014,0.992,-0.012,0.034,0.008,0.000,0.000,0.000,0.001,2,2,0,1,7,255,1020,250,98,1020
stim,95,95,0,2017203.829,-0.979,0.021,0.081,-0.187,3341,443,1624,3254,863,1827,539,1553,22,0.000,20,1,0.289,0.036,-0.200,-0.060,-0.200,-0.160,0.008,0.988,-0.012,0.034,0.008,0.000,0.000,0.000,0.001,2,2,0,1,7,255,1020,250,103,1020
stim,95,95,0,2017208.829,-0.979,0.021,0.081,-0.187,3351,443,1632,3271,870,1833,547,1560,22,0.000,20,1,0.321,0.036,-0.200,-0.120,0.220,-0.171,0.017,0.991,-0.012,0.034,0.034,0.000,0.000,0.000,0.001,2,2,0,1,7,255,1020,250,108,1020
stim,115,115,0,2017213.829,-0.979,0.021,0.081,-0.187,3355,443,1636,3288,873,1829,544,1560,22,0.000,20,1,1.129,0.012,0.040,0.140,-1.120,-0.166,0.010,0.987,0.002,-0.012,-0.014,0.000,0.000,0.000,0.001,2,2,0,1,7,255,1020,250,113,1020
stim,115,115,0,2017218.829,-0.979,0.021,0.081,-0.187,3371,437,1623,3276,859,1823,538,1549,22,0.000,20,1,0.437,0.012,-0.200,0.080,-0.380,-0.161,0.005,0.988,0.002,-0.012,-0.014,0.000,0.000,0.000,0.001,2,2,0,1,7,255,1020,250,118,1020
stim,116,116,0,2017223.829,-0.979,0.021,0.081,-0.187,3353,445,1631,3273,861,1823,547,1561,22,0.000,20,1,0.444,0.012,-0.260,0.000,0.360,-0.169,0.017,0.992,0.002,-0.012,-0.014,0.000,0.000,0.000,0.001,2,2,0,1,7,255,1020,250,123,1020
stim,116,116,0,2017228.829,-0.979,0.021,0.081,-0.187,3369,439,1629,3271,874,1835,547,1561,22,0.000,20,1,0.490,0.036,-0.080,0.200,-0.440,-0.168,0.014,0.987,0.000,0.036,-0.010,0.000,0.000,0.000,0.001,2,2,0,1,7,255,1020,250,128,1020
stim,147,147,0,2017233.829,-0.979,0.021,0.081,-0.187,3339,437,1622,3253,883,1827,539,1551,22,0.000,20,1,0.611,0.036,-0.140,0.200,-0.560,-0.163,0.005,0.986,0.000,0.036,-0.010,0.000,0.000,0.000,0.001,2,2,0,1,7,255,1020,250,133,1020
stim,147,147,0,2017238.830,-0.979,0.021,0.081,-0.187,3365,439,1635,3273,887,1835,549,1560,22,0.000,20,1,0.376,0.015,-0.320,0.140,-0.140,-0.166,0.010,0.990,0.004,-0.014,-0.010,0.000,0.000,0.000,0.001,2,2,0,1,7,255,1020,250,138,1020
stim,148,148,0,2017243.829,-0.979,0.021,0.081,-0.187,3365,438,1631,3263,891,1839,547,1560,22,0.000,20,1,0.384,0.017,-0.200,0.260,-0.200,-0.167,0.018,0.993,0.010,-0.014,0.008,0.000,0.000,0.000,0.001,2,2,0,1,7,255,1020,250,143,1020
stim,148,148,0,2017248.829,-0.979,0.021,0.081,-0.187,3347,441,1632,3285,878,1838,544,1557,22,0.000,20,1,0.481,0.024,-0.380,0.140,-0.260,-0.167,0.013,0.988,0.004,0.024,0.008,0.000,0.000,0.000,0.001,2,2,0,1,7,255,1020,250,148,1020
stim,149,149,0,2017253.829,-0.979,0.021,0.081,-0.187,3365,437,1637,3263,875,1837,544,1553,22,0.000,20,1,0.412,0.024,-0.260,0.000,-0.320,-0.170,0.006,0.984,-0.004,0.024,-0.006,0.000,0.000,0.000,0.001,2,2,0,1,7,255,1020,250,153,1020
stim,149,149,0,2017258.829,-0.979,0.021,0.081,-0.187,3355,445,1629,3254,879,1833,543,1557,22,0.000,20,1,0.571,0.024,-0.080,0.080,-0.560,-0.165,0.008,0.989,-0.004,-0.024,-0.006,0.000,0.000,0.000,0.001,2,2,0,1,7,255,1020,250,158,1020
stim,159,159,0,2017263.829,-0.979,0.021,0.081,-0.187,3342,443,1628,3279,885,1838,547,1559,22,0.000,20,1,0.420,0.025,-0.260,0.080,-0.320,-0.165,0.011,0.991,0.008,-0.024,0.002,0.000,0.000,0.000,0.001,2,2,0,1,7,255,1020,250,163,1020
stim,159,159,0,2017268.829,-0.979,0.021,0.081,-0.187,3356,443,1637,3281,893,1837,547,1551,22,0.000,20,1,0.381,0.010,-0.380,0.000,-0.020,-0.168,0.012,0.987,0.008,-0.006,0.002,0.000,0.000,0.000,0.001,2,2,0,1,7,255,1020,250,168,1020
stim,159,159,0,2017273.829,-0.979,0.021,0.081,-0.187,3341,439,1620,3252,917,1851,535,1547,22,0.000,20,1,0.251,0.026,-0.140,-0.060,-0.200,-0.171,0.013,0.985,-0.016,0.020,-0.014,0.000,0.000,0.000,0.001,2,2,0,1,7,255,1020,250,173,1020
stim,159,159,0,2017278.829,-0.979,0.021,0.081,-0.187,3353,444,1631,3260,915,1835,543,1560,22,0.000,20,1,0.445,0.026,-0.020,-0.060,-0.440,-0.168,0.011,0.989,-0.016,0.020,-0.014,0.000,0.000,0.000,0.001,2,2,0,1,7,255,1020,250,178,1020
stim,177,177,0,2017283.829,-0.979,0.021,0.081,-0.187,3355,443,1626,3255,926,1835,546,1553,22,0.000,20,1,0.483,0.013,-0.200,0.000,-0.440,-0.167,0.010,0.992,-0.010,0.008,0.008,0.000,0.000,0.000,0.001,2,2,0,1,7,255,1020,250,183,1020
stim,177,177,0,2017288.829,-0.979,0.021,0.081,-0.187,3355,439,1637,3273,936,1831,546,1557,22,0.000,20,1,0.557,0.013,-0.440,-0.120,-0.320,-0.168,0.011,0.989,-0.010,0.008,0.008,0.000,0.000,0.000,0.001,2,2,0,1,7,255,1020,250,188,1020
stim,191,191,0,2017293.829,-0.979,0.021,0.081,-0.187,3343,442,1629,3281,936,1835,547,1556,22,0.000,20,1,0.466,0.010,-0.380,-0.180,-0.200,-0.167,0.012,0.987,-0.006,0.008,0.008,0.000,0.000,0.000,0.001,2,2,0,1,7,255,1020,250,193,1020
stim,191,191,0,2017298.829,-0.979,0.021,0.081,-0.187,3355,437,1635,3273,939,1833,544,1559,22,0.000,20,1,0.287,0.016,-0.020,-0.120,-0.260,-0.169,0.009,0.986,-0.014,0.008,-0.012,0.000,0.000,0.000,0.001,2,2,0,1,7,255,1020,250,198,1020
stim,214,214,0,2017303.829,-0.979,0.021,0.081,-0.187,3368,441,1637,3270,938,1835,547,1556,22,0.000,20,1,0.399,0.014,-0.020,-0.120,-0.380,-0.168,0.010,0.991,-0.012,-0.008,-0.012,0.000,0.000,0.000,0.001,2,2,0,1,7,255,1020,250,203,1020
stim,214,214,0,2017308.830,-0.979,0.021,0.081,-0.187,3364,437,1635,3263,927,1821,547,1561,22,0.000,20,1,0.528,0.014,-0.320,-0.180,-0.380,-0.165,0.011,0.991,-0.012,-0.008,0.022,0.000,0.000,0.000,0.001,2,2,0,1,7,255,1020,250,208,1020
stim,214,214,0,2017313.829,-0.979,0.021,0.081,-0.187,3351,442,1630,3269,935,1831,541,1559,22,0.000,20,1,0.476,0.020,-0.380,-0.120,-0.260,-0.164,0.010,0.987,0.018,-0.008,0.022,0.000,0.000,0.000,0.001,2,2,0,1,7,255,1020,250,213,1020
stim,214,214,0,2017318.829,-0.979,0.021,0.081,-0.187,3370,441,1635,3263,937,1839,544,1551,22,0.000,20,1,0.198,0.020,-0.140,0.000,-0.140,-0.168,0.010,0.987,0.018,-0.008,-0.016,0.000,0.000,0.000,0.001,2,2,0,1,7,255,1020,250,218,1020
stim,214,214,0,2017323.829,-0.979,0.021,0.081,-0.187,3338,439,1622,3251,931,1823,538,1545,22,0.000,20,1,0.268,0.010,-0.020,-0.060,-0.260,-0.167,0.010,0.989,-0.010,-0.002,-0.016,0.000,0.000,0.000,0.001,2,2,0,1,7,255,1020,250,223,1020
stim,214,214,0,2017328.829,-0.979,0.021,0.081,-0.187,3352,440,1627,3281,936,1841,545,1558,22,0.000,20,1,0.224,0.016,-0.080,-0.060,-0.200,-0.168,0.010,0.991,-0.016,-0.002,0.002,0.000,0.000,0.000,0.001,2,2,0,1,7,255,1020,250,228,1020
stim,261,261,0,2017333.829,-0.979,0.021,0.081,-0.187,3351,453,1632,3281,939,1830,548,1557,22,0.000,20,1,0.429,0.012,-0.260,-0.120,-0.320,-0.167,0.010,0.989,-0.010,-0.006,0.002,0.000,0.000,0.000,0.001,2,2,0,1,7,255,1020,250,233,1020
stim,261,261,0,2017338.830,-0.979,0.021,0.081,-0.187,3365,442,1623,3264,927,1823,538,1547,22,0.000,20,1,0.396,0.010,-0.200,-0.120,-0.320,-0.166,0.010,0.986,-0.002,-0.010,0.000,0.000,0.000,0.000,0.001,2,2,0,1,7,255,1020,250,238,1020
stim,261,261,0,2017343.829,-0.979,0.021,0.081,-0.187,3361,438,1636,3271,939,1837,543,1554,22,0.000,20,1,0.297,0.012,-0.080,-0.120,-0.260,-0.167,0.009,0.986,-0.002,-0.012,-0.022,0.000,0.000,0.000,0.001,2,2,0,1,7,255,1020,250,243,1020
stim,261,261,0,2017348.829,-0.979,0.021,0.081,-0.187,3351,442,1634,3273,941,1839,544,1557,22,0.000,20,1,0.141,0.012,-0.020,0.000,-0.140,-0.167,0.010,0.988,0.000,-0.012,-0.022,0.000,0.000,0.000,0.001,2,2,0,1,7,255,1020,250,248,1020
stim,261,261,0,2017353.829,-0.979,0.021,0.081,-0.187,3365,443,1631,3264,937,1824,540,1564,22,0.000,20,1,0.244,0.008,-0.140,0.000,-0.200,-0.167,0.011,0.989,-0.006,-0.006,-0.004,0.000,0.000,0.000,0.001,2,2,0,1,7,255,1020,250,253,1020
stim,261,261,0,2017358.829,-0.979,0.021,0.081,-0.187,3355,442,1635,3257,935,1835,540,1557,22,0.000,20,1,0.289,0.002,-0.200,-0.060,-0.200,-0.166,0.014,0.988,0.000,0.002,-0.004,0.000,0.000,0.000,0.001,2,2,0,1,7,255,1020,250,258,1020
stim,262,262,0,2017363.829,-0.979,0.021,0.081,-0.187,3343,445,1643,3281,935,1835,547,1559,22,0.000,20,1,0.224,0.027,-0.080,-0.060,-0.200,-0.167,0.014,0.989,0.012,0.024,0.002,0.000,0.000,0.000,0.001,2,2,0,1,7,255,1020,250,263,1020
stim,262,262,0,2017368.829,-0.979,0.021,0.081,-0.187,3357,445,1625,3251,927,1822,539,1546,22,0.000,20,1,0.172,0.027,-0.080,-0.060,-0.140,-0.168,0.012,0.989,0.012,0.024,0.002,0.000,0.000,0.000,0.001,2,2,0,1,7,255,1020,250,268,1020
stim,271,271,0,2017373.829,-0.979,0.021,0.081,-0.187,3356,445,1638,3267,935,1841,547,1559,22,0.000,20,1,0.301,0.017,-0.140,-0.060,-0.260,-0.167,0.010,0.989,-0.006,0.016,0.002,0.000,0.000,0.000,0.001,2,2,0,1,7,255,1020,250,273,1020
stim,271,271,0,2017378.829,-0.979,0.021,0.081,-0.187,3363,443,1639,3273,934,1839,545,1553,22,0.000,20,1,0.328,0.010,-0.200,0.000,-0.260,-0.167,0.009,0.988,-0.006,-0.008,0.002,0.000,0.000,0.000,0.001,2,2,0,1,7,255,1020,250,278,1020
stim,271,271,0,2017383.829,-0.979,0.021,0.081,-0.187,3343,444,1623,3251,925,1821,539,1547,22,0.000,20,1,0.328,0.015,-0.200,0.000,-0.260,-0.166,0.009,0.988,-0.004,-0.014,-0.004,0.000,0.000,0.000,0.001,2,2,0,1,7,255,1020,250,283,1020
stim,271,271,0,2017388.829,-0.979,0.021,0.081,-0.187,3365,451,1641,3274,933,1835,549,1559,22,0.000,20,1,0.230,0.016,-0.080,0.080,-0.200,-0.166,0.007,0.986,-0.004,-0.016,-0.004,0.000,0.000,0.000,0.001,2,2,0,1,7,255,1020,250,288,1020
stim,287,287,0,2017393.829,-0.979,0.021,0.081,-0.187,3359,445,1627,3281,933,1841,542,1553,22,0.000,20,1,0.162,0.028,-0.020,0.140,-0.080,-0.165,0.008,0.988,0.000,-0.028,-0.006,0.000,0.000,0.000,0.001,2,2,0,1,7,255,1020,250,293,1020
stim,287,287,0,2017398.829,-0.979,0.021,0.081,-0.187,3358,443,1623,3275,927,1820,539,1547,22,0.000,20,1,0.143,0.029,-0.020,0.140,-0.020,-0.167,0.008,0.988,-0.006,-0.028,-0.006,0.000,0.000,0.000,0.001,2,2,0,1,7,255,1020,250,298,1020
stim,303,303,0,2017403.829,-0.979,0.021,0.081,-0.187,3353,442,1635,3273,937,1835,544,1549,22,0.000,20,1,0.115,0.026,-0.020,0.080,-0.080,-0.167,0.010,0.987,-0.002,-0.026,-0.006,0.000,0.000,0.000,0.001,2,2,0,1,7,255,1020,250,303,1020
stim,303,303,0,2017408.829,-0.979,0.021,0.081,-0.187,3359,443,1631,3283,938,1835,543,1550,22,0.000,20,1,0.165,0.007,0.120,0.080,-0.080,-0.167,0.010,0.988,-0.006,-0.004,-0.006,0.000,0.000,0.000,0.001,2,2,0,1,7,255,1020,250,308,1020
stim,303,303,0,2017413.829,-0.979,0.021,0.081,-0.187,3341,439,1624,3252,935,1821,539,1546,22,0.000,20,1,0.342,0.003,0.240,0.140,-0.200,-0.167,0.011,0.990,-0.002,-0.002,-0.006,0.000,0.000,0.000,0.001,2,2,0,1,7,255,1020,250,313,1020
stim,303,303,0,2017418.829,-0.979,0.021,0.081,-0.187,3354,443,1632,3260,940,1835,551,1559,22,0.000,20,1,0.165,0.006,0.120,0.080,-0.080,-0.168,0.010,0.989,-0.006,0.000,0.008,0.000,0.000,0.000,0.001,2,2,0,1,7,255,1020,250,318,1020
stim,351,351,0,2017423.829,-0.979,0.021,0.081,-0.187,3351,439,1630,3283,937,1833,543,1557,22,0.000,20,1,0.063,0.012,0.060,0.000,-0.020,-0.169,0.009,0.988,-0.012,0.000,0.008,0.000,0.000,0.000,0.001,2,2,0,1,7,255,1020,250,323,1020
stim,351,351,0,2017428.829,-0.979,0.021,0.081,-0.187,3363,441,1623,3279,934,1821,539,1544,22,0.000,20,1,0.100,0.022,0.060,0.000,-0.080,-0.169,0.011,0.988,-0.022,0.000,0.002,0.000,0.000,0.000,0.001,2,2,0,1,7,255,1020,250,328,1020
stim,351,351,0,2017433.829,-0.979,0.021,0.081,-0.187,3355,443,1636,3287,947,1829,542,1555,22,0.000,20,1,0.233,0.022,0.120,0.000,-0.200,-0.167,0.011,0.987,-0.022,0.000,0.000,0.000,0.000,0.000,0.001,2,2,0,1,7,255,1020,250,333,1020
stim,351,351,0,2017438.830,-0.979,0.021,0.081,-0.187,3375,440,1635,3261,939,1827,544,1551,22,0.000,20,1,0.201,0.000,0.120,0.080,-0.140,-0.165,0.011,0.989,0.000,0.000,0.002,0.000,0.000,0.000,0.001,2,2,0,1,7,255,1020,250,338,1020
stim,351,351,0,2017443.829,-0.979,0.021,0.081,-0.187,3371,443,1627,3271,943,1824,547,1548,22,0.000,20,1,0.165,0.017,0.120,0.080,-0.080,-0.164,0.009,0.989,0.016,-0.006,-0.002,0.000,0.000,0.000,0.001,2,2,0,1,7,255,1020,250,343,1020
stim,351,351,0,2017448.829,-0.979,0.021,0.081,-0.187,3357,439,1635,3255,937,1831,544,1549,22,0.000,20,1,0.180,0.017,-0.020,0.080,0.160,-0.166,0.012,0.988,0.016,-0.006,-0.002,0.000,0.000,0.000,0.001,2,2,0,1,7,255,1020,250,348,1020
stim,367,367,0,2017453.829,-0.979,0.021,0.081,-0.187,3342,443,1629,3285,943,1835,547,1551,22,0.000,20,1,0.092,0.013,-0.020,0.080,0.040,-0.168,0.012,0.988,0.010,0.008,-0.004,0.000,0.000,0.000,0.001,2,2,0,1,7,255,1020,250,353,1020
stim,367,367,0,2017458.829,-0.979,0.021,0.081,-0.187,3351,442,1637,3273,953,1833,544,1548,22,0.000,20,1,0.166,0.021,0.040,0.080,-0.140,-0.167,0.013,0.988,0.006,0.020,-0.004,0.000,0.000,0.000,0.001,2,2,0,1,7,255,1020,250,358,1020
stim,367,367,0,2017463.829,-0.979,0.021,0.081,-0.187,3356,444,1639,3261,953,1830,542,1557,22,0.000,20,1,0.120,0.020,0.040,0.080,-0.080,-0.167,0.010,0.989,0.000,0.020,-0.002,0.000,0.000,0.000,0.001,2,2,0,1,7,255,1020,250,363,1020
stim,367,367,0,2017468.829,-0.979,0.021,0.081,-0.187,3339,437,1624,3251,947,1819,539,1543,22,0.000,20,1,0.198,0.006,0.180,0.080,-0.020,-0.167,0.009,0.990,0.000,-0.006,0.002,0.000,0.000,0.000,0.001,2,2,0,1,7,255,1020,250,368,1020
stim,367,367,0,2017473.829,-0.979,0.021,0.081,-0.187,3361,442,1635,3271,951,1836,544,1553,22,0.000,20,1,0.120,0.018,0.040,0.080,-0.080,-0.166,0.009,0.989,0.000,-0.018,0.004,0.000,0.000,0.000,0.001,2,2,0,1,7,255,1020,250,373,1020
stim,367,367,0,2017478.829,-0.979,0.021,0.081,-0.187,3353,441,1639,3269,959,1835,547,1556,22,0.000,20,1,0.166,0.019,0.040,0.140,-0.080,-0.166,0.007,0.988,-0.006,-0.018,0.004,0.000,0.000,0.000,0.001,2,2,0,1,7,255,1020,250,378,1020
stim,383,383,0,2017483.829,-0.979,0.021,0.081,-0.187,3356,437,1633,3271,959,1835,549,1557,22,0.000,20,1,0.201,0.024,0.180,0.080,0.040,-0.166,0.008,0.988,-0.004,-0.024,-0.008,0.000,0.000,0.000,0.001,2,2,0,1,7,255,1020,250,383,1020
stim,383,383,0,2017488.829,-0.979,0.021,0.081,-0.187,3365,445,1624,3282,953,1822,540,1545,22,0.000,20,1,0.254,0.025,0.240,0.080,-0.020,-0.168,0.010,0.988,-0.006,-0.024,-0.008,0.000,0.000,0.000,0.001,2,2,0,1,7,255,1020,250,388,1020
stim,399,399,0,2017493.829,-0.979,0.021,0.081,-0.187,3363,445,1637,3271,957,1832,547,1551,22,0.000,20,1,0.289,0.008,0.240,0.080,-0.140,-0.167,0.010,0.988,-0.006,-0.006,-0.006,0.000,0.000,0.000,0.001,2,2,0,1,7,255,1020,250,393,1020
stim,399,399,0,2017498.829,-0.979,0.021,0.081,-0.187,3365,442,1629,3271,967,1835,549,1557,22,0.000,20,1,0.289,0.008,0.240,0.140,-0.080,-0.166,0.010,0.988,-0.006,-0.006,-0.004,0.000,0.000,0.000,0.001,2,2,0,1,7,255,1020,250,398,1020
stim,399,399,0,2017503.829,-0.979,0.021,0.081,-0.187,3341,441,1623,3252,957,1821,541,1545,22,0.000,20,1,0.311,0.008,0.300,0.080,-0.020,-0.168,0.012,0.988,-0.006,-0.006,-0.004,0.000,0.000,0.000,0.001,2,2,0,1,7,255,1020,250,403,1020
stim,399,399,0,2017508.830,-0.979,0.021,0.081,-0.187,3341,439,1625,3253,959,1822,541,1546,22,0.000,20,1,0.311,0.016,0.300,0.080,-0.020,-0.169,0.013,0.990,-0.008,0.014,0.000,0.000,0.000,0.000,0.001,2,2,0,1,7,255,1020,250,408,1020
stim,419,419,0,2017513.829,-0.979,0.021,0.081,-0.187,3363,440,1637,3261,968,1829,547,1556,22,0.000,20,1,0.322,0.016,0.180,-0.060,-0.260,-0.168,0.012,0.990,-0.008,0.014,0.020,0.000,0.000,0.000,0.001,2,2,0,1,7,255,1020,250,413,1020
stim,419,419,0,2017518.829,-0.979,0.021,0.081,-0.187,3353,445,1623,3274,959,1821,539,1546,22,0.000,20,1,0.286,0.016,0.120,0.000,-0.260,-0.167,0.011,0.989,-0.008,0.014,0.020,0.000,0.000,0.000,0.001,2,2,0,1,7,255,1020,250,418,1020
stim,420,420,0,2017523.829,-0.979,0.021,0.081,-0.187,3353,445,1634,3289,970,1831,549,1556,22,0.000,20,1,0.206,0.003,0.180,-0.060,-0.080,-0.166,0.010,0.989,-0.002,0.002,0.002,0.000,0.000,0.000,0.001,2,2,0,1,7,255,1020,250,423,1020
stim,420,420,0,2017528.829,-0.979,0.021,0.081,-0.187,3365,439,1635,3263,975,1837,544,1549,22,0.000,20,1,0.191,0.003,0.180,-0.060,-0.020,-0.167,0.010,0.989,-0.002,-0.002,0.002,0.000,0.000,0.000,0.001,2,2,0,1,7,255,1020,250,428,1020
stim,448,448,0,2017533.829,-0.979,0.021,0.081,-0.187,3340,437,1623,3251,959,1821,539,1545,22,0.000,20,1,0.140,0.003,0.120,-0.060,0.040,-0.168,0.011,0.989,-0.002,-0.002,0.002,0.000,0.000,0.000,0.001,2,2,0,1,7,255,1020,250,433,1020
stim,448,448,0,2017538.830,-0.979,0.021,0.081,-0.187,3363,437,1629,3285,977,1843,545,1556,22,0.000,20,1,0.128,0.009,0.040,-0.120,-0.020,-0.171,0.013,0.989,-0.008,0.004,0.008,0.000,0.000,0.000,0.001,2,2,0,1,7,255,1020,250,438,1020
stim,448,448,0,2017543.829,-0.979,0.021,0.081,-0.187,3349,443,1627,3281,973,1835,547,1555,22,0.000,20,1,0.310,0.022,0.120,-0.120,-0.260,-0.168,0.013,0.991,-0.008,0.020,0.010,0.000,0.000,0.000,0.001,2,2,0,1,7,255,1020,250,443,1020
stim,448,448,0,2017548.829,-0.979,0.021,0.081,-0.187,3355,443,1635,3259,971,1832,543,1557,22,0.000,20,1,0.293,0.020,0.120,-0.060,-0.260,-0.165,0.009,0.989,0.002,0.020,0.010,0.000,0.000,0.000,0.001,2,2,0,1,7,255,1020,250,448,1020
stim,448,448,0,2017553.829,-0.979,0.021,0.081,-0.187,3363,443,1639,3279,972,1837,547,1556,22,0.000,20,1,0.066,0.026,-0.020,-0.060,-0.020,-0.165,0.007,0.988,0.004,-0.026,0.002,0.000,0.000,0.000,0.001,2,2,0,1,7,255,1020,250,453,1020
stim,448,448,0,2017558.829,-0.979,0.021,0.081,-0.187,3364,441,1634,3271,969,1832,544,1554,22,0.000,20,1,0.128,0.026,-0.020,-0.120,0.040,-0.167,0.008,0.987,0.004,-0.026,-0.010,0.000,0.000,0.000,0.001,2,2,0,1,7,255,1020,250,458,1020
stim,463,463,0,2017563.829,-0.979,0.021,0.081,-0.187,3349,443,1635,3279,977,1833,544,1556,22,0.000,20,1,0.206,0.028,0.180,-0.060,-0.080,-0.168,0.010,0.986,-0.010,-0.026,-0.018,0.000,0.000,0.000,0.001,2,2,0,1,7,255,1020,250,463,1020
stim,463,463,0,2017568.829,-0.979,0.021,0.081,-0.187,3353,445,1630,3261,971,1831,549,1557,22,0.000,20,1,0.496,0.010,0.360,-0.120,-0.320,-0.167,0.011,0.987,-0.010,0.002,-0.018,0.000,0.000,0.000,0.001,2,2,0,1,7,255,1020,250,468,1020
stim,463,463,0,2017573.829,-0.979,0.021,0.081,-0.187,3397,441,1625,3253,969,1835,525,1546,22,0.000,20,1,0.460,0.004,0.360,-0.120,-0.260,-0.165,0.009,0.989,-0.004,0.002,-0.010,0.000,0.000,0.000,0.001,2,2,0,1,7,255,1020,250,473,1020
stim,463,463,0,2017578.829,-0.979,0.021,0.081,-0.187,3352,442,1629,3275,969,1843,549,1557,22,0.000,20,1,0.403,0.011,0.300,-0.180,-0.200,-0.167,0.010,0.990,0.004,-0.010,0.000,0.000,0.000,0.000,0.001,2,2,0,1,7,255,1020,250,478,1020
stim,479,479,0,2017583.829,-0.979,0.021,0.081,-0.187,3355,445,1631,3281,971,1835,547,1563,22,0.000,20,1,0.231,0.013,0.180,-0.120,-0.080,-0.167,0.011,0.989,0.008,-0.010,0.006,0.000,0.000,0.000,0.001,2,2,0,1,7,255,1020,250,483,1020
stim,479,479,0,2017588.829,-0.979,0.021,0.081,-0.187,3343,441,1632,3283,980,1837,543,1557,22,0.000,20,1,0.231,0.009,0.180,-0.120,-0.080,-0.167,0.012,0.988,0.008,0.004,0.006,0.000,0.000,0.000,0.001,2,2,0,1,7,255,1020,250,488,1020
stim,495,495,0,2017593.829,-0.979,0.021,0.081,-0.187,3351,439,1635,3272,971,1829,551,1555,22,0.000,20,1,0.269,0.013,0.240,-0.120,-0.020,-0.168,0.012,0.990,0.008,0.010,0.006,0.000,0.000,0.000,0.001,2,2,0,1,7,255,1020,250,493,1020
stim,495,495,0,2017598.829,-0.979,0.021,0.081,-0.187,3368,441,1639,3275,970,1843,549,1557,22,0.000,20,1,0.310,0.014,0.240,-0.180,-0.080,-0.167,0.012,0.989,0.008,0.012,0.006,0.000,0.000,0.000,0.001,2,2,0,1,7,255,1020,250,498,1020
stim,512,512,0,2017603.829,-0.979,0.021,0.081,-0.187,3353,445,1641,3263,967,1844,549,1559,22,0.000,20,1,0.258,0.016,0.180,-0.120,-0.140,-0.166,0.010,0.990,0.010,0.012,0.010,0.000,0.000,0.000,0.001,2,2,0,1,7,255,1020,250,503,1020
stim,512,512,0,2017608.829,-0.979,0.021,0.081,-0.187,3373,442,1624,3262,968,1823,541,1553,22,0.000,20,1,0.156,0.011,0.120,-0.060,-0.080,-0.167,0.011,0.988,0.010,0.004,0.006,0.000,0.000,0.000,0.001,2,2,0,1,7,255,1020,250,508,1020
stim,512,512,0,2017613.829,-0.979,0.021,0.081,-0.187,3355,445,1637,3289,977,1843,547,1555,22,0.000,20,1,0.140,0.007,0.060,-0.120,0.040,-0.167,0.011,0.988,0.006,0.004,-0.004,0.000,0.000,0.000,0.001,2,2,0,1,7,255,1020,250,513,1020
stim,512,512,0,2017618.829,-0.979,0.021,0.081,-0.187,3363,441,1637,3255,967,1832,544,1549,22,0.000,20,1,0.231,0.006,0.120,-0.180,-0.080,-0.168,0.012,0.988,0.000,0.006,-0.004,0.000,0.000,0.000,0.001,2,2,0,1,7,255,1020,250,518,1020
stim,512,512,0,2017623.829,-0.979,0.021,0.081,-0.187,3339,437,1624,3252,959,1823,540,1547,22,0.000,20,1,0.364,0.007,0.180,-0.180,-0.260,-0.167,0.010,0.990,-0.004,0.006,0.000,0.000,0.000,0.000,0.001,2,2,0,1,7,255,1020,250,523,1020
stim,512,512,0,2017628.829,-0.979,0.021,0.081,-0.187,3364,441,1637,3271,973,1831,544,1555,22,0.000,20,1,0.258,0.004,0.180,-0.120,-0.140,-0.167,0.009,0.988,-0.004,-0.002,0.000,0.000,0.000,0.000,0.001,2,2,0,1,7,255,1020,250,528,1020
stim,545,545,0,2017633.829,-0.979,0.021,0.081,-0.187,3348,440,1629,3275,973,1842,549,1557,22,0.000,20,1,0.191,0.018,0.060,-0.180,-0.020,-0.165,0.009,0.987,-0.004,-0.018,-0.004,0.000,0.000,0.000,0.001,2,2,0,1,7,255,1020,250,533,1020
stim,545,545,0,2017638.830,-0.979,0.021,0.081,-0.187,3365,445,1623,3275,969,1823,541,1544,22,0.000,20,1,0.128,0.020,-0.020,-0.120,0.040,-0.167,0.012,0.988,0.008,-0.018,-0.008,0.000,0.000,0.000,0.001,2,2,0,1,7,255,1020,250,538,1020
stim,546,546,0,2017643.829,-0.979,0.021,0.081,-0.187,3365,443,1636,3255,973,1837,551,1557,22,0.000,20,1,0.188,0.016,0.120,-0.120,-0.080,-0.166,0.013,0.990,0.008,0.014,-0.008,0.000,0.000,0.000,0.001,2,2,0,1,7,255,1020,250,543,1020
stim,546,546,0,2017648.829,-0.979,0.021,0.081,-0.187,3354,445,1632,3288,983,1832,548,1559,22,0.000,20,1,0.136,0.022,0.120,-0.060,-0.020,-0.167,0.013,0.990,0.008,0.020,0.016,0.000,0.000,0.000,0.001,2,2,0,1,7,255,1020,250,548,1020
stim,547,547,0,2017653.829,-0.979,0.021,0.081,-0.187,3356,443,1637,3263,985,1835,553,1551,22,0.000,20,1,0.075,0.021,0.040,-0.060,-0.020,-0.167,0.011,0.990,0.006,0.020,0.016,0.000,0.000,0.000,0.001,2,2,0,1,7,255,1020,250,553,1020
stim,547,547,0,2017658.829,-0.979,0.021,0.081,-0.187,3346,445,1637,3272,987,1831,551,1555,22,0.000,20,1,0.201,0.006,-0.140,-0.120,-0.080,-0.167,0.009,0.989,0.000,0.006,0.016,0.000,0.000,0.000,0.001,2,2,0,1,7,255,1020,250,558,1020
stim,580,580,0,2017663.829,-0.979,0.021,0.081,-0.187,3344,443,1637,3272,987,1831,548,1559,22,0.000,20,1,0.213,0.006,-0.200,-0.060,0.040,-0.165,0.011,0.988,0.000,-0.006,0.000,0.000,0.000,0.000,0.001,2,2,0,1,7,255,1020,250,563,1020
stim,580,580,0,2017668.829,-0.979,0.021,0.081,-0.187,3360,439,1625,3250,979,1823,547,1545,22,0.000,20,1,0.189,0.010,-0.080,-0.060,0.160,-0.167,0.012,0.988,0.008,-0.006,-0.004,0.000,0.000,0.000,0.001,2,2,0,1,7,255,1020,250,568,1020
stim,580,580,0,2017673.829,-0.979,0.021,0.081,-0.187,3361,444,1637,3273,981,1835,553,1561,22,0.000,20,1,0.102,0.017,-0.020,0.000,0.100,-0.167,0.013,0.990,0.014,0.010,-0.004,0.000,0.000,0.000,0.001,2,2,0,1,7,255,1020,250,573,1020
stim,581,581,0,2017678.829,-0.979,0.021,0.081,-0.187,3365,440,1628,3258,986,1839,553,1553,22,0.000,20,1,0.089,0.026,-0.080,0.000,0.040,-0.167,0.014,0.990,0.014,0.022,0.010,0.000,0.000,0.000,0.001,2,2,0,1,7,255,1020,250,578,1020
stim,581,581,0,2017683.829,-0.979,0.021,0.081,-0.187,3343,453,1635,3277,985,1835,551,1557,22,0.000,20,1,0.146,0.026,-0.140,0.000,0.040,-0.167,0.013,0.988,0.014,0.022,0.010,0.000,0.000,0.000,0.001,2,2,0,1,7,255,1020,250,583,1020
stim,581,581,0,2017688.829,-0.979,0.021,0.081,-0.187,3355,441,1636,3269,970,1833,551,1553,22,0.000,20,1,0.210,0.020,-0.200,-0.060,-0.020,-0.167,0.012,0.989,0.002,0.020,0.002,0.000,0.000,0.000,0.001,2,2,0,1,7,255,1020,250,588,1020
stim,591,591,0,2017693.829,-0.979,0.021,0.081,-0.187,3347,447,1627,3285,980,1837,549,1559,22,0.000,20,1,0.172,0.016,-0.140,-0.060,-0.080,-0.166,0.011,0.988,0.002,0.016,-0.002,0.000,0.000,0.000,0.001,2,2,0,1,7,255,1020,250,593,1020
stim,591,591,0,2017698.829,-0.979,0.021,0.081,-0.187,3355,443,1624,3277,967,1823,547,1547,22,0.000,20,1,0.204,0.013,-0.200,0.000,0.040,-0.164,0.010,0.988,0.012,-0.004,-0.006,0.000,0.000,0.000,0.001,2,2,0,1,7,255,1020,250,598,1020
stim,612,612,0,2017703.829,-0.979,0.021,0.081,-0.187,3371,439,1637,3281,959,1841,557,1553,22,0.000,20,1,0.292,0.014,-0.200,0.140,0.160,-0.166,0.010,0.989,0.012,-0.008,-0.006,0.000,0.000,0.000,0.001,2,2,0,1,7,255,1020,250,603,1020
stim,612,612,0,2017708.830,-0.979,0.021,0.081,-0.187,3355,442,1627,3273,965,1827,549,1549,22,0.000,20,1,0.222,0.018,-0.140,0.140,0.100,-0.166,0.009,0.986,0.012,-0.014,-0.008,0.000,0.000,0.000,0.001,2,2,0,1,7,255,1020,250,608,1020
stim,612,612,0,2017713.829,-0.979,0.021,0.081,-0.187,3343,443,1623,3251,971,1823,547,1547,22,0.000,20,1,0.216,0.014,-0.080,0.200,-0.020,-0.166,0.010,0.988,0.008,-0.012,-0.006,0.000,0.000,0.000,0.001,2,2,0,1,7,255,1020,250,613,1020
stim,612,612,0,2017718.829,-0.979,0.021,0.081,-0.187,3355,439,1633,3273,984,1835,555,1559,22,0.000,20,1,0.281,0.012,0.040,0.260,0.100,-0.167,0.010,0.989,0.002,-0.012,-0.006,0.000,0.000,0.000,0.001,2,2,0,1,7,255,1020,250,618,1020
stim,642,642,0,2017723.829,-0.979,0.021,0.081,-0.187,3379,444,1637,3271,981,1836,553,1551,22,0.000,20,1,0.341,0.006,-0.020,0.260,0.220,-0.167,0.011,0.990,0.002,-0.006,0.006,0.000,0.000,0.000,0.001,2,2,0,1,7,255,1020,250,623,1020
stim,642,642,0,2017728.829,-0.979,0.021,0.081,-0.187,3355,440,1624,3315,971,1823,544,1545,22,0.000,20,1,0.237,0.006,-0.080,0.200,0.100,-0.168,0.011,0.990,0.002,0.006,0.012,0.000,0.000,0.000,0.001,2,2,0,1,7,255,1020,250,628,1020
stim,643,643,0,2017733.829,-0.979,0.021,0.081,-0.187,3355,445,1632,3260,974,1837,555,1565,22,0.000,20,1,0.219,0.013,-0.080,0.200,0.040,-0.169,0.010,0.987,-0.012,0.006,0.012,0.000,0.000,0.000,0.001,2,2,0,1,7,255,1020,250,633,1020
stim,643,643,0,2017738.829,-0.979,0.021,0.081,-0.187,3351,453,1629,3257,979,1832,551,1557,22,0.000,20,1,0.229,0.012,0.180,0.140,-0.020,-0.167,0.009,0.987,-0.012,0.000,-0.012,0.000,0.000,0.000,0.001,2,2,0,1,7,255,1020,250,638,1020
stim,643,643,0,2017743.830,-0.979,0.021,0.081,-0.187,3357,444,1635,3259,973,1833,553,1557,22,0.000,20,1,0.272,0.019,0.180,0.200,0.040,-0.166,0.008,0.988,-0.010,-0.016,-0.012,0.000,0.000,0.000,0.001,2,2,0,1,7,255,1020,250,643,1020
stim,643,643,0,2017748.829,-0.979,0.021,0.081,-0.187,3351,444,1637,3279,985,1833,552,1560,22,0.000,20,1,0.279,0.018,0.180,0.140,0.160,-0.167,0.009,0.989,-0.008,-0.016,-0.004,0.000,0.000,0.000,0.001,2,2,0,1,7,255,1020,250,648,1020
stim,678,678,0,2017753.829,-0.979,0.021,0.081,-0.187,3353,445,1631,3277,981,1833,553,1557,22,0.000,20,1,0.221,0.018,0.060,0.140,0.160,-0.169,0.011,0.989,-0.008,-0.016,0.002,0.000,0.000,0.000,0.001,2,2,0,1,7,255,1020,250,653,1020
stim,678,678,0,2017758.829,-0.979,0.021,0.081,-0.187,3368,440,1644,3273,957,1839,552,1558,22,0.000,20,1,0.150,0.021,0.120,0.080,0.040,-0.170,0.013,0.989,-0.016,0.014,0.006,0.000,0.000,0.000,0.001,2,2,0,1,7,255,1020,250,658,1020
stim,678,678,0,2017763.829,-0.979,0.021,0.081,-0.187,3353,445,1635,3276,959,1835,553,1557,22,0.000,20,1,0.361,0.025,0.300,0.000,-0.200,-0.169,0.012,0.989,-0.018,0.018,0.006,0.000,0.000,0.000,0.001,2,2,0,1,7,255,1020,250,663,1020
stim,678,678,0,2017768.829,-0.979,0.021,0.081,-0.187,3340,440,1624,3253,951,1787,541,1547,22,0.000,20,1,0.354,0.024,0.240,0.000,-0.260,-0.167,0.011,0.989,-0.016,0.018,0.006,0.000,0.000,0.000,0.001,2,2,0,1,7,255,1020,250,668,1020
stim,678,678,0,2017773.829,-0.979,0.021,0.081,-0.187,3355,443,1629,3291,949,1837,555,1557,22,0.000,20,1,0.276,0.004,0.180,-0.060,-0.200,-0.166,0.010,0.989,0.004,0.000,0.004,0.000,0.000,0.000,0.001,2,2,0,1,7,255,1020,250,673,1020
stim,678,678,0,2017778.829,-0.979,0.021,0.081,-0.187,3351,444,1628,3283,954,1845,551,1559,22,0.000,20,1,0.122,0.010,0.120,0.000,-0.020,-0.166,0.010,0.989,0.008,-0.006,0.002,0.000,0.000,0.000,0.001,2,2,0,1,7,255,1020,250,678,1020
stim,679,679,0,2017783.829,-0.979,0.021,0.081,-0.187,3368,443,1637,3263,953,1834,551,1562,22,0.000,20,1,0.191,0.010,0.180,-0.060,-0.020,-0.167,0.011,0.988,0.008,-0.006,0.000,0.000,0.000,0.000,0.001,2,2,0,1,7,255,1020,250,683,1020
stim,679,679,0,2017788.829,-0.979,0.021,0.081,-0.187,3357,444,1623,3291,940,1823,548,1545,22,0.000,20,1,0.361,0.006,0.300,0.000,-0.200,-0.168,0.011,0.988,-0.004,0.004,-0.002,0.000,0.000,0.000,0.001,2,2,0,1,7,255,1020,250,688,1020
stim,690,690,0,2017793.829,-0.979,0.021,0.081,-0.187,3367,440,1637,3263,939,1831,551,1557,22,0.000,20,1,0.354,0.006,0.240,0.000,-0.260,-0.166,0.011,0.989,-0.004,0.004,-0.002,0.000,0.000,0.000,0.001,2,2,0,1,7,255,1020,250,693,1020
stim,690,690,0,2017798.829,-0.979,0.021,0.081,-0.187,3361,441,1641,3264,939,1837,552,1549,22,0.000,20,1,0.242,0.016,0.180,0.080,-0.140,-0.166,0.012,0.988,0.010,0.012,-0.004,0.000,0.000,0.000,0.001,2,2,0,1,7,255,1020,250,698,1020
stim,703,703,0,2017803.829,-0.979,0.021,0.081,-0.187,3340,444,1624,3251,941,1823,543,1545,22,0.000,20,1,0.144,0.016,0.120,0.000,-0.080,-0.167,0.012,0.990,0.010,0.012,0.004,0.000,0.000,0.000,0.001,2,2,0,1,7,255,1020,250,703,1020
stim,704,704,0,2017808.829,-0.979,0.021,0.081,-0.187,3367,439,1637,3263,955,1835,553,1549,22,0.000,20,1,0.089,0.016,0.040,0.000,-0.080,-0.167,0.013,0.988,0.008,0.014,-0.004,0.000,0.000,0.000,0.001,2,2,0,1,7,255,1020,250,708,1020
stim,720,720,0,2017813.829,-0.979,0.021,0.081,-0.187,3365,439,1639,3271,951,1844,553,1555,22,0.000,20,1,0.263,0.015,0.040,0.000,-0.260,-0.167,0.012,0.988,0.004,0.014,-0.006,0.000,0.000,0.000,0.001,2,2,0,1,7,255,1020,250,713,1020
stim,720,720,0,2017818.829,-0.979,0.021,0.081,-0.187,3368,441,1625,3287,941,1822,549,1547,22,0.000,20,1,0.275,0.018,0.040,0.080,-0.260,-0.167,0.013,0.989,0.004,0.018,-0.006,0.000,0.000,0.000,0.001,2,2,0,1,7,255,1020,250,718,1020
stim,720,720,0,2017823.829,-0.979,0.021,0.081,-0.187,3362,443,1637,3271,941,1831,553,1553,22,0.000,20,1,0.293,0.014,0.120,-0.060,-0.260,-0.165,0.012,0.990,0.008,0.012,0.006,0.000,0.000,0.000,0.001,2,2,0,1,7,255,1020,250,723,1020
stim,720,720,0,2017828.829,-0.979,0.021,0.081,-0.187,3347,445,1629,3283,951,1832,552,1557,22,0.000,20,1,0.162,0.014,-0.020,0.080,-0.140,-0.166,0.011,0.989,0.014,0.002,0.006,0.000,0.000,0.000,0.001,2,2,0,1,7,255,1020,250,728,1020
stim,751,751,0,2017833.829,-0.979,0.021,0.081,-0.187,3343,439,1623,3254,941,1823,547,1546,22,0.000,20,1,0.244,0.014,-0.140,0.000,-0.200,-0.168,0.012,0.988,0.014,0.002,0.000,0.000,0.000,0.000,0.001,2,2,0,1,7,255,1020,250,733,1020
stim,751,751,0,2017838.829,-0.979,0.021,0.081,-0.187,3354,445,1632,3279,963,1839,552,1559,22,0.000,20,1,0.257,0.002,-0.140,0.080,-0.200,-0.167,0.011,0.987,0.002,0.000,-0.006,0.000,0.000,0.000,0.001,2,2,0,1,7,255,1020,250,738,1020
stim,751,751,0,2017843.830,-0.979,0.021,0.081,-0.187,3355,451,1637,3271,959,1837,555,1557,22,0.000,20,1,0.180,0.002,-0.080,0.080,-0.140,-0.166,0.010,0.987,0.002,0.000,-0.014,0.000,0.000,0.000,0.001,2,2,0,1,7,255,1020,250,743,1020
stim,751,751,0,2017848.829,-0.979,0.021,0.081,-0.187,3359,445,1631,3293,955,1835,553,1557,22,0.000,20,1,0.115,0.006,-0.020,0.080,-0.080,-0.167,0.010,0.988,0.002,-0.006,-0.014,0.000,0.000,0.000,0.001,2,2,0,1,7,255,1020,250,748,1020
stim,751,751,0,2017853.829,-0.979,0.021,0.081,-0.187,3365,443,1637,3271,957,1837,555,1549,22,0.000,20,1,0.214,0.010,-0.080,0.140,-0.140,-0.167,0.009,0.988,0.000,-0.010,-0.006,0.000,0.000,0.000,0.001,2,2,0,1,7,255,1020,250,753,1020
stim,751,751,0,2017858.829,-0.979,0.021,0.081,-0.187,3356,445,1635,3275,967,1836,552,1555,22,0.000,20,1,0.214,0.014,-0.140,0.080,-0.140,-0.168,0.011,0.988,-0.010,-0.010,-0.004,0.000,0.000,0.000,0.001,2,2,0,1,7,255,1020,250,758,1020
stim,767,767,0,2017863.829,-0.979,0.021,0.081,-0.187,3365,441,1636,3270,964,1834,551,1555,22,0.000,20,1,0.272,0.012,-0.080,0.000,-0.260,-0.167,0.013,0.989,-0.010,0.006,0.000,0.000,0.000,0.000,0.001,2,2,0,1,7,255,1020,250,763,1020
stim,767,767,0,2017868.829,-0.979,0.021,0.081,-0.187,3367,439,1639,3277,958,1837,552,1558,22,0.000,20,1,0.268,0.015,-0.020,-0.060,-0.260,-0.168,0.012,0.988,-0.006,0.014,0.000,0.000,0.000,0.000,0.001,2,2,0,1,7,255,1020,250,768,1020
stim,767,767,0,2017873.829,-0.979,0.021,0.081,-0.187,3345,443,1622,3253,958,1837,541,1547,22,0.000,20,1,0.210,0.014,-0.020,-0.060,-0.200,-0.167,0.009,0.989,0.000,0.014,0.004,0.000,0.000,0.000,0.001,2,2,0,1,7,255,1020,250,773,1020
stim,767,767,0,2017878.829,-0.979,0.021,0.081,-0.187,3367,445,1643,3277,954,1834,551,1556,22,0.000,20,1,0.244,0.008,-0.140,0.000,-0.200,-0.167,0.010,0.989,-0.006,-0.006,0.002,0.000,0.000,0.000,0.001,2,2,0,1,7,255,1020,250,778,1020
stim,783,783,0,2017883.829,-0.979,0.021,0.081,-0.187,3363,439,1640,3277,955,1824,549,1555,22,0.000,20,1,0.172,0.014,-0.140,-0.060,-0.080,-0.165,0.009,0.987,0.000,-0.014,0.002,0.000,0.000,0.000,0.001,2,2,0,1,7,255,1020,250,783,1020
stim,783,783,0,2017888.829,-0.979,0.021,0.081,-0.187,3363,441,1643,3277,953,1830,552,1548,22,0.000,20,1,0.102,0.010,-0.080,-0.060,-0.020,-0.169,0.010,0.989,-0.008,-0.006,0.002,0.000,0.000,0.000,0.001,2,2,0,1,7,255,1020,250,788,1020
stim,783,783,0,2017893.829,-0.979,0.021,0.081,-0.187,3344,448,1635,3271,957,1827,556,1559,22,0.000,20,1,0.224,0.004,-0.080,-0.060,-0.200,-0.169,0.014,0.990,-0.004,-0.002,0.006,0.000,0.000,0.000,0.001,2,2,0,1,7,255,1020,250,793,1020
stim,783,783,0,2017898.829,-0.979,0.021,0.081,-0.187,3363,445,1639,3273,951,1831,548,1559,22,0.000,20,1,0.523,0.018,-0.140,-0.060,-0.500,-0.167,0.013,0.990,-0.004,0.018,0.016,0.000,0.000,0.000,0.001,2,2,0,1,7,255,1020,250,798,1020
stim,799,799,0,2017903.829,-0.979,0.021,0.081,-0.187,3355,445,1637,3261,955,1842,551,1561,22,0.000,20,1,0.429,0.021,-0.200,0.000,-0.380,-0.165,0.012,0.988,0.010,0.018,0.016,0.000,0.000,0.000,0.001,2,2,0,1,7,255,1020,250,803,1020
stim,799,799,0,2017908.830,-0.979,0.021,0.081,-0.187,3363,437,1635,3272,941,1823,557,1564,22,0.000,20,1,0.198,0.024,-0.140,0.000,-0.140,-0.164,0.011,0.989,0.024,0.002,-0.002,0.000,0.000,0.000,0.001,2,2,0,1,7,255,1020,250,808,1020
stim,815,815,0,2017913.829,-0.979,0.021,0.081,-0.187,3352,447,1629,3283,955,1844,551,1559,22,0.000,20,1,0.306,0.025,-0.260,0.080,-0.140,-0.167,0.010,0.990,0.024,-0.008,-0.002,0.000,0.000,0.000,0.001,2,2,0,1,7,255,1020,250,813,1020
stim,815,815,0,2017918.829,-0.979,0.021,0.081,-0.187,3357,445,1638,3263,952,1831,555,1557,22,0.000,20,1,0.481,0.010,-0.380,0.140,-0.260,-0.169,0.013,0.992,-0.006,-0.008,0.016,0.000,0.000,0.000,0.001,2,2,0,1,7,255,1020,250,818,1020
stim,815,815,0,2017923.829,-0.979,0.021,0.081,-0.187,3341,444,1625,3255,948,1823,543,1545,22,0.000,20,1,0.627,0.024,-0.440,0.080,-0.440,-0.169,0.012,0.987,-0.010,0.022,0.016,0.000,0.000,0.000,0.001,2,2,0,1,7,255,1020,250,823,1020
stim,815,815,0,2017928.829,-0.979,0.021,0.081,-0.187,3379,443,1641,3273,955,1839,551,1556,22,0.000,20,1,0.503,0.024,-0.320,0.080,-0.380,-0.166,0.009,0.985,-0.010,0.022,-0.014,0.000,0.000,0.000,0.001,2,2,0,1,7,255,1020,250,828,1020
stim,847,847,0,2017933.829,-0.979,0.021,0.081,-0.187,3353,448,1628,3286,955,1836,550,1555,22,0.000,20,1,0.294,0.016,-0.200,0.080,-0.200,-0.166,0.009,0.987,0.002,-0.016,-0.020,0.000,0.000,0.000,0.001,2,2,0,1,7,255,1020,250,833,1020
stim,847,847,0,2017938.829,-0.979,0.021,0.081,-0.187,3367,445,1625,3292,941,1823,547,1545,22,0.000,20,1,0.242,0.016,-0.140,0.140,-0.140,-0.167,0.009,0.990,0.002,-0.016,-0.020,0.000,0.000,0.000,0.001,2,2,0,1,7,255,1020,250,838,1020
stim,847,847,0,2017943.830,-0.979,0.021,0.081,-0.187,3357,443,1643,3276,949,1837,553,1554,22,0.000,20,1,0.384,0.018,-0.260,0.200,-0.200,-0.169,0.010,0.990,-0.008,-0.016,0.016,0.000,0.000,0.000,0.001,2,2,0,1,7,255,1020,250,843,1020
stim,847,847,0,2017948.829,-0.979,0.021,0.081,-0.187,3357,440,1631,3275,950,1844,552,1556,22,0.000,20,1,0.543,0.016,-0.380,0.080,-0.380,-0.169,0.010,0.989,-0.016,0.002,0.016,0.000,0.000,0.000,0.001,2,2,0,1,7,255,1020,250,848,1020
stim,847,847,0,2017953.829,-0.979,0.021,0.081,-0.187,3355,442,1636,3276,949,1830,549,1548,22,0.000,20,1,0.525,0.016,-0.140,0.080,-0.500,-0.167,0.008,0.985,-0.016,0.002,0.006,0.000,0.000,0.000,0.001,2,2,0,1,7,255,1020,250,853,1020
stim,847,847,0,2017958.829,-0.979,0.021,0.081,-0.187,3358,446,1631,3258,953,1834,553,1555,22,0.000,20,1,0.405,0.022,-0.020,0.140,-0.380,-0.165,0.007,0.987,-0.012,-0.018,-0.020,0.000,0.000,0.000,0.001,2,2,0,1,7,255,1020,250,858,1020
stim,879,879,0,2017963.829,-0.979,0.021,0.081,-0.187,3356,443,1632,3271,953,1841,557,1556,22,0.000,20,1,0.327,0.027,-0.140,0.140,-0.260,-0.164,0.009,0.988,0.008,-0.026,-0.020,0.000,0.000,0.000,0.001,2,2,0,1,7,255,1020,250,863,1020
stim,879,879,0,2017968.829,-0.979,0.021,0.081,-0.187,3374,446,1625,3253,953,1823,553,1543,22,0.000,20,1,0.357,0.029,-0.140,0.260,-0.200,-0.166,0.012,0.987,0.012,-0.026,-0.014,0.000,0.000,0.000,0.001,2,2,0,1,7,255,1020,250,868,1020
stim,879,879,0,2017973.829,-0.979,0.021,0.081,-0.187,3347,447,1639,3281,953,1836,563,1556,22,0.000,20,1,0.413,0.014,-0.020,0.320,-0.260,-0.167,0.014,0.988,0.012,0.008,-0.008,0.000,0.000,0.000,0.001,2,2,0,1,7,255,1020,250,873,1020
stim,879,879,0,2017978.829,-0.979,0.021,0.081,-0.187,3358,443,1635,3260,959,1835,561,1556,22,0.000,20,1,0.557,0.029,0.120,0.320,-0.440,-0.166,0.014,0.987,0.012,0.026,-0.012,0.000,0.000,0.000,0.001,2,2,0,1,7,255,1020,250,878,1020
stim,879,879,0,2017983.829,-0.979,0.021,0.081,-0.187,3360,451,1635,3271,964,1837,559,1555,22,0.000,20,1,0.718,0.032,0.240,0.380,-0.560,-0.165,0.013,0.990,0.018,0.026,-0.006,0.000,0.000,0.000,0.001,2,2,0,1,7,255,1020,250,883,1020
stim,879,879,0,2017988.829,-0.979,0.021,0.081,-0.187,3359,443,1635,3287,970,1834,566,1553,22,0.000,20,1,0.624,0.023,0.040,0.440,-0.440,-0.165,0.005,0.990,0.018,0.014,0.008,0.000,0.000,0.000,0.001,2,2,0,1,7,255,1020,250,888,1020
stim,895,895,0,2017993.829,-0.979,0.021,0.081,-0.187,3368,441,1635,3261,979,1837,563,1553,22,0.000,20,1,0.503,0.034,-0.140,0.440,-0.200,-0.167,0.007,0.987,0.000,-0.034,0.008,0.000,0.000,0.000,0.001,2,2,0,1,7,255,1020,250,893,1020
stim,895,895,0,2017998.829,-0.979,0.021,0.081,-0.187,3353,443,1621,3281,965,1823,555,1540,22,0.000,20,1,0.544,0.034,-0.080,0.500,-0.200,-0.166,0.009,0.985,-0.002,-0.034,-0.012,0.000,0.000,0.000,0.001,2,2,0,1,7,255,1020,250,898,1020
stim,916,916,0,2018003.829,-0.979,0.021,0.081,-0.187,3364,439,1635,3270,981,1832,559,1547,22,0.000,20,1,0.643,0.017,0.180,0.560,-0.260,-0.167,0.010,0.987,-0.006,-0.016,-0.016,0.000,0.000,0.000,0.001,2,2,0,1,7,255,1020,250,903,1020
stim,916,916,0,2018008.829,-0.979,0.021,0.081,-0.187,3367,440,1633,3273,983,1837,563,1551,22,0.000,20,1,0.739,0.017,0.360,0.560,-0.320,-0.167,0.007,0.988,-0.006,-0.016,-0.016,0.000,0.000,0.000,0.001,2,2,0,1,7,255,1020,250,908,1020
stim,916,916,0,2018013.829,-0.979,0.021,0.081,-0.187,3347,437,1619,3257,952,1822,553,1541,22,0.000,20,1,0.694,0.035,0.240,0.620,-0.200,-0.166,0.007,0.987,-0.006,-0.034,-0.012,0.000,0.000,0.000,0.001,2,2,0,1,7,255,1020,250,913,1020
stim,916,916,0,2018018.829,-0.979,0.021,0.081,-0.187,3371,439,1625,3281,980,1835,561,1546,22,0.000,20,1,0.680,0.035,0.360,0.560,-0.140,-0.165,0.010,0.986,-0.006,-0.034,-0.012,0.000,0.000,0.000,0.001,2,2,0,1,7,255,1020,250,918,1020
stim,959,959,0,2018023.829,-0.979,0.021,0.081,-0.187,3356,441,1628,3259,924,1837,559,1545,22,0.000,20,1,0.951,0.015,0.660,0.680,-0.080,-0.165,0.011,0.987,0.014,-0.006,-0.014,0.000,0.000,0.000,0.001,2,2,0,1,7,255,1020,250,923,1020
stim,959,959,0,2018028.829,-0.979,0.021,0.081,-0.187,3360,441,1617,3311,892,1820,551,1532,22,0.000,20,1,1.120,0.015,0.840,0.740,0.040,-0.168,0.011,0.987,0.014,-0.004,-0.014,0.000,0.000,0.000,0.001,2,2,0,1,7,255,1020,250,928,1020
stim,959,959,0,2018033.829,-0.979,0.021,0.081,-0.187,3365,436,1627,3263,879,1831,551,1551,22,0.000,20,1,1.080,0.013,0.780,0.740,0.100,-0.168,0.008,0.985,-0.012,-0.004,-0.014,0.000,0.000,0.000,0.001,2,2,0,1,7,255,1020,250,933,1020
stim,959,959,0,2018038.829,-0.979,0.021,0.081,-0.187,3371,430,1625,3276,777,1832,554,1543,22,0.000,20,1,1.250,0.020,0.960,0.800,-0.020,-0.168,0.009,0.987,-0.014,-0.014,-0.012,0.000,0.000,0.000,0.001,2,2,0,1,7,255,1020,250,938,1020
stim,959,959,0,2018043.830,-0.979,0.021,0.081,-0.187,3350,429,1613,3260,695,1820,543,1531,22,0.000,20,1,1.479,0.020,1.200,0.860,-0.080,-0.165,0.007,0.989,-0.014,-0.014,-0.008,0.000,0.000,0.000,0.001,2,2,0,1,7,255,1020,250,943,1020
stim,959,959,0,2018048.829,-0.979,0.021,0.081,-0.187,3371,435,1623,3274,682,1831,552,1542,22,0.000,20,1,1.435,0.045,0.960,0.920,0.540,-0.165,0.006,0.987,0.008,-0.044,-0.008,0.000,0.000,0.000,0.001,2,2,0,1,7,255,1020,250,948,1020
stim,975,975,0,2018053.829,-0.979,0.021,0.081,-0.187,3353,435,1621,3283,688,1831,550,1545,22,0.000,20,1,1.448,0.045,0.960,0.860,0.660,-0.170,0.010,0.987,0.008,-0.044,-0.008,0.000,0.000,0.000,0.001,2,2,0,1,7,255,1020,250,953,1020
stim,975,975,0,2018058.829,-0.979,0.021,0.081,-0.187,3387,433,1609,3275,691,1823,539,1545,22,0.000,20,1,1.519,0.031,1.140,0.980,0.220,-0.171,0.011,0.986,-0.030,0.006,-0.014,0.000,0.000,0.000,0.001,2,2,0,1,7,255,1020,250,958,1020
stim,975,975,0,2018063.829,-0.979,0.021,0.081,-0.187,3365,429,1598,3283,672,1835,543,1543,22,0.000,20,1,1.661,0.034,1.340,0.980,0.040,-0.167,0.013,0.990,-0.030,0.016,-0.008,0.000,0.000,0.000,0.001,2,2,0,1,7,255,1020,250,963,1020
stim,975,975,0,2018068.829,-0.979,0.021,0.081,-0.187,3379,428,1603,3279,663,1827,539,1531,22,0.000,20,1,1.684,0.023,1.340,0.980,0.280,-0.165,0.008,0.989,0.016,0.016,0.006,0.000,0.000,0.000,0.001,2,2,0,1,7,255,1020,250,968,1020
stim,975,975,0,2018073.829,-0.979,0.021,0.081,-0.187,3351,425,1587,3259,658,1815,529,1527,22,0.000,20,1,1.722,0.029,1.140,0.980,0.840,-0.167,0.009,0.986,0.016,-0.024,0.006,0.000,0.000,0.000,0.001,2,2,0,1,7,255,1020,250,973,1020
stim,975,975,0,2018078.829,-0.979,0.022,0.081,-0.187,3365,435,1593,3283,677,1831,522,1543,22,0.000,20,1,1.763,0.024,1.340,1.040,0.480,-0.170,0.013,0.989,-0.004,-0.024,0.006,0.000,0.000,0.000,0.001,2,2,0,1,7,255,1020,250,978,1020
stim,991,991,0,2018083.829,-0.979,0.022,0.081,-0.187,3371,425,1590,3283,665,1823,515,1540,22,0.000,20,1,1.744,0.024,1.400,1.040,0.040,-0.167,0.009,0.987,-0.004,-0.024,-0.010,0.000,0.000,0.000,0.001,2,2,0,1,7,255,1020,250,983,1020
stim,991,991,0,2018088.829,-0.979,0.022,0.081,-0.187,3357,428,1577,3285,653,1811,504,1523,22,0.000,20,1,1.802,0.026,1.400,1.100,0.280,-0.165,0.006,0.985,-0.002,-0.026,-0.010,0.000,0.000,0.000,0.001,2,2,0,1,7,255,1020,250,988,1020
stim,991,991,0,2018093.829,-0.979,0.022,0.081,-0.187,3358,428,1585,3272,659,1823,509,1539,22,0.000,20,1,1.978,0.027,1.460,1.160,0.660,-0.166,0.010,0.986,0.006,-0.026,-0.020,0.000,0.000,0.000,0.001,2,2,0,1,7,255,1020,250,993,1020
stim,991,991,0,2018098.829,-0.979,0.022,0.081,-0.187,3373,426,1579,3279,663,1815,509,1541,22,0.000,20,1,2.032,0.023,1.520,1.100,0.780,-0.169,0.013,0.987,0.006,-0.022,-0.020,0.000,0.000,0.000,0.001,2,2,0,1,7,255,1020,250,998,1020
stim,991,991,0,2018103.829,-0.979,0.022,0.081,-0.187,3353,433,1565,3271,649,1811,503,1517,22,0.000,20,1,2.046,0.016,1.580,1.040,0.780,-0.173,0.018,0.990,-0.008,0.014,-0.004,0.000,0.000,0.000,0.001,2,2,0,1,7,255,1020,250,1003,1020
stim,991,991,0,2018108.830,-0.979,0.022,0.081,-0.187,3373,429,1573,3279,658,1827,504,1541,22,0.000,20,1,1.828,0.048,1.520,0.860,0.540,-0.173,0.016,0.991,-0.020,0.044,0.030,0.000,0.000,0.000,0.001,2,2,0,1,7,255,1020,250,1008,1020
stim,1011,1011,0,2018113.829,-0.979,0.022,0.081,-0.187,3371,426,1573,3289,664,1815,507,1528,22,0.000,20,1,1.746,0.054,1.340,0.740,0.840,-0.173,0.016,0.991,-0.020,0.050,0.038,0.000,0.000,0.000,0.001,2,2,0,1,7,255,1020,250,1013,1020
stim,1011,1011,0,2018118.829,-0.979,0.022,0.082,-0.187,3367,422,1557,3287,654,1804,503,1523,22,0.000,20,1,1.457,0.055,1.140,0.680,0.600,-0.176,0.016,0.990,-0.024,0.050,0.038,0.000,0.000,0.000,0.001,2,2,0,1,7,255,1020,250,1018,1020
stim,1023,1023,1,2018123.829,-0.979,0.022,0.082,-0.187,3383,416,1565,3279,653,1815,503,1523,22,0.000,20,1,1.265,0.055,1.080,0.620,0.220,-0.172,0.015,0.990,-0.024,0.050,0.034,0.000,0.000,0.000,0.001,2,2,1,1,7,255,1020,250,3,1020
stim,1023,1023,1,2018128.829,-0.979,0.022,0.082,-0.187,3397,422,1555,3280,635,1819,501,1523,22,0.000,20,1,1.122,0.036,1.020,0.440,0.160,-0.168,0.012,0.989,-0.020,0.030,0.022,0.000,0.000,0.000,0.001,2,2,1,1,7,255,1020,250,8,1020
stim,1055,1055,1,2018133.829,-0.979,0.022,0.082,-0.187,3355,419,1545,3271,632,1803,491,1513,22,0.000,20,1,1.287,0.008,1.080,0.560,0.420,-0.168,0.011,0.988,0.000,-0.008,0.006,0.000,0.000,0.000,0.001,2,2,1,1,7,255,1020,250,13,1020
stim,1055,1055,1,2018138.829,-0.979,0.022,0.082,-0.187,3358,420,1549,3283,637,1803,490,1515,22,0.000,20,1,1.258,0.008,1.020,0.500,0.540,-0.170,0.012,0.988,0.000,-0.008,0.004,0.000,0.000,0.000,0.001,2,2,1,1,7,255,1020,250,18,1020
stim,1055,1055,1,2018143.829,-0.979,0.022,0.082,-0.187,3364,421,1551,3283,637,1802,491,1512,22,0.000,20,1,1.237,0.014,1.020,0.560,0.420,-0.171,0.012,0.989,-0.014,-0.002,0.004,0.000,0.000,0.000,0.001,2,2,1,1,7,255,1020,250,23,1020
stim,1055,1055,1,2018148.829,-0.979,0.022,0.082,-0.187,3365,424,1547,3279,629,1799,490,1517,22,0.000,20,1,1.096,0.020,0.900,0.560,0.280,-0.170,0.011,0.987,-0.020,-0.002,0.004,0.000,0.000,0.000,0.001,2,2,1,1,7,255,1020,250,28,1020
stim,1055,1055,1,2018153.829,-0.979,0.022,0.082,-0.187,3369,425,1547,3275,627,1807,487,1515,22,0.000,20,1,1.168,0.020,0.960,0.560,0.360,-0.171,0.013,0.987,-0.020,-0.002,-0.004,0.000,0.000,0.000,0.001,2,2,1,1,7,255,1020,250,33,1020
stim,1055,1055,1,2018158.829,-0.979,0.022,0.082,-0.187,3372,423,1545,3272,635,1809,483,1514,22,0.000,20,1,1.093,0.018,0.960,0.440,0.280,-0.171,0.016,0.989,-0.016,0.008,-0.004,0.000,0.000,0.000,0.001,2,2,1,1,7,255,1020,250,38,1020
stim,1077,1077,1,2018163.829,-0.979,0.022,0.082,-0.187,3379,425,1529,3283,635,1811,483,1509,22,0.000,20,1,1.137,0.034,1.020,0.500,0.040,-0.171,0.017,0.990,-0.004,0.034,0.010,0.000,0.000,0.000,0.001,2,2,1,1,7,255,1020,250,43,1020
stim,1077,1077,1,2018168.829,-0.979,0.023,0.082,-0.187,3363,420,1540,3273,619,1799,485,1509,22,0.000,20,1,1.014,0.034,0.900,0.440,0.160,-0.172,0.015,0.989,-0.004,0.034,0.018,0.000,0.000,0.000,0.001,2,2,1,1,7,255,1020,250,48,1020
stim,1077,1077,1,2018173.829,-0.979,0.023,0.082,-0.187,3367,425,1531,3277,635,1805,473,1514,22,0.000,20,1,0.945,0.041,0.720,0.380,0.480,-0.174,0.018,0.988,-0.020,0.036,0.018,0.000,0.000,0.000,0.001,2,2,1,1,7,255,1020,250,53,1020
stim,1077,1077,1,2018178.831,-0.979,0.023,0.082,-0.187,3371,421,1531,3288,637,1801,477,1508,22,0.000,20,1,1.341,0.034,0.960,0.320,-0.880,-0.168,0.016,0.989,-0.020,0.028,0.006,0.000,0.000,0.000,0.001,2,2,1,1,7,255,1020,250,58,1020
stim,1079,1079,1,2018183.829,-0.979,0.023,0.082,-0.187,3359,421,1529,3293,619,1799,479,1509,22,0.000,20,1,1.044,0.023,0.780,0.680,-0.140,-0.165,0.006,0.990,0.016,0.016,0.006,0.000,0.000,0.000,0.001,2,2,1,1,7,255,1020,250,63,1020
stim,1079,1079,1,2018188.829,-0.979,0.023,0.082,-0.187,3365,421,1531,3282,618,1799,485,1506,22,0.000,20,1,1.370,0.023,0.180,0.320,1.320,-0.172,0.021,0.985,0.016,0.016,0.006,0.000,0.000,0.000,0.001,2,2,1,1,7,255,1020,250,68,1020
stim,1088,1088,1,2018193.829,-0.979,0.023,0.082,-0.187,3369,422,1527,3279,621,1801,487,1500,22,0.000,20,1,1.442,0.016,0.840,0.500,-1.060,-0.175,0.014,0.994,-0.002,0.016,0.008,0.000,0.000,0.000,0.001,2,2,1,1,7,255,1020,250,73,1020
stim,1088,1088,1,2018198.829,-0.979,0.023,0.082,-0.187,3370,422,1531,3276,622,1788,482,1511,22,0.000,20,1,1.203,0.050,0.540,0.740,0.780,-0.163,0.021,0.981,-0.002,0.050,-0.020,0.000,0.000,0.000,0.001,2,2,1,1,7,255,1020,250,78,1020
stim,1107,1107,1,2018203.829,-0.979,0.023,0.082,-0.187,3359,421,1526,3279,619,1788,477,1505,22,0.000,20,1,0.840,0.043,0.420,0.260,-0.680,-0.179,0.000,0.993,-0.040,0.016,0.058,0.000,0.000,0.000,0.001,2,2,1,1,7,255,1020,250,83,1020
stim,1107,1107,1,2018208.829,-0.979,0.023,0.082,-0.188,3387,421,1519,3291,623,1787,471,1501,22,0.000,20,1,0.827,0.094,0.540,0.560,0.280,-0.157,0.034,0.982,0.080,0.050,-0.072,0.000,0.000,0.000,0.001,2,2,1,1,7,255,1020,250,88,1020
stim,1107,1107,1,2018213.829,-0.979,0.023,0.082,-0.187,3370,421,1527,3279,616,1803,471,1501,22,0.000,20,1,1.196,0.154,0.600,0.680,0.780,-0.182,-0.006,0.990,-0.126,-0.088,0.038,0.000,0.000,0.000,0.001,2,2,1,1,7,255,1020,250,93,1020
stim,1107,1107,1,2018218.829,-0.979,0.023,0.082,-0.188,3366,423,1523,3277,603,1790,471,1505,22,0.000,20,1,1.440,0.132,-0.020,-0.240,-1.420,-0.168,0.027,0.985,0.056,0.120,-0.026,0.000,0.000,0.000,0.001,2,2,1,1,7,255,1020,250,98,1020
stim,1121,1121,1,2018223.829,-0.979,0.023,0.082,-0.187,3357,408,1515,3272,607,1776,469,1497,22,0.000,20,1,2.476,0.069,1.640,1.240,1.380,-0.171,0.021,0.985,0.012,0.068,-0.026,0.000,0.000,0.000,0.001,2,2,1,1,7,255,1020,250,103,1020
stim,1121,1121,1,2018228.829,-0.979,0.023,0.082,-0.188,3375,419,1520,3286,614,1791,469,1498,22,0.000,20,1,1.256,0.069,-0.080,-0.180,-1.240,-0.179,-0.015,0.991,0.012,0.068,-0.026,0.000,0.000,0.000,0.001,2,2,1,1,7,255,1020,250,108,1020
stim,1151,1151,1,2018233.829,-0.979,0.023,0.082,-0.188,3365,421,1521,3275,629,1789,470,1507,22,0.000,20,1,1.127,0.069,0.840,0.320,-0.680,-0.161,0.032,0.987,0.012,0.068,-0.024,0.000,0.000,0.000,0.001,2,2,1,1,7,255,1020,250,113,1020
stim,1151,1151,1,2018238.829,-0.979,0.023,0.082,-0.188,3372,427,1504,3291,603,1771,468,1484,22,0.000,20,1,1.753,0.013,1.200,0.440,1.200,-0.171,0.015,0.987,-0.008,0.010,-0.008,0.000,0.000,0.000,0.001,2,2,1,1,7,255,1020,250,118,1020
stim,1151,1151,1,2018243.829,-0.979,0.023,0.082,-0.188,3360,423,1517,3279,621,1797,469,1496,22,0.000,20,1,0.445,0.013,0.300,0.260,-0.200,-0.181,-0.003,0.988,-0.008,0.010,-0.008,0.000,0.000,0.000,0.001,2,2,1,1,7,255,1020,250,123,1020
stim,1151,1151,1,2018248.829,-0.979,0.023,0.082,-0.188,3371,427,1515,3280,620,1799,473,1501,22,0.000,20,1,1.190,0.027,0.540,0.000,-1.060,-0.169,0.011,0.986,-0.008,-0.026,-0.008,0.000,0.000,0.000,0.001,2,2,1,1,7,255,1020,250,128,1020
stim,1151,1151,1,2018253.829,-0.979,0.023,0.082,-0.188,3366,423,1513,3283,619,1801,469,1496,22,0.000,20,1,1.365,0.026,1.340,0.260,-0.020,-0.161,0.026,0.984,0.000,-0.026,-0.018,0.000,0.000,0.000,0.001,2,2,1,1,7,255,1020,250,133,1020
stim,1151,1151,1,2018258.829,-0.979,0.023,0.082,-0.188,3373,422,1509,3283,616,1797,467,1503,22,0.000,20,1,1.424,0.058,1.220,0.320,0.660,-0.166,0.018,0.990,0.056,0.014,-0.018,0.000,0.000,0.000,0.001,2,2,1,1,7,255,1020,250,138,1020
stim,1167,1167,1,2018263.829,-0.979,0.023,0.082,-0.188,3379,425,1513,3273,618,1797,468,1499,22,0.000,20,1,0.939,0.058,0.780,0.380,0.360,-0.175,0.010,0.989,0.056,0.014,0.016,0.000,0.000,0.000,0.001,2,2,1,1,7,255,1020,250,143,1020
stim,1167,1167,1,2018268.829,-0.979,0.023,0.082,-0.188,3385,427,1490,3291,610,1773,459,1485,22,0.000,20,1,0.632,0.054,0.540,0.260,-0.200,-0.175,0.011,0.992,-0.052,-0.016,0.022,0.000,0.000,0.000,0.001,2,2,1,1,7,255,1020,250,148,1020
stim,1167,1167,1,2018273.829,-0.979,0.023,0.082,-0.188,3379,423,1507,3293,619,1801,457,1497,22,0.000,20,1,0.757,0.054,0.600,0.140,-0.440,-0.172,0.015,0.987,-0.052,-0.016,0.022,0.000,0.000,0.000,0.001,2,2,1,1,7,255,1020,250,153,1020
stim,1167,1167,1,2018278.830,-0.979,0.023,0.082,-0.188,3381,423,1509,3283,616,1799,467,1497,22,0.000,20,1,1.012,0.018,0.840,0.500,-0.260,-0.167,0.017,0.986,-0.012,0.014,-0.002,0.000,0.000,0.000,0.001,2,2,1,1,7,255,1020,250,158,1020
stim,1183,1183,1,2018283.829,-0.979,0.023,0.082,-0.188,3360,423,1504,3289,603,1787,453,1499,22,0.000,20,1,0.922,0.035,0.840,0.380,-0.020,-0.167,0.016,0.988,0.032,0.014,-0.006,0.000,0.000,0.000,0.001,2,2,1,1,7,255,1020,250,163,1020
stim,1183,1183,1,2018288.829,-0.979,0.023,0.082,-0.188,3378,421,1499,3291,603,1791,460,1494,22,0.000,20,1,0.968,0.032,0.780,0.500,0.280,-0.168,0.015,0.986,0.032,0.002,-0.020,0.000,0.000,0.000,0.001,2,2,1,1,7,255,1020,250,168,1020
stim,1199,1199,1,2018293.829,-0.979,0.023,0.082,-0.188,3374,422,1499,3289,609,1787,466,1499,22,0.000,20,1,1.063,0.014,0.840,0.440,0.480,-0.172,0.016,0.986,0.014,0.002,-0.016,0.000,0.000,0.000,0.001,2,2,1,1,7,255,1020,250,173,1020
stim,1199,1199,1,2018298.829,-0.979,0.023,0.082,-0.188,3373,425,1495,3293,601,1771,455,1501,22,0.000,20,1,1.245,0.020,1.140,0.140,0.480,-0.172,0.015,0.985,-0.014,0.014,-0.020,0.000,0.000,0.000,0.001,2,2,1,1,7,255,1020,250,178,1020
stim,1199,1199,1,2018303.829,-0.979,0.023,0.082,-0.188,3378,423,1503,3285,609,1789,459,1492,22,0.000,20,1,1.760,0.021,1.640,-0.420,0.480,-0.171,0.016,0.986,-0.014,0.016,-0.016,0.000,0.000,0.000,0.001,2,2,1,1,7,255,1020,250,183,1020
stim,1199,1199,1,2018308.829,-0.979,0.023,0.082,-0.188,3367,425,1495,3284,607,1785,457,1493,22,0.000,20,1,2.217,0.020,2.120,-0.360,0.540,-0.171,0.013,0.987,-0.014,0.014,-0.012,0.000,0.000,0.000,0.001,2,2,1,1,7,255,1020,250,188,1020
stim,1215,1215,1,2018313.829,-0.979,0.024,0.082,-0.188,3341,413,1480,3275,603,1783,443,1471,22,0.000,20,1,2.161,0.010,2.120,0.000,0.420,-0.172,0.015,0.991,-0.010,0.002,-0.004,0.000,0.000,0.000,0.001,2,2,1,1,7,255,1020,250,193,1020
stim,1215,1215,1,2018318.829,-0.979,0.024,0.082,-0.188,3387,422,1497,3285,605,1787,455,1497,22,0.000,20,1,1.383,0.017,1.340,0.260,0.220,-0.171,0.014,0.995,-0.010,-0.014,0.036,0.000,0.000,0.000,0.001,2,2,1,1,7,255,1020,250,198,1020
stim,1247,1247,1,2018323.829,-0.979,0.024,0.082,-0.188,3373,423,1497,3293,597,1787,459,1493,22,0.000,20,1,0.577,0.009,0.540,0.200,0.040,-0.171,0.015,0.991,-0.008,-0.004,0.036,0.000,0.000,0.000,0.001,2,2,1,1,7,255,1020,250,203,1020
stim,1247,1247,1,2018328.829,-0.979,0.024,0.082,-0.188,3388,425,1479,3301,591,1773,447,1472,22,0.000,20,1,0.471,0.009,0.420,0.140,0.160,-0.173,0.017,0.984,-0.008,-0.004,0.034,0.000,0.000,0.000,0.001,2,2,1,1,7,255,1020,250,208,1020
stim,1263,1263,1,2018333.829,-0.979,0.024,0.082,-0.188,3381,424,1494,3297,597,1783,459,1495,22,0.000,20,1,0.807,0.034,0.780,-0.180,0.100,-0.176,0.018,0.984,-0.024,0.024,-0.028,0.000,0.000,0.000,0.001,2,2,1,1,7,255,1020,250,213,1020
stim,1263,1263,1,2018338.829,-0.979,0.024,0.082,-0.188,3373,426,1481,3291,597,1783,457,1492,22,0.000,20,1,1.266,0.048,1.220,-0.300,0.160,-0.174,0.013,0.988,-0.042,0.024,-0.028,0.000,0.000,0.000,0.001,2,2,1,1,7,255,1020,250,218,1020
stim,1263,1263,1,2018343.830,-0.979,0.024,0.082,-0.188,3365,427,1481,3288,595,1775,456,1491,22,0.000,20,1,1.183,0.047,1.140,-0.300,0.100,-0.172,0.018,0.992,-0.042,0.022,0.010,0.000,0.000,0.000,0.001,2,2,1,1,7,255,1020,250,223,1020
stim,1263,1263,1,2018348.829,-0.979,0.024,0.082,-0.188,3382,424,1485,3285,598,1775,459,1495,22,0.000,20,1,0.889,0.012,0.840,0.080,0.280,-0.168,0.018,0.992,-0.002,0.012,0.038,0.000,0.000,0.000,0.001,2,2,1,1,7,255,1020,250,228,1020
stim,1263,1263,1,2018353.829,-0.979,0.024,0.082,-0.188,3372,425,1485,3285,601,1776,461,1495,22,0.000,20,1,0.589,0.030,0.540,0.080,0.220,-0.170,0.021,0.990,0.020,0.022,0.038,0.000,0.000,0.000,0.001,2,2,1,1,7,255,1020,250,233,1020
stim,1263,1263,1,2018358.829,-0.979,0.024,0.082,-0.188,3377,425,1485,3283,603,1775,445,1487,22,0.000,20,1,0.506,0.023,0.480,0.080,-0.140,-0.174,0.015,0.988,0.020,0.012,0.018,0.000,0.000,0.000,0.001,2,2,1,1,7,255,1020,250,238,1020
stim,1263,1263,1,2018363.829,-0.979,0.024,0.082,-0.188,3375,427,1489,3291,603,1776,445,1487,22,0.000,20,1,0.444,0.033,0.360,0.000,-0.260,-0.173,0.012,0.989,-0.032,0.006,0.016,0.000,0.000,0.000,0.001,2,2,1,1,7,255,1020,250,243,1020
stim,1263,1263,1,2018368.829,-0.979,0.024,0.082,-0.188,3371,426,1479,3279,597,1781,447,1491,22,0.000,20,1,0.434,0.039,0.300,0.140,0.280,-0.167,0.015,0.989,-0.032,-0.022,0.004,0.000,0.000,0.000,0.001,2,2,1,1,7,255,1020,250,248,1020
stim,1263,1263,0,2018373.829,-0.979,0.024,0.082,-0.188,3355,414,1471,3279,597,1777,454,1489,22,0.000,20,1,0.676,0.037,0.240,0.200,0.600,-0.166,0.016,0.986,0.030,-0.022,0.002,0.000,0.000,0.000,0.001,2,2,0,1,7,255,1020,250,253,1020
stim,1263,1263,0,2018378.829,-0.979,0.024,0.082,-0.188,3385,426,1489,3293,591,1781,463,1493,22,0.000,20,1,0.496,0.034,0.360,0.260,0.220,-0.170,0.020,0.984,0.030,-0.016,-0.024,0.000,0.000,0.000,0.001,2,2,0,1,7,255,1020,250,258,1020
stim,1279,1279,0,2018383.829,-0.979,0.024,0.082,-0.188,3387,431,1484,3307,599,1787,467,1491,22,0.000,20,1,0.665,0.014,0.480,0.380,-0.260,-0.177,0.013,0.985,0.014,-0.002,-0.024,0.000,0.000,0.000,0.001,2,2,0,1,7,255,1020,250,263,1020
stim,1279,1279,0,2018388.829,-0.979,0.024,0.082,-0.188,3387,429,1471,3297,590,1779,459,1485,22,0.000,20,1,0.781,0.037,0.540,0.500,-0.260,-0.175,0.016,0.990,-0.032,0.018,-0.014,0.000,0.000,0.000,0.001,2,2,0,1,7,255,1020,250,268,1020
stim,1295,1295,0,2018393.829,-0.979,0.024,0.082,-0.188,3387,431,1483,3291,595,1785,466,1487,22,0.000,20,1,0.322,0.032,0.240,0.200,-0.080,-0.167,0.014,0.992,-0.032,-0.002,0.026,0.000,0.000,0.000,0.001,2,2,0,1,7,255,1020,250,273,1020
stim,1295,1295,0,2018398.829,-0.979,0.024,0.082,-0.188,3402,427,1485,3303,598,1789,465,1495,22,0.000,20,1,0.285,0.036,0.060,0.260,0.100,-0.166,0.015,0.987,0.030,-0.020,0.026,0.000,0.000,0.000,0.001,2,2,0,1,7,255,1020,250,278,1020
stim,1295,1295,0,2018403.829,-0.979,0.024,0.082,-0.188,3367,431,1471,3278,593,1774,442,1485,22,0.000,20,1,0.182,0.036,0.060,0.140,0.100,-0.172,0.015,0.986,0.030,-0.020,-0.014,0.000,0.000,0.000,0.001,2,2,0,1,7,255,1020,250,283,1020
stim,1295,1295,0,2018408.829,-0.979,0.024,0.082,-0.188,3380,430,1481,3294,601,1783,459,1497,22,0.000,20,1,0.242,0.016,0.180,0.140,-0.080,-0.176,0.016,0.988,-0.016,0.002,-0.014,0.000,0.000,0.000,0.001,2,2,0,1,7,255,1020,250,288,1020
stim,1312,1312,0,2018413.829,-0.979,0.024,0.082,-0.188,3397,425,1479,3297,595,1786,463,1497,22,0.000,20,1,0.376,0.024,0.180,0.080,-0.320,-0.173,0.015,0.989,-0.024,0.004,0.008,0.000,0.000,0.000,0.001,2,2,0,1,7,255,1020,250,293,1020
stim,1312,1312,0,2018418.829,-0.979,0.024,0.082,-0.188,3391,435,1471,3309,594,1775,457,1484,22,0.000,20,1,0.385,0.024,0.060,0.000,-0.380,-0.172,0.015,0.990,-0.024,0.004,0.014,0.000,0.000,0.000,0.001,2,2,0,1,7,255,1020,250,298,1020
stim,1327,1327,0,2018423.829,-0.979,0.024,0.082,-0.188,3383,427,1483,3295,597,1799,467,1492,22,0.000,20,1,0.326,0.010,0.060,0.000,-0.320,-0.171,0.016,0.988,-0.010,0.000,0.014,0.000,0.000,0.000,0.001,2,2,0,1,7,255,1020,250,303,1020
stim,1327,1327,0,2018428.829,-0.979,0.024,0.082,-0.188,3379,435,1485,3287,596,1795,463,1487,22,0.000,20,1,0.164,0.000,0.060,-0.060,-0.140,-0.170,0.022,0.988,0.000,0.000,0.004,0.000,0.000,0.000,0.001,2,2,0,1,7,255,1020,250,308,1020
stim,1360,1360,0,2018433.829,-0.979,0.024,0.082,-0.188,3368,424,1471,3279,595,1775,459,1482,22,0.000,20,1,0.040,0.066,0.000,0.000,0.040,-0.170,0.027,0.987,0.028,0.060,0.000,0.000,0.000,0.000,0.001,2,2,0,1,7,255,1020,250,313,1020
stim,1360,1360,0,2018438.829,-0.979,0.024,0.082,-0.188,3383,429,1485,3290,595,1797,465,1495,22,0.000,20,1,0.290,0.066,-0.260,0.080,0.100,-0.173,0.020,0.989,0.028,0.060,0.000,0.000,0.000,0.000,0.001,2,2,0,1,7,255,1020,250,318,1020
stim,1360,1360,0,2018443.830,-0.978,0.024,0.082,-0.188,3384,433,1484,3300,602,1790,468,1499,22,0.000,20,1,0.722,0.044,-0.440,-0.120,-0.560,-0.176,0.008,0.990,-0.006,0.044,0.014,0.000,0.000,0.000,0.001,2,2,0,1,7,255,1020,250,323,1020
stim,1360,1360,0,2018448.829,-0.978,0.024,0.082,-0.188,3389,429,1493,3299,601,1797,462,1496,22,0.000,20,1,1.348,0.052,-0.440,-0.480,-1.180,-0.173,0.011,0.990,-0.036,-0.038,0.026,0.000,0.000,0.000,0.001,2,2,0,1,7,255,1020,250,328,1020
stim,1360,1360,0,2018453.829,-0.978,0.024,0.082,-0.188,3381,433,1493,3299,594,1789,463,1497,22,0.000,20,1,0.574,0.052,-0.080,-0.360,-0.440,-0.164,0.025,0.984,-0.036,-0.038,0.026,0.000,0.000,0.000,0.001,2,2,0,1,7,255,1020,250,333,1020
stim,1360,1360,0,2018458.829,-0.978,0.024,0.082,-0.188,3386,433,1485,3295,595,1797,464,1495,22,0.000,20,1,0.921,0.082,-0.320,0.200,0.840,-0.167,0.024,0.984,0.056,0.060,-0.038,0.000,0.000,0.000,0.001,2,2,0,1,7,255,1020,250,338,1020
stim,1360,1360,0,2018463.829,-0.978,0.024,0.082,-0.188,3385,433,1483,3293,601,1787,465,1495,22,0.000,20,1,0.580,0.082,-0.560,-0.060,-0.140,-0.179,0.004,0.991,0.056,0.060,-0.038,0.000,0.000,0.000,0.001,2,2,0,1,7,255,1020,250,343,1020
stim,1360,1360,0,2018468.829,-0.978,0.024,0.082,-0.188,3385,435,1487,3315,592,1784,469,1493,22,0.000,20,1,1.629,0.049,-0.320,-0.600,-1.480,-0.172,0.011,0.990,-0.022,-0.044,0.018,0.000,0.000,0.000,0.001,2,2,0,1,7,255,1020,250,348,1020
stim,1362,1362,0,2018473.829,-0.978,0.024,0.082,-0.188,3369,429,1499,3283,599,1785,457,1485,22,0.000,20,1,0.232,0.049,-0.200,-0.060,0.100,-0.165,0.033,0.985,-0.022,-0.044,0.018,0.000,0.000,0.000,0.001,2,2,0,1,7,255,1020,250,0,0
stim,1362,1362,0,2018478.829,-0.978,0.024,0.082,-0.188,3388,428,1489,3285,596,1784,461,1491,22,0.000,20,1,0.704,0.049,-0.260,0.260,0.600,-0.170,0.007,0.983,-0.022,-0.044,-0.032,0.000,0.000,0.000,0.001,2,2,0,1,7,255,1020,250,0,0
stim,1391,1391,0,2018483.829,-0.978,0.024,0.082,-0.188,3404,428,1486,3295,601,1799,461,1486,22,0.000,20,1,0.524,0.086,-0.200,-0.300,-0.380,-0.166,0.000,0.986,-0.016,-0.084,-0.032,0.000,0.000,0.000,0.001,2,2,0,1,7,255,1020,250,0,0
stim,1391,1391,0,2018488.829,-0.978,0.024,0.082,-0.188,3369,429,1479,3283,593,1781,458,1485,22,0.000,20,1,0.760,0.086,0.040,-0.240,0.720,-0.175,0.033,0.993,-0.016,-0.084,-0.030,0.000,0.000,0.000,0.001,2,2,0,1,7,255,1020,250,0,0
stim,1391,1391,0,2018493.829,-0.978,0.024,0.082,-0.188,3397,428,1491,3289,603,1787,470,1496,22,0.000,20,1,0.352,0.051,0.040,0.140,-0.320,-0.173,0.009,0.982,-0.016,-0.048,-0.030,0.000,0.000,0.000,0.001,2,2,0,1,7,255,1020,250,0,0
stim,1391,1391,0,2018498.829,-0.978,0.024,0.082,-0.188,3382,437,1488,3291,605,1789,461,1499,22,0.000,20,1,0.602,0.055,-0.320,0.500,0.100,-0.161,0.002,0.975,0.026,-0.048,-0.050,0.000,0.000,0.000,0.001,2,2,0,1,7,255,1020,250,0,0
