condition_phase,condition_phase_elapsed_ms,condition_elapsed_ms,is_stimulation_on,t_ms,L_q0,L_q1,L_q2,L_q3,L_heel1,L_mid1,L_fore1,L_heel2,L_fore3,L_mid2,L_fore4,L_fore2,L_cadence,L_speed,L_steps,L_zupt,L_gyroNorm,L_accH,L_gyro_x,L_gyro_y,L_gyro_z,L_acc_x,L_acc_y,L_acc_z,L_nav_ax,L_nav_ay,L_nav_az,L_stepVel,L_stepVelj,L_stepDispRaw,L_stepDispZUPT,L_gaitEvent,L_stepTimeMs,L_stepDeviationMs,L_motorMode,L_motorActive,L_motorAlignment,L_motorRegionMask,L_motorAmplitude,L_motorIntervalMs,L_motorDurationMs,L_motorPhaseMs,L_motorCycleMs
stim,287762,318042,0,390650.828,0.796,-0.061,-0.348,-0.491,4095,0,0,2415,0,633,403,133,51,1.262,287,0,55.714,8.632,16.980,-29.600,-44.040,-0.032,1.165,1.546,-2.978,8.102,7.502,0.000,0.000,1.154,1.067,1,NULL,NULL,3,0,3,7,255,0,200,0,0
stim,287762,318042,0,390655.826,0.797,-0.060,-0.347,-0.491,4095,0,0,2479,0,794,407,141,51,1.262,287,0,39.928,8.632,-26.900,-19.840,-21.840,-0.213,0.585,1.393,-2.978,8.102,6.278,0.000,0.000,1.154,1.067,1,NULL,NULL,3,0,3,7,255,0,200,0,0
stim,288413,318693,0,390660.828,0.798,-0.057,-0.345,-0.491,4095,0,0,2187,0,773,404,139,51,1.262,287,0,74.035,4.845,-67.320,-13.240,-27.820,-0.518,0.020,1.019,0.184,4.842,4.208,0.000,0.000,1.154,1.067,1,NULL,NULL,3,0,3,7,255,0,200,0,0
stim,288413,318693,0,390665.828,0.800,-0.055,-0.343,-0.490,4095,0,0,2580,0,669,413,159,51,1.262,287,0,84.766,1.552,-58.580,-10.620,-60.340,-0.465,0.068,0.765,0.938,-1.236,0.878,0.000,0.000,1.154,1.067,1,NULL,NULL,3,0,3,7,255,0,200,0,0
stim,288413,318693,0,390670.828,0.801,-0.054,-0.342,-0.488,4095,0,0,2571,0,752,412,177,51,1.262,287,0,71.275,1.552,-20.080,-8.480,-67.860,-0.199,0.293,0.846,0.938,-1.236,-1.232,0.000,0.000,1.154,1.067,1,NULL,NULL,3,0,3,7,255,0,200,0,0
stim,288413,318693,0,390675.826,0.803,-0.054,-0.341,-0.487,4095,0,0,2504,0,588,425,175,51,1.262,287,0,37.408,2.370,-9.380,-9.220,-35.020,-0.117,0.245,1.012,0.938,2.176,-1.232,0.000,0.000,1.154,1.067,1,NULL,NULL,3,0,3,7,255,0,200,0,0
stim,288413,318693,0,390680.828,0.803,-0.053,-0.340,-0.487,4095,0,0,2419,0,743,423,181,51,1.262,287,0,29.270,2.664,-27.520,-9.880,-1.320,-0.331,0.058,1.027,1.536,2.176,-0.306,0.000,0.000,1.154,1.067,1,NULL,NULL,3,0,3,7,255,0,200,0,0
stim,288413,318693,0,390685.827,0.803,-0.051,-0.339,-0.488,4095,0,0,2707,0,773,431,188,51,1.262,287,0,43.013,1.627,-42.220,-8.180,-0.840,-0.580,0.055,0.881,1.536,0.536,0.120,0.000,0.000,1.154,1.067,1,NULL,NULL,3,0,3,7,255,0,200,0,0
stim,288413,318693,0,390690.828,0.804,-0.050,-0.337,-0.487,4095,0,0,2605,0,830,444,197,51,1.262,287,0,45.224,2.157,-36.420,-7.500,-25.740,-0.602,0.158,0.783,1.024,-1.898,0.120,0.000,0.000,1.154,1.067,1,NULL,NULL,3,0,3,7,255,0,200,0,0
stim,288413,318693,0,390695.827,0.805,-0.049,-0.336,-0.486,4095,0,0,2793,0,847,459,187,51,1.262,287,0,48.733,1.932,-19.940,-7.320,-43.860,-0.449,0.141,0.806,0.362,-1.898,-0.358,0.000,0.000,1.154,1.067,1,NULL,NULL,3,0,3,7,255,0,200,0,0
stim,288413,318693,0,390700.828,0.806,-0.048,-0.335,-0.485,4095,0,0,2575,0,920,461,211,51,1.262,287,0,41.381,0.739,-14.220,-10.120,-37.520,-0.323,-0.030,0.899,0.362,-0.644,-0.860,0.000,0.000,1.154,1.067,1,NULL,NULL,3,0,3,7,255,0,200,0,0
stim,288413,318693,0,390705.826,0.807,-0.047,-0.334,-0.485,4095,0,0,2471,0,880,474,215,51,1.262,287,0,29.353,2.620,-21.240,-10.000,-17.620,-0.346,-0.164,0.932,2.540,-0.644,-0.924,0.000,0.000,1.154,1.067,1,NULL,NULL,3,0,3,7,255,0,200,0,0
stim,288413,318693,0,390710.828,0.807,-0.045,-0.333,-0.485,4095,0,0,2444,0,904,491,228,51,1.262,287,0,29.879,2.909,-27.520,-10.680,-4.620,-0.440,-0.145,0.835,2.788,-0.830,-1.002,0.000,0.000,1.154,1.067,2,NULL,NULL,3,0,3,7,255,0,200,0,0
stim,288413,318693,0,390715.827,0.808,-0.044,-0.332,-0.485,4095,0,0,2427,0,839,507,233,51,1.262,287,0,26.656,3.310,-21.100,-14.820,-6.760,-0.496,-0.014,0.758,2.788,-1.784,-1.286,0.000,0.000,1.154,1.067,2,NULL,NULL,3,0,3,7,255,0,200,0,0
stim,288413,318694,0,390720.828,0.809,-0.044,-0.331,-0.485,4095,0,0,2590,0,861,509,247,51,1.262,287,0,24.418,2.142,-6.580,-17.700,-15.480,-0.461,0.046,0.790,1.186,-1.784,-1.286,0.000,0.000,1.154,1.067,2,NULL,NULL,3,0,3,7,255,0,200,0,0
stim,288413,318694,0,390725.826,0.809,-0.044,-0.330,-0.484,4095,0,0,2615,0,852,526,259,51,1.262,287,0,22.434,1.690,0.260,-16.840,-14.820,-0.393,-0.019,0.863,1.186,-1.204,-1.144,0.000,0.000,1.154,1.067,2,NULL,NULL,3,0,3,7,255,0,200,0,0
stim,288413,318694,0,390730.828,0.810,-0.044,-0.329,-0.484,4095,0,0,2484,0,896,525,264,51,1.262,287,0,20.971,2.078,0.440,-19.040,-8.780,-0.363,-0.055,0.898,1.940,-0.746,-0.954,0.000,0.000,1.154,1.067,2,NULL,NULL,3,0,3,7,255,0,200,0,0
stim,288413,318694,0,390735.827,0.810,-0.044,-0.327,-0.485,4095,0,0,0,0,805,523,269,51,1.262,287,0,17.560,2.243,-0.780,-17.520,-0.900,-0.361,-0.020,0.904,2.168,-0.576,-0.854,0.000,0.000,1.154,1.067,2,NULL,NULL,3,0,3,7,255,0,200,0,0
stim,288413,318694,0,390740.828,0.810,-0.044,-0.327,-0.485,4095,0,0,0,0,789,523,288,51,1.262,287,0,18.303,2.207,-0.060,-17.140,6.420,-0.383,0.037,0.870,2.168,-0.412,-0.808,0.000,0.000,1.154,1.067,2,NULL,NULL,3,0,3,7,255,0,200,0,0
stim,288413,318694,0,390745.826,0.810,-0.044,-0.326,-0.485,4095,0,0,0,0,840,537,307,51,1.262,287,0,21.059,1.529,4.460,-18.360,9.300,-0.406,0.106,0.883,1.478,-0.390,-0.730,0.000,0.000,1.154,1.067,2,NULL,NULL,3,0,3,7,255,0,200,0,0
stim,288413,318694,0,390750.828,0.810,-0.045,-0.325,-0.486,4095,0,0,0,0,905,524,309,51,1.262,287,0,20.416,0.897,8.180,-16.160,9.420,-0.415,0.161,0.922,0.858,-0.262,-0.446,0.000,0.000,1.154,1.067,2,NULL,NULL,3,0,3,7,255,0,200,0,0
stim,288413,318694,0,390755.827,0.810,-0.046,-0.325,-0.486,4095,0,0,0,0,883,535,332,51,1.262,287,0,19.033,0.518,8.560,-15.500,6.980,-0.419,0.188,0.950,0.518,0.018,0.048,0.000,0.000,1.154,1.067,2,NULL,NULL,3,0,3,7,255,0,200,0,0
stim,288413,318694,0,390760.828,0.810,-0.046,-0.324,-0.486,4095,0,0,0,0,755,539,341,51,1.262,287,0,16.693,0.409,6.840,-14.820,3.500,-0.419,0.206,0.963,0.376,0.162,0.362,0.000,0.000,1.154,1.067,2,NULL,NULL,3,0,3,7,255,0,200,0,0
stim,288413,318694,0,390765.827,0.810,-0.047,-0.323,-0.486,4095,0,0,0,0,878,533,353,51,1.262,287,1,15.362,0.383,4.580,-14.640,0.820,-0.396,0.229,0.979,0.272,0.270,0.518,0.000,0.000,1.154,1.067,2,NULL,NULL,3,0,3,7,255,0,200,0,0
stim,288414,318694,0,390770.828,0.811,-0.047,-0.323,-0.486,4095,0,0,0,0,853,529,363,51,1.262,287,1,13.260,0.621,3.120,-12.880,0.440,-0.381,0.257,0.985,0.206,0.586,0.600,0.000,0.000,1.154,1.067,2,NULL,NULL,3,0,3,7,255,0,200,0,0
stim,288414,318694,0,390775.827,0.811,-0.048,-0.322,-0.487,4095,0,0,0,0,859,536,378,51,1.262,287,1,11.832,0.840,1.780,-11.660,0.940,-0.368,0.259,1.001,0.118,0.832,0.650,0.000,0.000,1.154,1.067,2,NULL,NULL,3,0,3,7,255,0,200,0,0
stim,288414,318694,0,390780.827,0.811,-0.048,-0.321,-0.487,4095,0,0,0,0,869,531,402,51,1.262,287,1,10.189,0.923,-0.780,-9.940,2.100,-0.374,0.268,1.000,0.036,0.922,0.734,0.000,0.000,1.154,1.067,2,NULL,NULL,3,0,3,7,255,0,200,0,0
stim,288414,318694,0,390785.828,0.811,-0.048,-0.320,-0.487,4095,0,0,0,0,853,521,411,51,1.262,287,1,10.800,0.930,-5.060,-8.900,3.440,-0.386,0.236,0.981,0.118,0.922,0.734,0.000,0.000,1.154,1.067,2,NULL,NULL,3,0,3,7,255,0,200,0,0
stim,288414,318694,0,390790.828,0.811,-0.048,-0.320,-0.488,4095,0,0,0,0,801,503,431,51,1.262,287,1,13.181,0.610,-8.720,-8.900,4.300,-0.417,0.225,0.953,0.012,0.610,0.568,0.000,0.000,1.154,1.067,2,NULL,NULL,3,0,3,7,255,0,200,0,0
stim,288414,318694,0,390795.826,0.811,-0.048,-0.319,-0.488,4095,0,0,0,0,847,519,426,51,1.262,287,1,14.035,0.222,-10.480,-8.900,2.820,-0.439,0.234,0.937,0.012,0.222,0.426,0.000,0.000,1.154,1.067,2,NULL,NULL,3,0,3,7,255,0,200,0,0
stim,288414,318695,0,390800.828,0.811,-0.048,-0.318,-0.488,4095,0,0,0,0,877,549,431,51,1.262,287,1,13.826,0.223,-10.920,-8.480,-0.100,-0.440,0.243,0.941,-0.212,0.070,0.426,0.000,0.000,1.154,1.067,2,NULL,NULL,3,0,3,7,255,0,200,0,0
stim,288414,318695,0,390805.827,0.812,-0.047,-0.318,-0.488,4095,0,0,0,0,871,555,453,51,1.262,287,1,15.823,0.223,-13.180,-8.480,-2.180,-0.424,0.220,0.953,-0.212,0.070,0.428,0.000,0.000,1.154,1.067,2,NULL,NULL,3,0,3,7,255,0,200,0,0
stim,288414,318695,0,390810.828,0.812,-0.046,-0.317,-0.488,4095,0,0,0,0,875,543,460,51,1.262,287,1,19.375,0.071,-17.260,-8.480,-2.360,-0.421,0.183,0.938,-0.012,0.070,0.428,0.000,0.000,1.154,1.067,2,NULL,NULL,3,0,3,7,255,0,200,0,0
stim,288414,318695,0,390815.826,0.812,-0.045,-0.316,-0.489,4095,0,0,0,0,875,571,479,51,1.262,287,1,22.304,0.230,-20.080,-9.220,-3.040,-0.428,0.148,0.915,0.222,-0.062,0.208,0.000,0.000,1.154,1.067,2,NULL,NULL,3,0,3,7,255,0,200,0,0
stim,288414,318695,0,390820.828,0.813,-0.044,-0.315,-0.489,4095,0,0,0,0,879,575,487,51,1.262,287,1,22.061,0.500,-19.700,-8.360,-5.360,-0.433,0.129,0.900,0.374,-0.332,-0.034,0.000,0.000,1.154,1.067,2,NULL,NULL,3,0,3,7,255,0,200,0,0
stim,288414,318695,0,390825.827,0.813,-0.043,-0.313,-0.489,4095,0,0,0,0,867,585,481,51,1.262,287,1,21.168,0.631,-17.380,-9.020,-8.040,-0.422,0.118,0.893,0.440,-0.452,-0.176,0.000,0.000,1.154,1.067,2,NULL,NULL,3,0,3,7,255,0,200,0,0
stim,288414,318695,0,390830.828,0.813,-0.042,-0.312,-0.489,4095,0,0,0,0,980,596,491,51,1.262,287,1,18.930,0.678,-14.940,-7.260,-9.080,-0.402,0.116,0.918,0.506,-0.452,-0.176,0.000,0.000,1.154,1.067,2,NULL,NULL,3,0,3,7,255,0,200,0,0
stim,288414,318695,0,390835.826,0.814,-0.041,-0.311,-0.489,4095,0,0,0,0,1007,616,495,51,1.262,287,1,18.867,0.688,-15.320,-7.260,-8.280,-0.400,0.111,0.921,0.650,-0.226,-0.158,0.000,0.000,1.154,1.067,2,NULL,NULL,3,0,3,7,255,0,200,0,0
stim,288415,318695,0,390840.826,0.814,-0.040,-0.310,-0.489,4095,0,0,0,0,1017,617,493,51,1.262,287,1,20.248,0.688,-15.860,-8.780,-9.020,-0.423,0.100,0.895,0.650,-0.226,-0.158,0.000,0.000,1.154,1.067,2,NULL,NULL,3,0,3,7,255,0,200,0,0
stim,288415,318696,0,390845.828,0.815,-0.039,-0.309,-0.489,4095,0,0,0,0,1031,637,521,51,1.262,287,1,20.642,0.759,-14.520,-8.180,-12.180,-0.442,0.104,0.889,0.560,-0.512,-0.264,0.000,0.000,1.154,1.067,2,NULL,NULL,3,0,3,7,255,0,200,0,0
stim,288415,318696,0,390850.827,0.815,-0.038,-0.309,-0.488,4095,0,0,0,0,1055,664,533,51,1.262,287,1,23.437,0.767,-11.340,-10.500,-17.620,-0.456,0.125,0.861,0.408,-0.650,-0.302,0.000,0.000,1.154,1.067,2,NULL,NULL,3,0,3,7,255,0,200,0,0
stim,288415,318696,0,390855.828,0.816,-0.038,-0.308,-0.488,4095,0,0,0,0,1075,676,538,51,1.262,287,1,27.322,0.659,-7.320,-11.900,-23.480,-0.436,0.139,0.897,0.110,-0.650,-0.264,0.000,0.000,1.154,1.067,2,NULL,NULL,3,0,3,7,255,0,200,0,0
stim,288415,318696,0,390860.826,0.817,-0.037,-0.307,-0.487,4095,0,0,0,0,992,698,537,51,1.262,287,1,27.871,0.399,-7.140,-12.200,-24.020,-0.420,0.152,0.918,0.100,-0.386,-0.142,0.000,0.000,1.154,1.067,2,NULL,NULL,3,0,3,7,255,0,200,0,0
stim,288415,318696,0,390865.828,0.818,-0.037,-0.306,-0.486,4095,0,0,0,0,1015,731,544,51,1.262,287,1,29.970,0.174,-10.540,-14.160,-24.220,-0.440,0.195,0.930,0.100,-0.142,0.004,0.000,0.000,1.154,1.067,2,NULL,NULL,3,0,3,7,255,0,200,0,0
stim,288415,318696,0,390870.827,0.819,-0.037,-0.305,-0.485,4095,0,0,0,0,1015,745,555,51,1.262,287,1,36.172,0.324,-11.900,-15.260,-30.560,-0.447,0.209,0.914,-0.308,-0.102,0.172,0.000,0.000,1.154,1.067,2,NULL,NULL,3,0,3,7,255,0,200,0,0
stim,288415,318696,0,390875.828,0.820,-0.036,-0.304,-0.484,4087,0,0,0,0,1021,775,567,51,1.262,287,1,42.926,0.316,-11.220,-17.320,-37.640,-0.417,0.187,0.914,-0.308,-0.070,0.172,0.000,0.000,1.154,1.067,2,NULL,NULL,3,0,3,7,255,0,200,0,0
stim,288415,318696,0,390880.826,0.821,-0.036,-0.303,-0.483,4073,0,0,0,0,1061,793,580,51,1.262,287,1,45.851,0.258,-10.480,-17.080,-41.240,-0.368,0.148,0.940,-0.254,0.048,0.012,0.000,0.000,1.154,1.067,2,NULL,NULL,3,0,3,7,255,0,200,0,0
stim,288415,318696,0,390885.828,0.822,-0.036,-0.302,-0.482,4069,0,0,0,0,908,821,611,51,1.262,287,1,44.813,0.453,-13.960,-16.300,-39.340,-0.341,0.105,0.954,0.310,0.330,-0.020,0.000,0.000,1.154,1.067,2,NULL,NULL,3,0,3,7,255,0,200,0,0
stim,288415,318696,0,390890.826,0.823,-0.035,-0.300,-0.481,4067,0,0,0,0,915,846,607,51,1.262,287,1,42.372,0.843,-17.500,-15.680,-35.260,-0.337,0.088,0.936,0.776,0.330,-0.078,0.000,0.000,1.154,1.067,2,NULL,NULL,3,0,3,7,255,0,200,0,0
stim,288415,318696,0,390895.828,0.824,-0.034,-0.299,-0.480,4055,0,0,0,0,869,867,605,51,1.262,287,1,40.496,0.827,-17.700,-15.920,-32.760,-0.352,0.093,0.901,0.776,0.286,-0.270,0.000,0.000,1.154,1.067,2,NULL,NULL,3,0,3,7,255,0,200,0,0
stim,288415,318696,0,390900.827,0.825,-0.034,-0.298,-0.479,4045,0,0,0,0,872,904,635,51,1.262,287,1,40.118,0.590,-15.000,-18.540,-32.260,-0.367,0.093,0.883,0.582,0.098,-0.508,0.000,0.000,1.154,1.067,2,NULL,NULL,3,0,3,7,255,0,200,0,0
stim,288415,318696,0,390905.828,0.826,-0.033,-0.296,-0.478,4049,0,0,0,0,863,927,634,51,1.262,287,1,40.982,0.438,-12.560,-19.580,-33.740,-0.368,0.107,0.914,0.434,0.062,-0.508,0.000,0.000,1.154,1.067,2,NULL,NULL,3,0,3,7,255,0,200,0,0
stim,288415,318696,0,390910.826,0.827,-0.033,-0.295,-0.477,4043,0,0,0,0,875,955,647,51,1.262,287,1,40.810,0.438,-14.080,-16.600,-34.520,-0.354,0.085,0.945,0.434,0.062,-0.290,0.000,0.000,1.154,1.067,2,NULL,NULL,3,0,3,7,255,0,200,0,0
stim,288418,318699,0,390915.828,0.828,-0.032,-0.293,-0.477,3982,0,0,0,0,855,989,638,51,1.262,287,1,37.891,0.695,-18.540,-11.660,-30.920,-0.327,0.049,0.956,0.678,0.154,-0.164,0.000,0.000,1.154,1.067,2,NULL,NULL,3,0,3,7,255,0,200,0,0
stim,288418,318699,0,390920.827,0.829,-0.031,-0.292,-0.476,4011,0,0,0,0,957,1034,663,51,1.262,287,1,33.313,1.085,-23.420,-6.220,-22.860,-0.321,0.006,0.950,1.074,0.154,-0.164,0.000,0.000,1.154,1.067,2,NULL,NULL,3,0,3,7,255,0,200,0,0
stim,288418,318699,0,390925.828,0.830,-0.029,-0.291,-0.476,4005,0,0,0,0,944,1063,677,51,1.262,287,1,32.042,1.198,-28.060,-5.000,-14.640,-0.354,-0.008,0.910,1.196,0.064,-0.298,0.000,0.000,1.154,1.067,2,NULL,NULL,3,0,3,7,255,0,200,0,0
stim,288418,318699,0,390930.826,0.830,-0.027,-0.289,-0.476,3943,0,0,0,0,926,1071,696,51,1.262,287,1,33.160,1.248,-27.460,-10.380,-15.420,-0.422,0.001,0.853,1.196,-0.358,-0.530,0.000,0.000,1.154,1.067,2,NULL,NULL,3,0,3,7,255,0,200,0,0
stim,288419,318700,0,390935.828,0.831,-0.026,-0.288,-0.475,3965,0,0,0,0,919,1111,713,51,1.262,287,1,30.257,1.175,-17.940,-10.680,-21.900,-0.425,0.012,0.838,0.630,-0.992,-0.750,0.000,0.000,1.154,1.067,2,NULL,NULL,3,0,3,7,255,0,200,0,0
stim,288419,318700,0,390940.827,0.832,-0.026,-0.287,-0.475,3949,0,0,0,0,931,1133,717,51,1.262,287,1,30.949,1.143,-9.020,-13.240,-26.480,-0.396,0.020,0.873,0.568,-0.992,-0.750,0.000,0.000,1.154,1.067,2,NULL,NULL,3,0,3,7,255,0,200,0,0
stim,288419,318700,0,390945.827,0.832,-0.025,-0.286,-0.474,3894,0,0,0,0,925,1157,715,51,1.262,287,0,30.931,0.834,-6.280,-14.700,-26.480,-0.377,0.030,0.919,0.568,-0.610,-0.626,0.000,0.000,1.154,1.067,3,NULL,NULL,3,0,3,7,255,0,200,0,0
stim,288419,318700,0,390950.828,0.833,-0.025,-0.285,-0.473,3881,0,0,0,0,1014,1167,725,51,1.262,287,0,29.564,0.639,-9.080,-15.500,-23.480,-0.388,0.048,0.957,0.570,-0.288,-0.266,0.000,0.000,1.154,1.067,3,NULL,NULL,3,0,3,7,255,0,200,0,0
stim,288419,318700,0,390955.826,0.834,-0.025,-0.284,-0.473,3869,0,0,0,0,1077,1205,747,51,1.262,287,0,27.432,0.599,-12.500,-11.540,-21.520,-0.391,0.069,0.975,0.570,-0.184,0.140,0.000,0.000,1.154,1.067,3,NULL,NULL,3,0,3,7,255,0,200,0,0
stim,288419,318700,0,390960.828,0.834,-0.024,-0.283,-0.472,3876,0,0,0,0,1036,1233,740,51,1.262,287,0,29.089,0.552,-16.780,-9.220,-21.900,-0.351,0.070,0.977,0.550,-0.052,0.204,0.000,0.000,1.154,1.067,3,NULL,NULL,3,0,3,7,255,0,200,0,0
stim,288419,318700,0,390965.827,0.835,-0.023,-0.282,-0.472,3837,0,0,0,0,1035,1243,755,51,1.262,287,0,26.757,0.483,-17.500,-10.860,-17.080,-0.355,0.029,0.852,0.480,-0.052,0.204,0.000,0.000,1.154,1.067,3,NULL,NULL,3,0,3,7,255,0,200,0,0
stim,288419,318700,0,390970.828,0.836,-0.023,-0.281,-0.471,3799,0,0,0,0,981,1271,752,51,1.262,287,0,29.614,0.564,-9.260,-20.020,-19.760,-0.443,0.039,0.828,0.480,-0.296,-0.806,0.000,0.000,1.154,1.067,3,NULL,NULL,3,0,3,7,255,0,200,0,0
stim,288419,318700,0,390975.826,0.837,-0.023,-0.280,-0.470,3758,0,0,0,0,977,1305,777,51,1.262,287,0,40.296,0.710,5.260,-21.300,-33.800,-0.426,0.065,0.847,-0.058,-0.708,-0.806,0.000,0.000,1.154,1.067,3,NULL,NULL,3,0,3,7,255,0,200,0,0
stim,288419,318700,0,390980.828,0.838,-0.024,-0.280,-0.469,3737,0,0,0,0,797,1335,776,51,1.262,287,0,47.342,0.710,11.660,-23.380,-39.480,-0.353,0.062,0.958,-0.058,-0.708,-0.672,0.000,0.000,1.154,1.067,3,NULL,NULL,3,0,3,7,255,0,200,0,0
stim,288419,318700,0,390985.827,0.839,-0.024,-0.278,-0.468,3699,0,0,0,0,979,1357,795,51,1.262,287,0,42.017,0.498,4.580,-22.760,-35.020,-0.308,0.075,1.039,0.474,0.154,0.042,0.000,0.000,1.154,1.067,3,NULL,NULL,3,0,3,7,255,0,200,0,0
stim,288420,318700,0,390990.828,0.839,-0.024,-0.277,-0.467,3673,0,0,0,0,851,1369,793,51,1.262,287,0,33.308,0.974,-6.520,-19.640,-26.100,-0.308,0.047,1.026,0.770,0.596,0.470,0.000,0.000,1.154,1.067,3,NULL,NULL,3,0,3,7,255,0,200,0,0
stim,288420,318700,0,390995.826,0.840,-0.024,-0.276,-0.466,3624,0,0,0,0,872,1391,801,51,1.262,287,0,27.479,1.116,-13.780,-15.320,-18.180,-0.331,0.011,0.974,0.944,0.596,0.470,0.000,0.000,1.154,1.067,3,NULL,NULL,3,0,3,7,255,0,200,0,0
stim,288420,318700,0,391000.828,0.841,-0.023,-0.275,-0.466,3572,0,0,0,0,750,1419,789,51,1.262,287,0,26.886,0.949,-15.380,-15.260,-15.920,-0.356,0.000,0.926,0.944,0.094,0.050,0.000,0.000,1.154,1.067,3,NULL,NULL,3,0,3,7,255,0,200,0,0
stim,288420,318700,0,391005.826,0.841,-0.023,-0.274,-0.466,3525,0,0,0,0,836,1436,807,51,1.262,287,0,25.319,0.833,-12.200,-14.160,-17.080,-0.363,-0.001,0.922,0.782,-0.288,-0.294,0.000,0.000,1.154,1.067,3,NULL,NULL,3,0,3,7,255,0,200,0,0
stim,288420,318700,0,391010.828,0.842,-0.022,-0.273,-0.465,3475,0,0,0,0,886,1453,811,51,1.262,287,0,24.838,0.781,-9.880,-14.880,-17.260,-0.362,0.017,0.914,0.726,-0.288,-0.306,0.000,0.000,1.154,1.067,3,NULL,NULL,3,0,3,7,255,0,200,0,0
stim,288420,318700,0,391015.827,0.842,-0.022,-0.272,-0.465,3423,0,0,0,0,907,1469,815,51,1.262,287,0,25.823,0.612,-8.160,-16.960,-17.680,-0.365,0.037,0.928,0.540,-0.288,-0.306,0.000,0.000,1.154,1.067,3,NULL,NULL,3,0,3,7,255,0,200,0,0
stim,288420,318701,0,391020.828,0.843,-0.022,-0.271,-0.464,3339,0,0,0,0,788,1449,811,51,1.262,287,0,27.233,0.416,-7.800,-18.420,-18.480,-0.373,0.055,0.945,0.374,-0.182,-0.200,0.000,0.000,1.154,1.067,3,NULL,NULL,3,0,3,7,255,0,200,0,0
stim,288420,318701,0,391025.826,0.844,-0.022,-0.270,-0.464,3310,0,0,0,0,835,1505,808,51,1.262,287,0,29.895,0.237,-10.240,-19.840,-19.880,-0.375,0.068,0.963,0.210,-0.110,0.004,0.000,0.000,1.154,1.067,3,NULL,NULL,3,0,3,7,255,0,200,0,0
stim,288420,318701,0,391030.828,0.844,-0.022,-0.268,-0.463,3243,0,0,0,0,675,1527,811,51,1.262,287,0,30.863,0.225,-11.900,-20.620,-19.640,-0.363,0.044,0.950,0.210,-0.082,0.006,0.000,0.000,1.154,1.067,3,NULL,NULL,3,0,3,7,255,0,200,0,0
stim,288420,318701,0,391035.827,0.845,-0.021,-0.267,-0.463,3155,0,0,0,0,595,1527,821,51,1.262,287,0,29.308,0.323,-11.780,-19.460,-18.480,-0.354,0.008,0.948,0.312,-0.082,0.006,0.000,0.000,1.154,1.067,3,NULL,NULL,3,0,3,7,255,0,200,0,0
stim,288420,318701,0,391040.828,0.845,-0.021,-0.266,-0.463,3123,0,0,0,0,631,1569,843,51,1.262,287,0,26.813,0.633,-12.140,-18.420,-15.240,-0.339,-0.006,0.966,0.622,-0.118,0.006,0.000,0.000,1.154,1.067,3,NULL,NULL,3,0,3,7,255,0,200,0,0
stim,288420,318701,0,391045.826,0.846,-0.020,-0.265,-0.463,3037,0,0,0,0,625,1575,835,51,1.262,287,0,25.628,0.817,-15.240,-17.320,-11.160,-0.333,-0.005,0.964,0.808,-0.118,-0.018,0.000,0.000,1.154,1.067,3,NULL,NULL,3,0,3,7,255,0,200,0,0
stim,288421,318701,0,391050.828,0.846,-0.020,-0.263,-0.463,2921,0,0,0,0,629,1573,840,51,1.262,287,0,23.902,0.817,-15.380,-17.140,-6.400,-0.347,-0.004,0.938,0.808,-0.118,-0.018,0.000,0.000,1.154,1.067,3,NULL,NULL,3,0,3,7,255,0,200,0,0
stim,288421,318701,0,391055.827,0.846,-0.019,-0.262,-0.463,2810,0,0,0,0,649,1624,872,51,1.262,287,0,23.224,0.687,-14.940,-17.580,-2.660,-0.358,-0.001,0.922,0.642,-0.244,-0.198,0.000,0.000,1.154,1.067,3,NULL,NULL,3,0,3,7,255,0,200,0,0
stim,288421,318702,0,391060.828,0.847,-0.019,-0.261,-0.463,2701,0,0,0,0,487,1627,868,51,1.262,287,0,24.481,0.601,-14.460,-19.640,-2.120,-0.370,0.013,0.949,0.506,-0.324,-0.198,0.000,0.000,1.154,1.067,3,NULL,NULL,3,0,3,7,255,0,200,0,0
stim,288421,318702,0,391065.827,0.847,-0.019,-0.260,-0.463,2521,0,0,0,0,552,1625,867,51,1.262,287,0,20.761,0.499,-6.880,-19.580,0.560,-0.360,0.034,0.965,0.380,-0.324,-0.002,0.000,0.000,1.154,1.067,3,NULL,NULL,3,0,3,7,255,0,200,0,0
stim,288421,318702,0,391070.828,0.847,-0.019,-0.259,-0.464,2333,0,0,0,0,603,1653,885,51,1.262,287,0,22.897,0.289,-7.000,-21.360,4.360,-0.355,0.054,0.982,0.270,-0.104,0.134,0.000,0.000,1.154,1.067,3,NULL,NULL,3,0,3,7,255,0,200,0,0
stim,288421,318702,0,391075.826,0.847,-0.019,-0.258,-0.464,2141,0,0,0,0,623,1675,893,51,1.262,287,0,24.960,0.161,-7.380,-22.080,9.000,-0.360,0.060,0.995,0.148,0.064,0.288,0.000,0.000,1.154,1.067,3,NULL,NULL,3,0,3,7,255,0,200,0,0
stim,288421,318702,0,391080.828,0.847,-0.019,-0.257,-0.465,1965,0,0,0,0,660,1686,883,51,1.262,287,0,30.797,0.162,-11.520,-24.280,15.040,-0.359,0.055,1.006,0.146,0.070,0.430,0.000,0.000,1.154,1.067,3,NULL,NULL,3,0,3,7,255,0,200,0,0
stim,288421,318702,0,391085.827,0.847,-0.019,-0.255,-0.466,1707,0,0,0,0,583,1695,891,51,1.262,287,0,37.719,0.122,-18.780,-27.100,18.320,-0.379,0.054,1.028,0.100,0.070,0.528,0.000,0.000,1.154,1.067,3,NULL,NULL,3,0,3,7,255,0,200,0,0
stim,288421,318702,0,391090.826,0.847,-0.019,-0.254,-0.467,1523,0,0,0,0,597,1705,907,51,1.262,287,0,41.109,0.162,-15.620,-28.980,24.620,-0.356,0.050,1.038,0.146,0.070,0.796,0.000,0.000,1.154,1.067,3,NULL,NULL,3,0,3,7,255,0,200,0,0
stim,288421,318702,0,391095.828,0.846,-0.019,-0.252,-0.469,1277,0,0,0,0,620,1719,875,51,1.262,287,0,48.726,0.215,-22.020,-31.300,30.160,-0.352,0.049,1.024,0.196,0.088,0.796,0.000,0.000,1.154,1.067,3,NULL,NULL,3,0,3,7,255,0,200,0,0
stim,288421,318702,0,391100.828,0.846,-0.019,-0.251,-0.471,1032,0,0,0,0,656,1735,901,51,1.262,287,0,55.027,0.215,-25.260,-33.440,35.660,-0.380,0.052,1.021,0.196,0.088,0.738,0.000,0.000,1.154,1.067,3,NULL,NULL,3,0,3,7,255,0,200,0,0
stim,288421,318702,0,391105.827,0.845,-0.019,-0.249,-0.473,807,0,0,0,0,575,1751,905,51,1.262,287,0,55.243,0.154,-17.760,-34.840,39.020,-0.417,0.056,1.008,0.010,-0.154,0.738,0.000,0.000,1.154,1.067,3,NULL,NULL,3,0,3,7,255,0,200,0,0
stim,288421,318702,0,391110.828,0.844,-0.020,-0.248,-0.474,623,0,0,0,0,532,1709,887,51,1.262,287,0,57.121,0.488,-14.080,-38.080,40.180,-0.481,-0.020,1.063,0.010,-0.488,0.738,0.000,0.000,1.154,1.067,3,NULL,NULL,3,0,3,7,255,0,200,0,0
stim,288421,318702,0,391115.827,0.843,-0.021,-0.246,-0.477,557,0,0,0,0,389,1752,889,51,1.262,287,0,73.343,1.295,3.980,-44.480,58.180,-0.552,0.030,1.216,-0.150,-1.286,1.394,0.000,0.000,1.154,1.067,3,NULL,NULL,3,0,3,7,255,0,200,0,0
stim,288421,318702,0,391120.828,0.843,-0.021,-0.244,-0.480,529,0,0,0,0,453,1771,885,51,1.262,287,0,79.606,1.295,-18.780,-48.880,59.960,-0.446,0.242,1.242,-0.150,-1.286,3.070,0.000,0.000,1.154,1.067,3,NULL,NULL,3,0,3,7,255,0,200,0,0
stim,288421,318702,0,391125.826,0.842,-0.021,-0.242,-0.482,445,0,0,0,0,454,1765,873,51,1.262,287,0,81.281,1.097,-50.580,-48.160,41.580,-0.468,0.141,1.120,-1.026,-0.388,3.070,0.000,0.000,1.154,1.067,3,NULL,NULL,3,0,3,7,255,0,200,0,0
stim,288421,318702,0,391130.828,0.842,-0.020,-0.239,-0.484,281,0,0,0,0,566,1811,884,51,1.262,287,0,80.849,1.097,-48.200,-49.320,42.200,-0.442,0.067,0.999,-1.026,-0.388,2.000,0.000,0.000,1.154,1.067,3,NULL,NULL,3,0,3,7,255,0,200,0,0
stim,288421,318702,0,391135.827,0.841,-0.020,-0.236,-0.486,183,0,0,0,0,477,1819,887,51,1.262,287,0,78.974,1.042,-36.860,-54.080,44.200,-0.407,-0.022,0.929,-0.606,-0.848,0.734,0.000,0.000,1.154,1.067,3,NULL,NULL,3,0,3,7,255,0,200,0,0
stim,288421,318702,0,391140.827,0.840,-0.020,-0.234,-0.489,124,0,0,0,0,338,1831,877,51,1.262,287,0,78.374,1.191,-25.440,-58.100,46.040,-0.391,-0.085,0.932,0.112,-1.186,-0.098,0.000,0.000,1.154,1.067,3,NULL,NULL,3,0,3,7,255,0,200,0,0
stim,288422,318702,0,391145.828,0.840,-0.021,-0.232,-0.491,87,0,0,0,0,333,1835,871,51,1.262,287,0,79.877,1.548,-15.180,-61.100,49.160,-0.398,-0.090,0.961,0.702,-1.380,-0.098,0.000,0.000,1.154,1.067,3,NULL,NULL,3,0,3,7,255,0,200,0,0
stim,288422,318702,0,391150.826,0.839,-0.022,-0.229,-0.493,16,0,0,0,0,75,1861,887,51,1.262,287,0,83.316,1.548,-10.000,-65.600,50.380,-0.413,-0.057,1.004,0.702,-1.380,0.118,0.000,0.000,1.154,1.067,3,NULL,NULL,3,0,3,7,255,0,200,0,0
stim,288422,318702,0,391155.828,0.838,-0.024,-0.227,-0.496,0,0,0,0,0,244,1865,859,51,1.262,287,0,84.799,1.445,-7.200,-69.200,48.480,-0.417,-0.011,1.028,0.470,-1.366,0.582,0.000,0.000,1.154,1.067,3,NULL,NULL,3,0,3,7,255,0,200,0,0
stim,288422,318702,0,391160.827,0.838,-0.025,-0.224,-0.498,0,0,0,223,0,123,1891,880,51,1.262,287,0,87.571,1.203,-5.060,-74.700,45.420,-0.416,0.025,1.033,0.078,-1.200,0.842,0.000,0.000,1.154,1.067,3,NULL,NULL,3,0,3,7,255,0,200,0,0
stim,288422,318702,0,391165.828,0.837,-0.027,-0.221,-0.500,0,0,0,145,0,111,1893,884,51,1.262,287,0,86.103,1.102,-7.260,-74.880,41.880,-0.397,0.053,1.081,-0.246,-1.074,0.902,0.000,0.000,1.154,1.067,3,NULL,NULL,3,0,3,7,255,0,200,0,0
stim,288422,318702,0,391170.826,0.836,-0.028,-0.218,-0.502,0,0,0,57,0,72,1909,855,51,1.262,287,0,89.791,0.862,-6.940,-78.420,43.180,-0.393,0.048,1.085,-0.306,-0.806,1.314,0.000,0.000,1.154,1.067,3,NULL,NULL,3,0,3,7,255,0,200,0,0
stim,288422,318702,0,391175.828,0.836,-0.030,-0.215,-0.504,0,0,0,2,0,71,1901,841,51,1.262,287,0,93.306,0.876,-9.080,-81.960,43.660,-0.399,0.053,1.091,-0.344,-0.806,1.338,0.000,0.000,1.154,1.067,3,NULL,NULL,3,0,3,7,255,0,200,0,0
stim,288422,318702,0,391180.827,0.835,-0.032,-0.212,-0.506,0,0,0,0,0,75,1913,841,51,1.262,287,0,95.023,0.969,-10.620,-84.780,41.580,-0.396,0.042,1.083,-0.344,-0.906,1.338,0.000,0.000,1.154,1.067,3,NULL,NULL,3,0,3,7,255,0,200,0,0
stim,288422,318703,0,391185.828,0.835,-0.033,-0.209,-0.508,0,0,0,0,0,37,1927,825,51,1.262,287,0,98.717,1.080,-10.740,-89.420,40.420,-0.390,0.029,1.073,-0.344,-1.024,1.308,0.000,0.000,1.154,1.067,3,NULL,NULL,3,0,3,7,255,0,200,0,0
stim,288422,318703,0,391190.827,0.834,-0.035,-0.205,-0.510,0,0,0,0,0,27,1932,821,51,1.262,287,0,103.274,1.159,-8.780,-93.740,42.440,-0.385,0.035,1.085,-0.312,-1.116,1.280,0.000,0.000,1.154,1.067,3,NULL,NULL,3,0,3,7,255,0,200,0,0
stim,288422,318703,0,391195.828,0.834,-0.037,-0.202,-0.513,0,0,0,0,0,48,1917,799,51,1.262,287,0,108.600,1.165,-6.220,-98.560,45.180,-0.397,0.054,1.104,-0.312,-1.122,1.280,0.000,0.000,1.154,1.067,3,NULL,NULL,3,0,3,7,255,0,200,0,0
stim,288422,318703,0,391200.826,0.833,-0.039,-0.198,-0.515,0,0,0,0,0,35,1959,811,51,1.262,287,0,114.366,1.317,-5.840,-104.420,46.280,-0.406,0.073,1.123,-0.538,-1.202,1.486,0.000,0.000,1.154,1.067,3,NULL,NULL,3,0,3,7,255,0,200,0,0
stim,288422,318703,0,391205.828,0.832,-0.042,-0.194,-0.517,0,0,0,0,0,27,1957,789,51,1.262,287,0,119.548,1.418,-8.660,-109.860,46.340,-0.405,0.100,1.167,-0.752,-1.202,1.688,0.000,0.000,1.154,1.067,3,NULL,NULL,3,0,3,7,255,0,200,0,0
stim,288422,318703,0,391210.827,0.832,-0.044,-0.189,-0.520,0,0,0,0,0,9,1965,788,51,1.262,287,0,125.718,1.521,-10.800,-115.100,49.400,-0.407,0.119,1.201,-0.962,-1.178,2.120,0.000,0.000,1.154,1.067,3,NULL,NULL,3,0,3,7,255,0,200,0,0
stim,288422,318703,0,391215.827,0.831,-0.046,-0.185,-0.523,0,0,0,0,0,21,1975,757,51,1.262,287,0,138.841,1.637,-11.640,-127.260,54.280,-0.429,0.129,1.185,-1.136,-1.178,2.320,0.000,0.000,1.154,1.067,3,NULL,NULL,3,0,3,7,255,0,200,0,0
stim,288422,318703,0,391220.828,0.830,-0.049,-0.180,-0.525,0,0,1048,0,0,0,1959,741,51,1.262,287,0,144.220,2.037,-6.940,-131.640,58.500,-0.441,0.144,1.292,-1.398,-1.482,2.442,0.000,0.000,1.154,1.067,3,NULL,NULL,3,0,3,7,255,0,200,0,0
stim,288422,318703,0,391225.826,0.829,-0.052,-0.175,-0.529,0,0,1045,0,0,4,1992,709,51,1.262,287,0,151.779,2.117,-0.600,-135.380,68.620,-0.466,0.144,1.191,-1.472,-1.522,2.404,0.000,0.000,1.154,1.067,3,NULL,NULL,3,0,3,7,255,0,200,0,0
stim,288423,318703,0,391230.828,0.828,-0.056,-0.170,-0.532,0,0,1015,0,0,16,1983,687,51,1.262,287,0,173.571,2.685,3.620,-159.960,67.280,-0.528,0.189,1.271,-1.762,-2.026,3.266,0.000,0.000,1.154,1.067,3,NULL,NULL,3,0,3,7,255,0,200,0,0
stim,288423,318703,0,391235.827,0.827,-0.060,-0.164,-0.535,0,0,1021,0,0,2,1991,672,51,1.262,287,0,181.933,3.309,0.200,-171.380,61.060,-0.551,0.181,1.460,-2.188,-2.482,3.266,0.000,0.000,1.154,1.067,3,NULL,NULL,3,0,3,7,255,0,200,0,0
stim,288423,318703,0,391240.828,0.826,-0.063,-0.157,-0.538,0,0,997,0,0,0,2003,625,51,1.262,287,0,176.226,3.467,-18.480,-163.700,62.580,-0.555,0.271,1.554,-2.356,-2.544,5.080,0.000,0.000,1.154,1.067,3,NULL,NULL,3,0,3,7,255,0,200,0,0
stim,288423,318703,0,391245.827,0.825,-0.066,-0.151,-0.541,0,0,949,0,0,0,1981,568,51,1.262,287,0,180.900,4.050,-33.980,-167.300,59.840,-0.582,0.334,1.494,-2.988,-2.734,5.444,0.000,0.000,1.154,1.067,3,NULL,NULL,3,0,3,7,255,0,200,0,0
stim,288423,318704,0,391250.828,0.824,-0.069,-0.143,-0.544,0,0,979,0,0,0,2003,557,51,1.262,287,0,195.943,4.763,-41.260,-183.460,55.080,-0.616,0.366,1.472,-3.852,-2.802,5.444,0.000,0.000,1.154,1.067,3,NULL,NULL,3,0,3,7,255,0,200,0,0
stim,288423,318704,0,391255.827,0.823,-0.072,-0.135,-0.547,0,0,940,0,0,0,2009,475,51,1.262,287,0,212.018,5.476,-55.480,-199.580,45.180,-0.651,0.449,1.587,-4.424,-3.228,5.444,0.000,0.000,1.154,1.067,3,NULL,NULL,3,0,3,7,255,0,200,0,0
stim,288423,318704,0,391260.828,0.823,-0.074,-0.126,-0.549,0,0,889,0,0,0,2003,439,51,1.262,287,0,212.836,5.586,-58.340,-201.220,37.500,-0.667,0.290,1.653,-4.424,-3.410,6.318,0.000,0.000,1.154,1.067,3,NULL,NULL,3,0,3,7,255,0,200,0,0
stim,288423,318704,0,391265.827,0.822,-0.076,-0.117,-0.552,0,0,907,0,0,0,1995,405,51,1.262,287,0,227.496,5.999,-78.060,-210.080,39.080,-0.634,0.275,1.641,-4.102,-4.378,6.506,0.000,0.000,1.154,1.067,3,NULL,NULL,3,0,3,7,255,0,200,0,0
stim,288423,318704,0,391270.828,0.822,-0.078,-0.106,-0.554,0,0,853,0,0,0,1995,346,51,1.262,287,0,247.079,6.005,-91.000,-225.700,42.740,-0.662,0.332,1.647,-4.102,-4.386,6.506,0.000,0.000,1.154,1.067,3,NULL,NULL,3,0,3,7,255,0,200,0,0
stim,288423,318704,0,391275.826,0.821,-0.081,-0.095,-0.557,0,0,847,0,709,0,1977,309,51,1.262,287,0,264.012,6.685,-95.940,-239.980,53.920,-0.700,0.551,1.658,-4.912,-4.534,6.506,0.000,0.000,1.154,1.067,3,NULL,NULL,3,0,3,7,255,0,200,0,0
stim,288423,318704,0,391280.828,0.820,-0.083,-0.084,-0.560,0,0,773,0,666,0,1967,224,51,1.262,287,0,277.631,8.578,-101.680,-255.060,41.040,-0.753,0.813,1.773,-7.282,-4.534,6.506,0.000,0.000,1.154,1.067,3,NULL,NULL,3,0,3,7,255,0,200,0,0
stim,288423,318704,0,391285.827,0.820,-0.085,-0.072,-0.561,0,0,745,0,567,0,1959,203,51,1.262,287,0,275.180,10.849,-101.440,-254.940,20.960,-0.756,0.754,1.874,-9.856,-4.534,7.500,0.000,0.000,1.154,1.067,3,NULL,NULL,3,0,3,7,255,0,200,0,0
stim,288423,318704,0,391290.828,0.820,-0.088,-0.061,-0.563,0,0,702,0,535,0,1907,183,51,1.262,287,0,263.986,11.125,-100.880,-243.840,7.340,-0.695,0.803,1.997,-10.102,-4.660,8.220,0.000,0.000,1.154,1.067,3,NULL,NULL,3,0,3,7,255,0,200,0,0
stim,288423,318704,0,391295.827,0.820,-0.089,-0.049,-0.563,0,0,669,0,437,0,1866,168,51,1.262,287,0,257.425,11.391,-110.100,-232.480,-9.940,-0.637,1.024,2.143,-10.394,-4.660,9.226,0.000,0.000,1.154,1.067,3,NULL,NULL,3,0,3,7,255,0,200,0,0
stim,288424,318704,0,391300.828,0.821,-0.090,-0.037,-0.562,0,0,579,0,347,0,1812,148,51,1.262,287,0,286.562,13.110,-143.480,-243.220,-48.740,-0.620,1.254,2.243,-12.570,-3.724,10.462,0.000,0.000,1.154,1.067,3,NULL,NULL,3,0,3,7,255,0,200,0,0
stim,288424,318704,0,391305.826,0.823,-0.090,-0.026,-0.560,0,0,493,0,283,0,1756,156,51,1.262,287,0,254.412,15.347,-150.020,-194.140,-67.300,-0.669,1.168,2.282,-14.888,-3.724,11.134,0.000,0.000,1.154,1.067,3,NULL,NULL,3,0,3,7,255,0,200,0,0
stim,288424,318704,0,391310.828,0.826,-0.088,-0.015,-0.556,0,0,419,0,0,0,1708,141,51,1.262,287,0,279.475,15.581,-190.540,-173.400,-108.320,-0.833,1.237,2.134,-15.058,-4.004,11.134,0.000,0.000,1.154,1.067,3,NULL,NULL,3,0,3,7,255,0,200,0,0
stim,288424,318704,0,391315.827,0.830,-0.085,-0.004,-0.552,0,0,0,0,0,0,1635,114,51,1.262,287,0,282.123,15.719,-200.000,-149.160,-131.700,-0.955,0.878,2.093,-14.888,-5.044,9.146,0.000,0.000,1.154,1.067,4,NULL,NULL,3,0,3,7,255,0,200,0,0
stim,288432,318712,0,391320.828,0.834,-0.082,0.007,-0.546,0,0,0,0,0,0,1523,121,51,1.262,287,0,311.303,15.939,-221.120,-160.520,-149.160,-1.112,0.687,1.736,-14.118,-7.398,8.402,0.000,0.000,1.154,1.067,4,NULL,NULL,3,0,3,7,255,0,200,0,0
stim,288432,318712,0,391325.826,0.837,-0.081,0.021,-0.541,0,0,0,0,0,110,1433,85,51,1.262,287,0,341.371,15.901,-193.420,-232.720,-158.000,-1.071,-0.071,1.685,-13.074,-9.050,4.476,0.000,0.000,1.154,1.067,4,NULL,NULL,3,0,3,7,255,0,200,0,0
stim,288432,318712,0,391330.828,0.839,-0.083,0.038,-0.537,0,0,0,0,0,71,1307,77,51,1.262,287,0,405.013,12.860,-181.440,-336.240,-134.380,-0.872,-0.316,1.449,-6.608,-11.032,4.278,0.000,0.000,1.154,1.067,4,NULL,NULL,3,0,3,7,255,0,200,0,0
stim,288432,318712,0,391335.826,0.839,-0.088,0.057,-0.533,0,0,0,0,0,118,1129,73,51,1.262,287,0,462.718,11.644,-147.940,-424.000,-111.560,-0.535,-0.329,1.778,-3.726,-11.032,4.278,0.000,0.000,1.154,1.067,4,NULL,NULL,3,0,3,7,255,0,200,0,0
stim,288432,318712,0,391340.828,0.838,-0.094,0.076,-0.532,0,0,0,0,0,141,984,71,51,1.262,287,0,465.537,9.848,-121.820,-443.480,-72.180,-0.531,-0.094,1.889,-3.726,-9.116,5.806,0.000,0.000,1.154,1.067,4,NULL,NULL,3,0,3,7,255,0,200,0,0
stim,288432,318712,0,391345.827,0.835,-0.100,0.097,-0.532,0,0,0,0,0,86,743,60,51,1.262,287,0,488.518,10.159,-122.300,-472.960,1.000,-0.119,0.023,1.639,-5.222,-8.714,5.806,0.000,0.000,1.154,1.067,4,NULL,NULL,3,0,3,7,255,0,200,0,0
stim,288447,318727,0,391350.828,0.830,-0.104,0.114,-0.536,0,0,0,0,0,103,546,55,51,1.262,287,0,431.848,10.611,-97.340,-411.860,85.960,-0.627,-0.037,1.746,-6.054,-8.714,4.650,0.000,0.000,1.154,1.067,4,NULL,NULL,3,0,3,7,255,0,200,0,0
stim,288447,318727,0,391355.826,0.823,-0.107,0.132,-0.541,0,0,0,0,0,85,396,55,51,1.262,287,0,449.608,12.248,-124.080,-403.140,155.660,-0.861,0.263,1.899,-7.274,-9.854,3.618,0.000,0.000,1.154,1.067,4,NULL,NULL,3,0,3,7,255,0,200,0,0
