condition_phase,condition_phase_elapsed_ms,condition_elapsed_ms,is_stimulation_on,t_ms,R_q0,R_q1,R_q2,R_q3,R_heel1,R_mid1,R_fore1,R_heel2,R_fore3,R_mid2,R_fore4,R_fore2,R_cadence,R_speed,R_steps,R_zupt,R_gyroNorm,R_accH,R_gyro_x,R_gyro_y,R_gyro_z,R_acc_x,R_acc_y,R_acc_z,R_nav_ax,R_nav_ay,R_nav_az,R_stepVel,R_stepVelj,R_stepDispRaw,R_stepDispZUPT,R_gaitEvent,R_motorMode,R_motorActive,R_motorAlignment,R_motorRegionMask,R_motorAmplitude,R_motorIntervalMs,R_motorDurationMs,R_motorPhaseMs,R_motorCycleMs
stim,45,45,0,225386.369,-0.650,-0.055,-0.043,0.757,2325,0,0,3187,0,293,187,3175,42,0.000,4,0,1.724,0.233,-0.140,-1.100,1.320,-0.228,-0.067,0.942,-0.204,-0.112,-0.082,0.000,0.000,0.133,0.066,2,2,0,3,7,255,1296,300,0,0
stim,45,45,0,225391.369,-0.650,-0.055,-0.043,0.757,2324,0,0,3181,0,293,187,3177,42,0.000,4,0,8.731,0.181,-6.920,2.680,4.600,-0.244,-0.191,0.997,0.166,-0.072,-0.038,0.000,0.000,0.133,0.066,2,2,0,3,7,255,1296,300,0,0
stim,45,45,0,225396.369,-0.650,-0.055,-0.043,0.757,2329,0,0,3184,0,296,188,3171,42,0.000,4,0,3.255,0.678,-1.600,-0.980,2.660,-0.230,-0.057,0.934,-0.658,-0.164,-0.458,0.000,0.000,0.133,0.066,2,2,0,3,7,255,1296,300,0,0
stim,45,45,0,225401.369,-0.650,-0.055,-0.043,0.757,2325,0,0,3193,0,299,187,3192,42,0.000,4,0,6.685,0.430,-4.960,2.440,3.760,-0.240,-0.189,0.995,0.430,-0.018,0.234,0.000,0.000,0.133,0.066,2,2,0,3,7,255,1296,300,0,0
stim,61,61,0,225406.369,-0.650,-0.055,-0.043,0.757,2325,0,0,3185,0,293,185,3174,42,0.000,4,0,4.409,0.736,-3.140,-0.680,3.020,-0.233,-0.060,0.933,-0.704,-0.216,-0.546,0.000,0.000,0.133,0.066,2,2,0,3,7,255,1296,300,0,0
stim,61,61,0,225411.370,-0.650,-0.055,-0.043,0.757,2332,0,0,3181,0,295,189,3173,42,0.000,4,0,6.044,0.396,-4.180,2.000,3.880,-0.237,-0.186,0.995,0.396,0.014,0.222,0.000,0.000,0.133,0.066,2,2,0,3,7,255,1296,300,0,0
stim,61,61,0,225416.369,-0.650,-0.055,-0.042,0.757,2329,0,0,3184,0,297,189,3176,42,0.000,4,0,4.103,0.682,-3.200,-0.380,2.540,-0.237,-0.067,0.937,-0.636,-0.246,-0.492,0.000,0.000,0.133,0.066,2,2,0,3,7,255,1296,300,0,0
stim,61,61,0,225421.369,-0.649,-0.055,-0.043,0.757,2331,0,0,3183,0,296,185,3183,42,0.000,4,0,7.153,0.245,-4.900,1.880,4.860,-0.231,-0.169,0.991,0.242,0.036,0.154,0.000,0.000,0.133,0.066,2,2,0,3,7,255,1296,300,0,0
stim,77,77,0,225426.369,-0.649,-0.055,-0.042,0.757,2332,0,0,3177,0,299,184,3182,42,0.000,4,0,2.742,0.439,-1.920,-0.380,1.920,-0.241,-0.096,0.940,-0.364,-0.246,-0.412,0.000,0.000,0.133,0.066,2,2,0,3,7,255,1296,300,0,0
stim,77,77,0,225431.369,-0.649,-0.055,-0.042,0.757,2327,0,0,3184,0,295,188,3183,42,0.000,4,0,7.791,0.068,-5.760,1.820,4.920,-0.229,-0.137,0.987,-0.062,0.028,0.066,0.000,0.000,0.133,0.066,2,2,0,3,7,255,1296,300,0,0
stim,77,77,0,225436.369,-0.649,-0.055,-0.042,0.758,2324,0,0,3185,0,296,188,3176,42,0.000,4,0,2.928,0.209,-1.420,-0.060,2.560,-0.242,-0.126,0.949,-0.088,-0.190,-0.278,0.000,0.000,0.133,0.066,2,2,0,3,7,255,1296,300,0,0
stim,77,77,0,225441.369,-0.649,-0.055,-0.042,0.758,2327,0,0,3193,0,294,188,3178,42,0.000,4,0,7.156,0.104,-5.680,1.460,4.100,-0.232,-0.124,0.973,-0.088,-0.056,-0.084,0.000,0.000,0.133,0.066,2,2,0,3,7,255,1296,300,0,0
stim,109,109,0,225446.370,-0.649,-0.054,-0.042,0.758,2328,0,0,3189,0,293,179,3173,42,0.000,4,0,4.005,0.209,-2.080,0.120,3.420,-0.237,-0.115,0.963,-0.164,-0.130,-0.172,0.000,0.000,0.133,0.066,2,2,0,3,7,255,1296,300,0,0
stim,109,109,0,225451.369,-0.649,-0.055,-0.042,0.758,2329,0,0,3191,0,294,188,3176,42,0.000,4,0,6.051,0.179,-4.280,1.220,4.100,-0.235,-0.146,0.961,-0.164,-0.072,-0.150,0.000,0.000,0.133,0.066,2,2,0,3,7,255,1296,300,0,0
stim,110,110,0,225456.370,-0.649,-0.054,-0.042,0.758,2324,0,0,3187,0,287,188,3179,42,0.000,4,0,4.606,0.233,-3.480,0.680,2.940,-0.232,-0.107,0.974,-0.220,-0.078,-0.150,0.000,0.000,0.133,0.066,2,2,0,3,7,255,1296,300,0,0
stim,110,110,0,225461.369,-0.649,-0.054,-0.042,0.758,2333,0,0,3197,0,287,187,3193,42,0.000,4,0,4.877,0.178,-2.820,0.680,3.920,-0.240,-0.119,0.955,-0.160,-0.078,-0.150,0.000,0.000,0.133,0.066,2,2,0,3,7,255,1296,300,0,0
stim,110,110,0,225466.369,-0.648,-0.054,-0.042,0.758,2333,0,0,3191,0,291,189,3179,42,0.000,4,0,6.247,0.178,-4.580,0.860,4.160,-0.233,-0.152,0.969,-0.160,-0.078,-0.098,0.000,0.000,0.133,0.066,2,2,0,3,7,255,1296,300,0,0
stim,110,110,0,225471.369,-0.648,-0.054,-0.042,0.758,2328,0,0,3188,0,287,189,3177,42,0.000,4,0,4.007,0.199,-2.940,0.740,2.620,-0.236,-0.104,0.972,-0.160,-0.118,-0.108,0.000,0.000,0.133,0.066,2,2,0,3,7,255,1296,300,0,0
stim,111,111,0,225476.369,-0.648,-0.054,-0.042,0.758,2333,0,0,3195,0,295,190,3177,42,0.000,4,0,4.614,0.227,-2.880,0.680,3.540,-0.242,-0.115,0.955,-0.194,-0.118,-0.108,0.000,0.000,0.133,0.066,2,2,0,3,7,255,1296,300,0,0
stim,111,111,0,225481.369,-0.648,-0.054,-0.042,0.759,2328,0,0,3196,0,296,189,3181,42,0.000,4,0,6.562,0.227,-4.640,0.740,4.580,-0.232,-0.146,0.967,-0.194,-0.118,-0.108,0.000,0.000,0.133,0.066,2,2,0,3,7,255,1296,300,0,0
stim,125,125,0,225486.369,-0.648,-0.054,-0.042,0.759,2329,0,0,3195,0,296,187,3179,42,0.000,4,0,4.607,0.199,-3.340,0.840,3.060,-0.232,-0.120,0.977,-0.194,-0.046,-0.108,0.000,0.000,0.133,0.066,2,2,0,3,7,255,1296,300,0,0
stim,125,125,0,225491.369,-0.648,-0.054,-0.042,0.759,2327,0,0,3192,0,295,189,3179,42,0.000,4,0,3.456,0.201,-2.380,0.720,2.400,-0.242,-0.110,0.959,-0.196,-0.046,-0.108,0.000,0.000,0.133,0.066,2,2,0,3,7,255,1296,300,0,0
stim,125,125,0,225496.369,-0.648,-0.054,-0.042,0.759,2328,0,0,3188,0,293,189,3177,42,0.000,4,0,5.776,0.248,-4.200,0.600,3.920,-0.240,-0.129,0.958,-0.196,-0.152,-0.200,0.000,0.000,0.133,0.066,2,2,0,3,7,255,1296,300,0,0
stim,125,125,0,225501.369,-0.648,-0.054,-0.042,0.759,2327,0,0,3191,0,294,187,3179,42,0.000,4,0,6.286,0.175,-4.380,0.660,4.460,-0.231,-0.131,0.973,-0.086,-0.152,-0.200,0.000,0.000,0.133,0.066,2,2,0,3,7,255,1296,300,0,0
stim,173,173,0,225506.369,-0.647,-0.054,-0.042,0.759,2329,0,0,3187,0,287,188,3172,42,0.000,4,0,4.248,0.098,-2.920,0.720,3.000,-0.231,-0.123,0.972,-0.086,-0.048,-0.096,0.000,0.000,0.133,0.066,2,2,0,3,7,255,1296,300,0,1296
stim,173,173,0,225511.369,-0.647,-0.054,-0.042,0.759,2331,0,0,3195,0,291,189,3180,42,0.000,4,0,3.706,0.165,-2.620,0.720,2.520,-0.239,-0.119,0.957,-0.158,-0.048,-0.096,0.000,0.000,0.133,0.066,2,2,0,3,7,255,1296,300,0,1296
stim,173,173,0,225516.369,-0.647,-0.054,-0.042,0.759,2329,0,0,3187,0,288,186,3177,42,0.000,4,0,5.455,0.223,-4.080,0.660,3.560,-0.240,-0.120,0.958,-0.158,-0.158,-0.208,0.000,0.000,0.133,0.066,2,2,0,3,7,255,1296,300,0,1296
stim,173,173,0,225521.369,-0.647,-0.054,-0.042,0.759,2335,0,0,3196,0,275,191,3189,42,0.000,4,0,6.155,0.221,-4.440,0.600,4.220,-0.232,-0.125,0.970,-0.154,-0.158,-0.208,0.000,0.000,0.133,0.066,2,2,0,3,7,255,1296,300,0,1296
stim,173,173,0,225526.369,-0.647,-0.054,-0.042,0.759,2333,0,0,3184,0,284,189,3187,42,0.000,4,0,5.018,0.148,-3.280,0.660,3.740,-0.230,-0.129,0.972,-0.136,-0.058,-0.110,0.000,0.000,0.133,0.066,2,2,0,3,7,255,1296,300,0,1296
stim,173,173,0,225531.369,-0.647,-0.054,-0.042,0.759,2333,0,10,3194,0,283,189,3180,42,0.000,4,0,4.160,0.126,-2.620,0.840,3.120,-0.233,-0.125,0.962,-0.112,-0.058,-0.110,0.000,0.000,0.133,0.066,2,2,0,3,7,255,1296,300,0,1296
stim,173,173,0,225536.369,-0.647,-0.054,-0.042,0.760,2327,0,5,3193,0,285,188,3175,42,0.000,4,0,4.654,0.139,-3.360,0.800,3.120,-0.236,-0.119,0.958,-0.112,-0.082,-0.174,0.000,0.000,0.133,0.066,2,2,0,3,7,255,1296,300,0,1296
stim,173,173,0,225541.369,-0.647,-0.054,-0.042,0.760,2328,0,19,3183,0,281,187,3183,42,0.000,4,0,5.269,0.176,-4.040,0.740,3.300,-0.237,-0.123,0.963,-0.132,-0.116,-0.174,0.000,0.000,0.133,0.066,2,2,0,3,7,255,1296,300,0,1296
stim,173,173,0,225546.369,-0.647,-0.054,-0.042,0.760,2329,0,23,3190,0,283,188,3171,42,0.000,4,0,5.238,0.176,-3.800,0.680,3.540,-0.237,-0.128,0.968,-0.132,-0.116,-0.160,0.000,0.000,0.133,0.066,2,2,0,3,7,255,1296,300,0,1296
stim,173,173,0,225551.369,-0.646,-0.054,-0.042,0.760,2333,0,43,3192,0,285,189,3177,42,0.000,4,0,5.177,0.155,-3.240,0.680,3.980,-0.235,-0.125,0.968,-0.122,-0.096,-0.116,0.000,0.000,0.133,0.066,2,2,0,3,7,255,1296,300,0,1296
stim,173,173,0,225556.370,-0.646,-0.054,-0.042,0.760,2328,0,41,3191,0,291,186,3173,42,0.000,4,0,5.196,0.148,-2.940,0.740,4.220,-0.233,-0.122,0.964,-0.122,-0.084,-0.116,0.000,0.000,0.133,0.066,2,2,0,3,7,255,1296,300,0,1296
stim,173,173,0,225561.369,-0.646,-0.054,-0.042,0.760,2327,0,58,3191,0,291,190,3180,42,0.000,4,0,4.950,0.160,-3.180,0.740,3.720,-0.229,-0.123,0.963,-0.140,-0.078,-0.162,0.000,0.000,0.133,0.066,2,2,0,3,7,255,1296,300,0,1296
stim,173,173,0,225566.369,-0.646,-0.054,-0.042,0.760,2328,0,61,3197,0,288,187,3177,42,0.000,4,0,4.727,0.157,-3.600,0.860,2.940,-0.232,-0.124,0.963,-0.140,-0.070,-0.176,0.000,0.000,0.133,0.066,2,2,0,3,7,255,1296,300,0,1296
stim,173,173,0,225571.369,-0.646,-0.054,-0.042,0.760,2333,0,61,3192,0,283,185,3177,42,0.000,4,0,4.599,0.146,-3.680,0.860,2.620,-0.238,-0.125,0.966,-0.128,-0.070,-0.176,0.000,0.000,0.133,0.066,2,2,0,3,7,255,1296,300,0,1296
stim,20,20,0,225576.370,-0.646,-0.054,-0.042,0.760,2328,0,51,3190,0,283,181,3177,42,0.000,4,0,4.946,0.161,-3.540,0.800,3.360,-0.242,-0.125,0.968,-0.112,-0.116,-0.132,0.000,0.000,0.133,0.066,2,2,0,3,7,255,1728,250,2,1728
stim,20,20,0,225581.369,-0.646,-0.054,-0.042,0.760,2339,0,28,3197,0,285,190,3191,42,0.000,4,0,5.459,0.172,-3.240,0.680,4.340,-0.239,-0.123,0.967,-0.112,-0.130,-0.118,0.000,0.000,0.133,0.066,2,2,0,3,7,255,1728,250,7,1728
stim,21,21,0,225586.369,-0.646,-0.054,-0.042,0.761,2330,0,37,3191,0,281,190,3193,42,0.000,4,0,5.526,0.187,-2.960,0.660,4.620,-0.231,-0.122,0.965,-0.134,-0.130,-0.118,0.000,0.000,0.133,0.066,2,2,0,3,7,255,1728,250,12,1728
stim,21,21,0,225591.369,-0.645,-0.054,-0.042,0.761,2338,0,31,3203,0,281,189,3191,42,0.000,4,0,4.972,0.154,-3.080,0.800,3.820,-0.228,-0.122,0.962,-0.142,-0.060,-0.156,0.000,0.000,0.133,0.066,2,2,0,3,7,255,1728,250,17,1728
stim,81,81,0,225596.369,-0.645,-0.054,-0.042,0.761,2331,0,39,3189,0,277,187,3183,42,0.000,4,0,4.605,0.154,-3.520,0.800,2.860,-0.232,-0.123,0.961,-0.142,-0.060,-0.190,0.000,0.000,0.133,0.066,2,2,0,3,7,255,1728,250,22,1728
stim,82,82,0,225601.369,-0.645,-0.054,-0.042,0.761,2331,0,41,3193,0,276,188,3185,42,0.000,4,0,4.749,0.151,-3.880,0.860,2.600,-0.238,-0.122,0.965,-0.132,-0.074,-0.190,0.000,0.000,0.133,0.066,2,2,0,3,7,255,1728,250,27,1728
stim,82,82,0,225606.369,-0.645,-0.054,-0.042,0.761,2333,0,47,3197,0,267,185,3177,42,0.000,4,0,5.053,0.181,-3.760,0.800,3.280,-0.241,-0.123,0.968,-0.130,-0.126,-0.144,0.000,0.000,0.133,0.066,2,2,0,3,7,255,1728,250,32,1728
stim,82,82,0,225611.369,-0.645,-0.054,-0.042,0.761,2331,0,45,3191,0,315,185,3189,42,0.000,4,0,5.279,0.182,-3.340,0.740,4.020,-0.238,-0.122,0.969,-0.132,-0.126,-0.106,0.000,0.000,0.133,0.066,2,2,0,3,7,255,1728,250,37,1728
stim,82,82,0,225616.369,-0.645,-0.053,-0.042,0.761,2331,0,51,3193,0,316,183,3181,42,0.000,4,0,5.222,0.175,-3.080,0.800,4.140,-0.233,-0.123,0.966,-0.134,-0.112,-0.106,0.000,0.000,0.133,0.066,2,2,0,3,7,255,1728,250,42,1728
stim,82,82,0,225621.369,-0.645,-0.053,-0.042,0.761,2335,0,43,3204,0,304,179,3191,42,0.000,4,0,5.039,0.154,-3.340,0.740,3.700,-0.231,-0.123,0.962,-0.134,-0.076,-0.142,0.000,0.000,0.133,0.066,2,2,0,3,7,255,1728,250,47,1728
stim,95,95,0,225626.369,-0.645,-0.053,-0.042,0.761,2333,0,45,3189,0,305,183,3189,42,0.000,4,0,4.938,0.151,-3.760,0.800,3.100,-0.233,-0.122,0.962,-0.130,-0.076,-0.180,0.000,0.000,0.133,0.066,2,2,0,3,7,255,1728,250,52,1728
stim,95,95,0,225631.370,-0.645,-0.053,-0.042,0.761,2333,0,41,3188,0,294,187,3177,42,0.000,4,0,5.007,0.153,-4.000,0.740,2.920,-0.237,-0.121,0.966,-0.130,-0.080,-0.180,0.000,0.000,0.133,0.066,2,2,0,3,7,255,1728,250,57,1728
stim,95,95,0,225636.369,-0.645,-0.053,-0.042,0.762,2330,0,54,3184,0,297,187,3181,42,0.000,4,0,5.037,0.185,-3.840,0.800,3.160,-0.238,-0.120,0.968,-0.144,-0.116,-0.140,0.000,0.000,0.133,0.066,2,2,0,3,7,255,1728,250,62,1728
stim,95,95,0,225641.369,-0.644,-0.053,-0.041,0.762,2335,0,39,3187,0,288,177,3183,42,0.000,4,0,5.096,0.188,-3.480,0.680,3.660,-0.238,-0.121,0.967,-0.146,-0.118,-0.124,0.000,0.000,0.133,0.066,2,2,0,3,7,255,1728,250,67,1728
stim,95,95,0,225646.369,-0.644,-0.053,-0.041,0.762,2333,0,43,3193,0,271,189,3179,42,0.000,4,0,5.235,0.188,-3.480,0.740,3.840,-0.234,-0.122,0.965,-0.146,-0.118,-0.124,0.000,0.000,0.133,0.066,2,2,0,3,7,255,1728,250,72,1728
stim,95,95,0,225651.369,-0.644,-0.053,-0.041,0.762,2331,0,39,3193,0,265,189,3179,42,0.000,4,0,5.238,0.162,-3.720,0.800,3.600,-0.232,-0.122,0.964,-0.136,-0.088,-0.154,0.000,0.000,0.133,0.066,2,2,0,3,7,255,1728,250,77,1728
stim,95,95,0,225656.369,-0.644,-0.053,-0.041,0.762,2332,0,33,3188,0,259,186,3177,42,0.000,4,0,5.120,0.158,-3.900,0.800,3.220,-0.233,-0.123,0.964,-0.136,-0.080,-0.164,0.000,0.000,0.133,0.066,2,2,0,3,7,255,1728,250,82,1728
stim,95,95,0,225661.369,-0.644,-0.053,-0.041,0.762,2341,0,39,3195,0,262,187,3183,42,0.000,4,0,5.056,0.148,-3.960,0.800,3.040,-0.235,-0.123,0.965,-0.124,-0.080,-0.164,0.000,0.000,0.133,0.066,2,2,0,3,7,255,1728,250,87,1728
stim,112,112,0,225666.370,-0.644,-0.053,-0.041,0.762,2341,0,42,3181,0,262,187,3172,42,0.000,4,0,5.001,0.156,-3.780,0.860,3.160,-0.236,-0.123,0.968,-0.124,-0.094,-0.146,0.000,0.000,0.133,0.066,2,2,0,3,7,255,1728,250,92,1728
stim,112,112,0,225671.369,-0.644,-0.053,-0.041,0.762,2341,0,58,3199,0,248,191,3179,42,0.000,4,0,5.063,0.158,-3.720,0.800,3.340,-0.238,-0.122,0.966,-0.124,-0.098,-0.136,0.000,0.000,0.133,0.066,2,2,0,3,7,255,1728,250,97,1728
stim,112,112,0,225676.369,-0.644,-0.053,-0.041,0.762,2334,0,51,3189,0,266,189,3179,42,0.000,4,0,5.313,0.156,-3.720,0.740,3.720,-0.235,-0.124,0.963,-0.122,-0.098,-0.136,0.000,0.000,0.133,0.066,2,2,0,3,7,255,1728,250,102,1728
stim,112,112,0,225681.369,-0.643,-0.053,-0.041,0.762,2333,0,55,3195,0,265,187,3183,42,0.000,4,0,5.365,0.151,-3.840,0.800,3.660,-0.234,-0.123,0.963,-0.116,-0.096,-0.164,0.000,0.000,0.133,0.066,2,2,0,3,7,255,1728,250,107,1728
stim,175,175,0,225686.369,-0.643,-0.053,-0.041,0.763,2334,0,53,3187,0,264,187,3179,42,0.000,4,0,5.255,0.146,-3.920,0.740,3.420,-0.233,-0.123,0.965,-0.116,-0.088,-0.164,0.000,0.000,0.133,0.066,2,2,0,3,7,255,1728,250,112,1728
stim,175,175,0,225691.369,-0.643,-0.053,-0.041,0.763,2331,0,58,3192,0,264,185,3181,42,0.000,4,0,5.111,0.142,-3.920,0.800,3.180,-0.234,-0.124,0.966,-0.116,-0.082,-0.150,0.000,0.000,0.133,0.066,2,2,0,3,7,255,1728,250,117,1728
stim,175,175,0,225696.369,-0.643,-0.053,-0.041,0.763,2337,0,61,3183,0,268,187,3179,42,0.000,4,0,5.166,0.149,-3.980,0.860,3.180,-0.235,-0.122,0.967,-0.124,-0.082,-0.142,0.000,0.000,0.133,0.066,2,2,0,3,7,255,1728,250,122,1728
stim,175,175,0,225701.369,-0.643,-0.053,-0.041,0.763,2339,0,67,3199,0,267,187,3182,42,0.000,4,0,5.234,0.163,-3.920,0.860,3.360,-0.236,-0.121,0.966,-0.134,-0.092,-0.142,0.000,0.000,0.133,0.066,2,2,0,3,7,255,1728,250,127,1728
stim,175,175,0,225706.370,-0.643,-0.053,-0.041,0.763,2337,0,63,3191,0,265,183,3179,42,0.000,4,0,5.312,0.172,-3.920,0.860,3.480,-0.236,-0.121,0.966,-0.140,-0.100,-0.142,0.000,0.000,0.133,0.066,2,2,0,3,7,255,1728,250,132,1728
stim,175,175,0,225711.369,-0.643,-0.053,-0.041,0.763,2335,0,72,3179,0,264,190,3176,42,0.000,4,0,5.283,0.172,-3.920,0.920,3.420,-0.233,-0.122,0.967,-0.140,-0.100,-0.142,0.000,0.000,0.133,0.066,2,2,0,3,7,255,1728,250,137,1728
stim,175,175,0,225716.369,-0.643,-0.053,-0.041,0.763,2331,0,72,3187,0,264,187,3177,42,0.000,4,0,5.075,0.151,-3.860,0.860,3.180,-0.233,-0.122,0.964,-0.132,-0.074,-0.142,0.000,0.000,0.133,0.066,2,2,0,3,7,255,1728,250,142,1728
stim,175,175,0,225721.369,-0.643,-0.053,-0.041,0.763,2335,0,73,3187,0,264,188,3183,42,0.000,4,0,5.166,0.151,-3.980,0.860,3.180,-0.233,-0.121,0.965,-0.132,-0.074,-0.158,0.000,0.000,0.133,0.066,2,2,0,3,7,255,1728,250,147,1728
stim,207,207,0,225726.369,-0.642,-0.053,-0.041,0.763,2334,0,72,3180,0,289,187,3183,42,0.000,4,0,5.260,0.153,-4.040,0.920,3.240,-0.234,-0.122,0.965,-0.132,-0.078,-0.158,0.000,0.000,0.133,0.066,2,2,0,3,7,255,1728,250,152,1728
stim,207,207,0,225731.369,-0.642,-0.053,-0.041,0.763,2333,0,73,3183,0,269,197,3181,42,0.000,4,0,5.244,0.158,-3.920,0.920,3.360,-0.234,-0.121,0.966,-0.136,-0.080,-0.154,0.000,0.000,0.133,0.066,2,2,0,3,7,255,1728,250,157,1728
stim,207,207,0,225736.369,-0.642,-0.053,-0.041,0.764,2333,0,71,3188,0,270,191,3183,42,0.000,4,0,5.124,0.161,-3.760,0.980,3.340,-0.234,-0.121,0.966,-0.140,-0.080,-0.148,0.000,0.000,0.133,0.066,2,2,0,3,7,255,1728,250,162,1728
stim,207,207,0,225741.369,-0.642,-0.053,-0.041,0.764,2339,0,71,3193,0,281,191,3189,42,0.000,4,0,5.080,0.163,-3.700,0.980,3.340,-0.233,-0.120,0.963,-0.142,-0.080,-0.148,0.000,0.000,0.133,0.066,2,2,0,3,7,255,1728,250,167,1728
stim,207,207,0,225746.369,-0.642,-0.053,-0.041,0.764,2335,0,72,3189,0,276,191,3191,42,0.000,4,0,5.168,0.163,-3.820,0.980,3.340,-0.234,-0.122,0.965,-0.140,-0.084,-0.154,0.000,0.000,0.133,0.066,2,2,0,3,7,255,1728,250,172,1728
stim,207,207,0,225751.369,-0.642,-0.053,-0.041,0.764,2339,0,71,3195,0,271,189,3187,42,0.000,4,0,5.243,0.160,-3.940,1.100,3.280,-0.235,-0.121,0.965,-0.136,-0.084,-0.154,0.000,0.000,0.133,0.066,2,2,0,3,7,255,1728,250,177,1728
stim,207,207,0,225756.369,-0.642,-0.053,-0.041,0.764,2336,0,77,3189,0,269,189,3191,42,0.000,4,0,5.180,0.153,-3.820,1.040,3.340,-0.234,-0.123,0.966,-0.128,-0.084,-0.154,0.000,0.000,0.133,0.066,2,2,0,3,7,255,1728,250,182,1728
stim,207,207,0,225761.369,-0.642,-0.053,-0.041,0.764,2343,0,75,3205,0,267,199,3209,42,0.000,4,0,5.227,0.150,-3.760,1.100,3.460,-0.235,-0.122,0.966,-0.124,-0.084,-0.142,0.000,0.000,0.133,0.066,2,2,0,3,7,255,1728,250,187,1728
stim,207,207,0,225766.369,-0.642,-0.053,-0.041,0.764,2339,0,75,3205,0,264,189,3189,42,0.000,4,0,5.265,0.150,-3.700,1.100,3.580,-0.236,-0.121,0.965,-0.124,-0.084,-0.142,0.000,0.000,0.133,0.066,2,2,0,3,7,255,1728,250,192,1728
stim,207,207,0,225771.369,-0.641,-0.053,-0.041,0.764,2331,0,75,3207,0,245,197,3189,42,0.000,4,0,5.362,0.152,-3.820,1.160,3.580,-0.235,-0.123,0.965,-0.124,-0.088,-0.150,0.000,0.000,0.133,0.066,2,2,0,3,7,255,1728,250,197,1728
stim,207,207,0,225776.369,-0.641,-0.053,-0.041,0.764,2336,0,71,3193,0,248,189,3189,42,0.000,4,0,5.326,0.155,-3.880,1.160,3.460,-0.234,-0.122,0.965,-0.128,-0.088,-0.152,0.000,0.000,0.133,0.066,2,2,0,3,7,255,1728,250,202,1728
stim,207,207,0,225781.369,-0.641,-0.053,-0.041,0.764,2336,0,72,3189,0,249,192,3193,42,0.000,4,0,5.322,0.150,-3.820,1.160,3.520,-0.233,-0.121,0.966,-0.128,-0.078,-0.150,0.000,0.000,0.133,0.066,2,2,0,3,7,255,1728,250,207,1728
stim,239,239,0,225786.369,-0.641,-0.053,-0.041,0.765,2341,0,73,3205,0,245,197,3191,42,0.000,4,0,5.325,0.150,-3.860,1.160,3.480,-0.235,-0.122,0.965,-0.128,-0.078,-0.148,0.000,0.000,0.133,0.066,2,2,0,3,7,255,1728,250,212,1728
stim,239,239,0,225791.369,-0.641,-0.053,-0.041,0.765,2345,0,73,3207,0,243,191,3227,42,0.000,4,0,5.421,0.153,-3.920,1.220,3.540,-0.234,-0.121,0.965,-0.130,-0.080,-0.148,0.000,0.000,0.133,0.066,2,2,0,3,7,255,1728,250,217,1728
stim,239,239,0,225796.369,-0.641,-0.053,-0.041,0.765,2331,0,73,3193,0,248,191,3223,42,0.000,4,0,5.543,0.153,-3.980,1.220,3.660,-0.234,-0.121,0.965,-0.130,-0.080,-0.150,0.000,0.000,0.133,0.066,2,2,0,3,7,255,1728,250,222,1728
stim,239,239,0,225801.369,-0.641,-0.053,-0.041,0.765,2339,0,76,3197,0,243,189,3227,42,0.000,4,0,5.514,0.153,-3.920,1.280,3.660,-0.233,-0.122,0.966,-0.130,-0.080,-0.150,0.000,0.000,0.133,0.066,2,2,0,3,7,255,1728,250,227,1728
stim,304,304,0,225806.369,-0.641,-0.053,-0.041,0.765,2336,0,75,3193,0,240,191,3227,42,0.000,4,0,5.435,0.149,-3.920,1.280,3.540,-0.235,-0.122,0.966,-0.126,-0.080,-0.142,0.000,0.000,0.133,0.066,2,2,0,3,7,255,1728,250,232,1728
stim,304,304,0,225811.369,-0.641,-0.053,-0.041,0.765,2345,0,73,3193,0,239,197,3231,42,0.000,4,0,5.421,0.149,-3.920,1.220,3.540,-0.235,-0.122,0.965,-0.124,-0.082,-0.142,0.000,0.000,0.133,0.066,2,2,0,3,7,255,1728,250,237,1728
stim,304,304,0,225816.369,-0.640,-0.053,-0.041,0.765,2337,0,75,3189,0,253,199,3229,42,0.000,4,0,5.440,0.150,-3.980,1.280,3.480,-0.236,-0.122,0.966,-0.124,-0.084,-0.142,0.000,0.000,0.133,0.066,2,2,0,3,7,255,1728,250,242,1728
stim,304,304,0,225821.369,-0.640,-0.053,-0.041,0.765,2341,0,77,3197,0,255,191,3229,42,0.000,4,0,5.522,0.153,-4.040,1.280,3.540,-0.236,-0.121,0.966,-0.124,-0.090,-0.142,0.000,0.000,0.133,0.066,2,2,0,3,7,255,1728,250,247,1728
stim,304,304,0,225826.369,-0.640,-0.053,-0.041,0.765,2343,0,75,3195,0,249,191,3243,42,0.000,4,0,5.591,0.158,-4.100,1.220,3.600,-0.236,-0.121,0.966,-0.130,-0.090,-0.138,0.000,0.000,0.133,0.066,2,2,0,3,7,255,1728,250,252,1728
stim,304,304,0,225831.369,-0.640,-0.053,-0.041,0.765,2336,0,75,3192,0,268,197,3243,42,0.000,4,0,5.648,0.157,-4.160,1.280,3.600,-0.235,-0.122,0.966,-0.130,-0.088,-0.138,0.000,0.000,0.133,0.066,2,2,0,3,7,255,1728,250,257,1728
stim,304,304,0,225836.369,-0.640,-0.053,-0.041,0.766,2336,0,75,3191,0,277,189,3236,42,0.000,4,0,5.632,0.146,-4.200,1.300,3.520,-0.236,-0.123,0.966,-0.120,-0.084,-0.138,0.000,0.000,0.133,0.066,2,2,0,3,7,255,1728,250,262,1728
stim,304,304,0,225841.369,-0.640,-0.053,-0.041,0.766,2343,0,75,3198,0,273,191,3236,42,0.000,4,0,5.595,0.141,-4.200,1.300,3.460,-0.235,-0.123,0.966,-0.116,-0.080,-0.138,0.000,0.000,0.133,0.066,2,2,0,3,7,255,1728,250,267,1728
stim,304,304,0,225846.369,-0.640,-0.053,-0.041,0.766,2343,0,75,3193,0,264,197,3229,42,0.000,4,0,5.664,0.140,-4.260,1.240,3.520,-0.237,-0.123,0.965,-0.112,-0.084,-0.142,0.000,0.000,0.133,0.066,2,2,0,3,7,255,1728,250,272,1728
stim,304,304,0,225851.369,-0.640,-0.053,-0.041,0.766,2336,0,73,3194,0,267,191,3224,42,0.000,4,0,5.701,0.146,-4.260,1.240,3.580,-0.236,-0.122,0.966,-0.116,-0.088,-0.142,0.000,0.000,0.133,0.066,2,2,0,3,7,255,1728,250,277,1728
stim,304,304,0,225856.369,-0.639,-0.053,-0.041,0.766,2333,0,73,3207,0,275,191,3227,42,0.000,4,0,5.784,0.152,-4.320,1.240,3.640,-0.236,-0.122,0.965,-0.122,-0.090,-0.142,0.000,0.000,0.133,0.066,2,2,0,3,7,255,1728,250,282,1728
stim,304,304,0,225861.369,-0.639,-0.053,-0.041,0.766,2341,0,71,3199,0,255,190,3246,42,0.000,4,0,5.777,0.152,-4.260,1.240,3.700,-0.235,-0.120,0.966,-0.124,-0.088,-0.140,0.000,0.000,0.133,0.066,2,2,0,3,7,255,1728,250,287,1728
stim,304,304,0,225866.369,-0.639,-0.053,-0.041,0.766,2333,0,75,3197,0,264,195,3224,42,0.000,4,0,5.694,0.153,-4.200,1.240,3.640,-0.234,-0.121,0.965,-0.130,-0.080,-0.144,0.000,0.000,0.133,0.066,2,2,0,3,7,255,1728,250,292,1728
stim,304,304,0,225871.369,-0.639,-0.053,-0.041,0.766,2348,0,73,3209,0,267,192,3245,42,0.000,4,0,5.726,0.159,-4.260,1.180,3.640,-0.235,-0.120,0.966,-0.140,-0.076,-0.146,0.000,0.000,0.133,0.066,2,2,0,3,7,255,1728,250,297,1728
stim,321,321,0,225876.369,-0.639,-0.053,-0.041,0.766,2341,0,75,3208,0,266,191,3242,42,0.000,4,0,5.694,0.151,-4.200,1.240,3.640,-0.235,-0.121,0.965,-0.130,-0.076,-0.150,0.000,0.000,0.133,0.066,2,2,0,3,7,255,1728,250,302,1728
stim,321,321,0,225881.369,-0.639,-0.053,-0.041,0.766,2349,0,75,3209,0,268,199,3255,42,0.000,4,0,5.625,0.149,-4.140,1.300,3.580,-0.235,-0.122,0.966,-0.128,-0.076,-0.146,0.000,0.000,0.133,0.066,2,2,0,3,7,255,1728,250,307,1728
stim,337,337,0,225886.369,-0.639,-0.053,-0.041,0.767,2343,0,75,3195,5,277,197,3229,42,0.000,4,0,5.415,0.144,-3.900,1.200,3.560,-0.236,-0.122,0.966,-0.120,-0.080,-0.144,0.000,0.000,0.133,0.066,2,2,0,3,7,255,1728,250,312,1728
stim,337,337,0,225891.369,-0.639,-0.053,-0.041,0.767,2341,0,73,3207,0,277,195,3241,42,0.000,4,0,5.273,0.148,-4.200,1.080,3.000,-0.240,-0.120,0.972,-0.120,-0.086,-0.140,0.000,0.000,0.133,0.066,2,2,0,3,7,255,1728,250,317,1728
stim,383,383,0,225896.369,-0.638,-0.053,-0.041,0.767,2347,0,74,3205,0,277,198,3231,42,0.000,4,0,4.898,0.151,-2.740,1.260,3.860,-0.234,-0.122,0.968,-0.124,-0.086,-0.122,0.000,0.000,0.133,0.066,2,2,0,3,7,255,1728,250,322,1728
stim,383,383,0,225901.369,-0.638,-0.053,-0.040,0.767,2345,0,75,3195,0,295,199,3237,42,0.000,4,0,5.367,0.172,-2.920,1.200,4.340,-0.235,-0.118,0.956,-0.138,-0.102,-0.122,0.000,0.000,0.133,0.066,2,2,0,3,7,255,1728,250,327,1728
stim,384,384,0,225906.369,-0.638,-0.053,-0.041,0.767,2343,0,74,3195,0,287,199,3245,42,0.000,4,0,6.025,0.138,-4.320,1.340,3.980,-0.229,-0.124,0.956,-0.124,-0.060,-0.240,0.000,0.000,0.133,0.066,2,2,0,3,7,255,1728,250,332,1728
stim,384,384,0,225911.369,-0.638,-0.053,-0.041,0.767,2343,0,75,3205,0,286,191,3251,42,0.000,4,0,6.084,0.096,-5.120,1.340,3.000,-0.229,-0.126,0.966,-0.090,-0.032,-0.240,0.000,0.000,0.133,0.066,2,2,0,3,7,255,1728,250,337,1728
stim,390,390,0,225916.369,-0.638,-0.053,-0.041,0.767,2349,0,75,3209,0,285,201,3248,42,0.000,4,0,5.329,0.096,-4.500,1.340,2.520,-0.238,-0.122,0.974,-0.090,-0.032,-0.146,0.000,0.000,0.133,0.066,2,2,0,3,7,255,1728,250,342,1728
stim,390,390,0,225921.369,-0.638,-0.053,-0.041,0.767,2345,0,75,3195,0,279,198,3253,42,0.316,4,0,4.803,0.144,-3.480,1.400,3.000,-0.243,-0.122,0.972,-0.118,-0.082,-0.068,0.000,0.000,1.592,0.740,2,2,0,3,7,255,1728,250,347,1728
stim,390,390,0,225926.369,-0.638,-0.053,-0.040,0.767,2347,0,72,3198,1,310,199,3246,42,0.316,4,0,5.238,0.179,-3.400,1.200,3.800,-0.245,-0.122,0.967,-0.118,-0.134,-0.068,0.004,0.004,1.592,0.740,2,2,0,3,7,255,1728,250,352,1728
stim,390,390,0,225931.369,-0.638,-0.053,-0.040,0.767,2350,0,73,3207,0,285,199,3244,42,0.316,4,0,5.906,0.179,-4.200,0.960,4.040,-0.228,-0.121,0.955,-0.118,-0.134,-0.110,0.014,0.014,1.592,0.740,2,2,0,3,7,255,1728,250,357,1728
stim,400,400,0,225936.369,-0.637,-0.053,-0.041,0.768,2348,0,74,3193,0,269,196,3251,42,0.316,4,0,5.977,0.110,-4.720,1.420,3.380,-0.226,-0.127,0.960,-0.106,-0.030,-0.208,0.024,0.022,1.592,0.740,2,2,0,3,7,255,1728,250,362,1728
stim,400,400,0,225941.369,-0.637,-0.053,-0.041,0.768,2345,0,75,3195,0,273,199,3247,42,0.316,4,0,5.675,0.124,-4.900,1.360,2.520,-0.234,-0.123,0.970,-0.120,-0.030,-0.208,0.032,0.032,1.592,0.740,2,2,0,3,7,255,1728,250,367,1728
stim,400,400,0,225946.369,-0.637,-0.053,-0.041,0.768,2355,0,73,3197,0,273,200,3243,42,0.316,4,0,4.950,0.129,-4.000,1.360,2.580,-0.242,-0.121,0.975,-0.120,-0.048,-0.102,0.042,0.040,1.592,0.740,2,2,0,3,7,255,1728,250,372,1728
stim,400,400,0,225951.369,-0.637,-0.053,-0.040,0.768,2349,0,76,3199,0,300,199,3245,42,0.316,4,0,5.123,0.170,-3.200,1.420,3.740,-0.245,-0.121,0.967,-0.120,-0.120,-0.102,0.050,0.050,1.592,0.740,2,2,0,3,7,255,1728,250,377,1728
stim,400,400,0,225956.369,-0.637,-0.053,-0.040,0.768,2347,0,74,3207,0,311,200,3255,42,0.316,4,0,5.804,0.167,-3.260,1.160,4.660,-0.239,-0.124,0.964,-0.116,-0.120,-0.108,0.060,0.060,1.592,0.740,2,2,0,3,7,255,1728,250,382,1728
stim,400,400,0,225961.369,-0.637,-0.053,-0.040,0.768,2357,0,72,3211,0,316,201,3251,42,0.316,4,0,5.950,0.142,-3.740,1.160,4.480,-0.231,-0.125,0.964,-0.092,-0.108,-0.148,0.070,0.070,1.592,0.740,2,2,0,3,7,255,1728,250,387,1728
stim,415,415,0,225966.369,-0.637,-0.053,-0.040,0.768,2345,0,73,3200,0,327,199,3253,42,0.316,4,0,5.645,0.097,-4.240,1.100,3.560,-0.229,-0.125,0.965,-0.092,-0.032,-0.162,0.080,0.080,1.592,0.740,2,2,0,3,7,255,1728,250,0,0
stim,415,415,0,225971.369,-0.637,-0.053,-0.041,0.768,2356,0,74,3213,0,319,201,3257,42,0.316,4,0,8.366,0.092,-8.080,1.780,1.240,-0.216,-0.126,0.933,-0.092,-0.008,-0.166,0.092,0.090,1.592,0.740,2,2,0,3,7,255,1728,250,0,0
stim,415,415,0,225976.369,-0.637,-0.054,-0.041,0.768,2347,0,73,3205,0,353,201,3247,42,0.316,4,0,8.117,0.052,-8.020,1.100,-0.600,-0.228,-0.132,0.967,-0.050,0.016,-0.162,0.104,0.102,1.592,0.740,2,2,0,3,7,255,1728,250,0,0
stim,415,415,0,225981.369,-0.637,-0.054,-0.041,0.768,2348,0,75,3200,0,349,201,3259,42,0.316,4,0,7.024,0.052,-6.800,1.720,0.380,-0.256,-0.110,0.996,-0.050,0.016,-0.136,0.114,0.112,1.592,0.740,2,2,0,3,7,255,1728,250,0,0
stim,479,479,0,225986.369,-0.636,-0.054,-0.041,0.768,2349,0,73,3205,0,361,200,3247,42,0.316,4,0,4.501,0.295,-2.060,0.980,3.880,-0.262,-0.115,0.989,-0.192,-0.224,0.126,0.126,0.126,1.592,0.740,2,2,0,3,7,255,1728,250,0,0
stim,479,479,0,225991.369,-0.636,-0.054,-0.041,0.769,2349,0,73,3208,0,352,201,3253,42,0.316,4,0,7.055,0.295,-0.520,1.160,6.940,-0.245,-0.125,0.959,-0.192,-0.224,0.126,0.138,0.136,1.592,0.740,2,2,0,3,7,255,1728,250,0,0
stim,479,479,0,225996.371,-0.636,-0.053,-0.040,0.769,2349,0,73,3213,0,359,199,3245,42,0.316,4,0,7.392,0.181,-2.780,1.100,6.760,-0.223,-0.127,0.940,-0.068,-0.168,-0.174,0.150,0.148,1.592,0.740,2,2,0,3,7,255,1728,250,0,0
stim,479,479,0,226001.369,-0.636,-0.053,-0.041,0.769,2356,0,73,3209,0,343,201,3256,42,0.316,4,0,6.676,0.068,-5.480,0.920,3.700,-0.214,-0.127,0.954,-0.068,0.002,-0.296,0.162,0.160,1.592,0.740,2,2,0,3,7,255,1728,250,0,0
stim,479,479,0,226006.369,-0.636,-0.054,-0.041,0.769,2355,0,70,3210,0,343,205,3247,42,0.316,4,0,5.834,0.099,-5.660,1.280,0.600,-0.226,-0.128,0.976,-0.086,0.050,-0.296,0.174,0.172,1.592,0.740,2,2,0,3,7,255,1728,250,0,0
stim,479,479,0,226011.369,-0.636,-0.054,-0.041,0.769,2355,0,69,3197,0,339,199,3247,42,0.316,4,0,4.430,0.106,-4.180,1.340,0.600,-0.250,-0.121,0.978,-0.094,0.050,-0.058,0.186,0.184,1.592,0.740,2,2,0,3,7,255,1728,250,0,0
stim,479,479,0,226016.369,-0.636,-0.054,-0.041,0.769,2361,0,69,3215,0,345,204,3242,42,0.316,4,0,4.722,0.226,-3.020,1.100,3.460,-0.258,-0.115,0.966,-0.136,-0.180,-0.058,0.198,0.196,1.592,0.740,2,2,0,3,7,255,1728,250,0,0
stim,479,479,0,226021.369,-0.636,-0.054,-0.040,0.769,2359,0,72,3213,0,349,203,3256,42,0.316,4,0,6.889,0.226,-3.220,0.920,6.020,-0.244,-0.121,0.960,-0.136,-0.180,-0.094,0.210,0.206,1.592,0.740,2,2,0,3,7,255,1728,250,0,0
stim,512,512,0,226026.371,-0.635,-0.053,-0.040,0.769,2359,0,71,3211,0,355,202,3251,42,0.316,4,0,7.022,0.191,-3.880,0.920,5.780,-0.223,-0.127,0.962,-0.108,-0.158,-0.174,0.224,0.220,1.592,0.740,2,2,0,3,7,255,1728,250,0,0
stim,512,512,0,226031.369,-0.635,-0.053,-0.041,0.769,2358,0,74,3217,0,343,202,3249,42,0.316,4,0,5.368,0.108,-4.120,1.040,3.280,-0.219,-0.127,0.964,-0.096,0.050,-0.192,0.236,0.232,1.592,0.740,2,2,0,3,7,255,1728,250,0,0
stim,512,512,0,226036.369,-0.635,-0.053,-0.041,0.769,2357,0,75,3213,0,343,203,3248,42,0.316,4,0,4.672,0.103,-4.300,1.220,1.360,-0.233,-0.125,0.964,-0.090,0.050,-0.192,0.250,0.246,1.592,0.740,2,2,0,3,7,255,1728,250,0,0
stim,512,512,0,226041.369,-0.635,-0.053,-0.041,0.770,2359,0,73,3211,0,345,201,3247,42,0.316,4,0,4.890,0.105,-4.420,1.100,1.780,-0.247,-0.121,0.965,-0.096,-0.042,-0.156,0.264,0.260,1.592,0.740,2,2,0,3,7,255,1728,250,0,0
stim,512,512,0,226046.369,-0.635,-0.054,-0.041,0.770,2360,0,75,3209,0,347,202,3248,42,0.316,4,0,5.777,0.214,-4.240,0.980,3.800,-0.249,-0.119,0.968,-0.118,-0.178,-0.126,0.278,0.274,1.592,0.740,2,2,0,3,7,255,1728,250,0,0
stim,512,512,0,226051.369,-0.635,-0.053,-0.041,0.770,2363,0,73,3211,0,348,203,3256,42,0.316,4,0,6.340,0.216,-3.680,0.920,5.080,-0.238,-0.122,0.969,-0.122,-0.178,-0.108,0.292,0.286,1.592,0.740,2,2,0,3,7,255,1728,250,0,0
stim,512,512,0,226056.369,-0.635,-0.053,-0.040,0.770,2363,0,73,3199,1,349,201,3248,42,0.316,4,0,5.830,0.150,-3.380,0.920,4.660,-0.228,-0.126,0.965,-0.122,-0.088,-0.108,0.308,0.300,1.592,0.740,2,2,0,3,7,255,1728,250,0,0
stim,512,512,0,226061.369,-0.635,-0.053,-0.040,0.770,2365,0,75,3218,0,344,203,3261,42,0.316,4,0,5.026,0.094,-3.800,1.040,3.120,-0.229,-0.125,0.961,-0.094,-0.008,-0.162,0.322,0.314,1.592,0.740,2,2,0,3,7,255,1728,250,0,0
stim,512,512,0,226066.369,-0.634,-0.053,-0.041,0.770,2356,0,76,3213,1,346,204,3251,42,0.316,4,0,5.107,0.094,-4.480,1.040,2.220,-0.235,-0.122,0.963,-0.094,-0.008,-0.170,0.338,0.328,1.592,0.740,2,2,0,3,7,255,1728,250,0,0
stim,512,512,0,226071.369,-0.634,-0.053,-0.041,0.770,2363,0,73,3207,0,349,201,3251,42,0.316,4,0,5.440,0.138,-4.720,0.980,2.520,-0.243,-0.120,0.969,-0.116,-0.074,-0.170,0.352,0.342,1.592,0.740,2,2,0,3,7,255,1728,250,0,0
stim,512,512,0,226076.371,-0.634,-0.053,-0.041,0.770,2365,0,75,3219,0,344,202,3255,42,0.316,4,0,5.494,0.187,-4.120,0.980,3.500,-0.242,-0.119,0.971,-0.138,-0.126,-0.096,0.368,0.358,1.592,0.740,2,2,0,3,7,255,1728,250,0,0
stim,512,512,0,226081.369,-0.634,-0.053,-0.040,0.770,2360,0,73,3207,0,343,200,3245,42,0.316,4,0,5.595,0.187,-3.500,0.860,4.280,-0.238,-0.121,0.967,-0.138,-0.126,-0.096,0.382,0.372,1.592,0.740,2,2,0,3,7,255,1728,250,0,0
