condition_phase,condition_phase_elapsed_ms,condition_elapsed_ms,is_stimulation_on,t_ms,L_q0,L_q1,L_q2,L_q3,L_heel1,L_mid1,L_fore1,L_heel2,L_fore3,L_mid2,L_fore4,L_fore2,L_cadence,L_speed,L_steps,L_zupt,L_gyroNorm,L_accH,L_gyro_x,L_gyro_y,L_gyro_z,L_acc_x,L_acc_y,L_acc_z,L_nav_ax,L_nav_ay,L_nav_az,L_stepVel,L_stepVelj,L_stepDispRaw,L_stepDispZUPT,L_gaitEvent,L_stepTimeMs,L_stepDeviationMs,L_baselineMs,L_motorMode,L_motorActive,L_motorAlignment,L_motorRegionMask,L_motorAmplitude,L_motorIntervalMs,L_motorDurationMs,L_motorPhaseMs,L_motorCycleMs
stim,15,15,0,3406481.816,0.982,-0.127,-0.055,-0.131,47,85,77,38,35,0,62,13,0,0.000,0,0,50.518,0.847,45.180,0.200,-22.600,-0.024,-0.011,1.007,0.440,-0.724,0.066,0.000,0.000,0.000,0.000,0,NULL,NULL,1070.000,1,0,2,7,255,,250,0,0
stim,15,15,0,3406486.816,0.981,-0.129,-0.055,-0.130,60,92,57,38,17,0,44,17,0,0.000,0,0,47.274,0.725,45.040,-0.060,-14.360,-0.028,0.045,1.010,0.032,-0.724,0.066,0.000,0.000,0.000,0.000,0,NULL,NULL,,1,0,2,7,255,,250,0,0
stim,15,15,0,3406491.816,0.981,-0.131,-0.055,-0.130,51,69,77,39,37,0,68,17,0,0.000,0,0,41.311,0.260,41.260,1.720,-1.120,-0.021,0.056,1.006,-0.096,-0.242,0.078,0.000,0.000,0.000,0.000,0,NULL,NULL,,1,0,2,7,255,,250,0,0
stim,15,15,0,3406496.816,0.981,-0.132,-0.056,-0.131,72,61,85,61,20,0,45,44,0,0.000,0,0,30.358,0.260,25.280,2.760,16.580,-0.012,0.012,0.992,-0.096,-0.242,0.078,0.000,0.000,0.000,0.000,0,NULL,NULL,,1,0,2,7,255,,250,0,0
stim,31,31,0,3406501.816,0.981,-0.132,-0.056,-0.133,52,61,83,61,18,0,63,44,0,0.000,0,0,32.635,0.472,1.780,4.160,32.320,-0.022,0.024,1.001,-0.010,-0.472,0.000,0.000,0.000,0.000,0.000,0,NULL,NULL,,1,0,2,7,255,,250,0,0
stim,31,31,0,3406506.816,0.981,-0.131,-0.056,-0.134,47,67,76,39,37,0,67,17,0,0.000,0,0,45.560,0.559,-22.160,3.420,39.660,-0.028,-0.025,1.007,0.062,-0.556,0.000,0.000,0.000,0.000,0.000,0,NULL,NULL,,1,0,2,7,255,,250,0,0
stim,64,64,0,3406511.816,0.981,-0.129,-0.056,-0.136,54,63,83,61,13,0,43,45,0,0.000,0,0,56.680,0.810,-45.280,7.580,33.240,-0.079,-0.002,0.996,-0.010,-0.810,0.000,0.000,0.000,0.000,0.000,0,NULL,NULL,,1,0,2,7,255,,250,0,0
stim,64,64,0,3406516.816,0.981,-0.127,-0.057,-0.137,59,89,53,41,40,0,57,13,0,0.000,0,0,50.446,0.944,-40.940,10.760,27.440,-0.103,0.096,1.046,-0.484,-0.810,0.024,0.000,0.000,0.000,0.000,0,NULL,NULL,,1,0,2,7,255,,250,0,0
stim,64,64,0,3406521.818,0.981,-0.125,-0.057,-0.138,73,83,56,68,13,0,37,43,0,0.000,0,0,40.086,0.487,-32.280,10.940,21.100,-0.040,0.116,1.051,-0.484,0.056,0.500,0.000,0.000,0.000,0.000,0,NULL,NULL,,1,0,2,7,255,,250,0,0
stim,64,64,0,3406526.816,0.981,-0.124,-0.058,-0.138,55,61,82,63,19,0,69,45,0,0.000,0,0,36.132,0.604,-30.080,17.840,9.080,0.002,0.151,1.040,-0.418,0.436,0.500,0.000,0.000,0.000,0.000,0,NULL,NULL,,1,0,2,7,255,,250,0,0
stim,80,80,0,3406531.816,0.981,-0.123,-0.058,-0.138,57,72,59,37,40,1,68,17,0,0.000,0,0,36.323,0.905,-28.320,22.480,3.460,0.000,0.146,1.019,-0.116,0.898,0.458,0.000,0.000,0.000,0.000,0,NULL,NULL,,1,0,2,7,255,,250,0,0
stim,80,80,0,3406536.816,0.981,-0.122,-0.059,-0.138,54,63,83,59,19,0,63,40,0,0.000,0,0,35.073,0.905,-27.340,21.860,2.180,-0.035,0.121,1.011,-0.116,0.898,0.248,0.000,0.000,0.000,0.000,0,NULL,NULL,,1,0,2,7,255,,250,0,0
stim,80,80,0,3406541.816,0.981,-0.120,-0.060,-0.138,77,89,53,41,33,0,37,13,0,0.000,0,0,37.278,0.611,-29.600,22.660,-0.080,-0.024,0.063,1.049,-0.116,0.600,0.248,0.000,0.000,0.000,0.000,0,NULL,NULL,,1,0,2,7,255,,250,0,0
stim,80,80,0,3406546.816,0.981,-0.118,-0.061,-0.138,83,93,54,67,19,0,39,23,0,0.000,0,0,46.155,0.128,-37.160,26.800,-5.580,-0.014,0.027,1.080,-0.080,0.100,0.504,0.000,0.000,0.000,0.000,0,NULL,NULL,,1,0,2,7,255,,250,0,0
stim,80,80,0,3406551.816,0.982,-0.117,-0.062,-0.137,54,63,83,45,20,0,67,43,0,0.000,0,0,53.104,0.104,-32.840,38.280,-16.620,-0.095,0.060,1.114,-0.080,-0.066,0.786,0.000,0.000,0.000,0.000,0,NULL,NULL,,1,0,2,7,255,,250,0,0
stim,80,80,0,3406556.816,0.982,-0.115,-0.064,-0.136,82,71,83,72,17,0,43,39,0,0.000,0,0,60.656,0.574,-32.640,48.900,-14.920,-0.091,0.040,1.138,-0.544,-0.182,1.156,0.000,0.000,0.000,0.000,0,NULL,NULL,,1,0,2,7,255,,250,0,0
stim,96,96,0,3406561.816,0.982,-0.113,-0.067,-0.135,52,68,85,42,22,0,63,39,0,0.000,0,0,74.652,0.585,-40.460,60.200,-17.660,-0.073,0.009,1.124,-0.544,-0.214,1.228,0.000,0.000,0.000,0.000,0,NULL,NULL,,1,0,2,7,255,,250,0,0
stim,96,96,0,3406566.816,0.982,-0.110,-0.069,-0.134,83,88,57,63,17,0,37,43,0,0.000,0,0,91.452,0.467,-51.640,71.600,-23.880,-0.050,-0.061,1.120,-0.254,-0.392,1.228,0.000,0.000,0.000,0.000,0,NULL,NULL,,1,0,2,7,255,,250,0,0
stim,96,96,0,3406571.816,0.983,-0.107,-0.072,-0.132,83,92,57,70,17,0,22,43,0,0.000,0,0,105.083,0.806,-61.460,81.620,-24.560,-0.037,-0.058,1.094,0.202,-0.780,1.154,0.000,0.000,0.000,0.000,0,NULL,NULL,,1,0,2,7,255,,250,0,0
stim,96,96,0,3406576.817,0.983,-0.104,-0.076,-0.131,85,83,57,68,19,0,39,42,0,0.000,0,0,112.296,0.862,-61.640,89.680,-27.720,-0.025,-0.033,1.089,0.366,-0.780,0.906,0.000,0.000,0.000,0.000,0,NULL,NULL,,1,0,2,7,255,,250,0,0
stim,112,112,0,3406581.817,0.983,-0.101,-0.079,-0.129,78,89,55,59,20,0,40,17,0,0.000,0,0,119.132,0.683,-62.620,96.560,-30.780,-0.012,-0.052,1.059,0.472,-0.494,0.862,0.000,0.000,0.000,0.000,0,NULL,NULL,,1,0,2,7,255,,250,0,0
stim,112,112,0,3406586.816,0.984,-0.098,-0.083,-0.127,59,88,55,37,40,0,59,12,0,0.000,0,0,119.338,0.818,-59.680,98.820,-30.240,0.010,-0.036,1.009,0.696,-0.430,0.552,0.000,0.000,0.000,0.000,0,NULL,NULL,,1,0,2,7,255,,250,0,0
stim,112,112,0,3406591.816,0.984,-0.095,-0.087,-0.126,53,61,81,61,12,0,43,41,0,0.000,0,0,115.628,0.920,-55.660,96.620,-30.600,0.015,-0.019,0.979,0.894,-0.218,0.046,0.000,0.000,0.000,0.000,0,NULL,NULL,,1,0,2,7,255,,250,0,0
stim,112,112,0,3406596.816,0.984,-0.092,-0.090,-0.124,57,69,85,70,20,0,68,44,0,0.000,0,0,109.113,0.940,-53.160,90.780,-28.960,0.021,-0.008,0.946,0.940,0.020,-0.252,0.000,0.000,0.000,0.000,0,NULL,NULL,,1,0,2,7,255,,250,0,0
stim,127,127,0,3406601.816,0.984,-0.089,-0.093,-0.123,83,90,53,63,37,0,39,23,0,0.000,0,0,99.104,0.962,-49.620,82.160,-24.680,0.010,-0.012,0.927,0.944,0.184,-0.586,0.000,0.000,0.000,0.000,0,NULL,NULL,,1,0,2,7,255,,250,0,0
stim,127,127,0,3406606.816,0.984,-0.087,-0.096,-0.122,57,88,53,41,37,0,55,13,0,0.000,0,0,85.722,0.962,-47.000,70.080,-15.100,-0.009,-0.028,0.905,0.944,0.184,-0.764,0.000,0.000,0.000,0.000,0,NULL,NULL,,1,0,2,7,255,,250,0,0
stim,163,163,0,3406611.816,0.984,-0.085,-0.098,-0.121,81,89,55,61,37,0,41,21,0,0.000,0,0,71.657,0.848,-44.420,56.160,-2.760,-0.016,0.014,0.898,0.828,0.184,-0.970,0.000,0.000,0.000,0.000,0,NULL,NULL,,1,0,2,7,255,,250,0,0
stim,163,163,0,3406616.816,0.984,-0.083,-0.100,-0.121,83,88,59,69,19,0,41,43,0,0.000,0,0,62.428,0.819,-45.900,41.760,6.820,-0.032,0.040,0.915,0.686,0.448,-0.970,0.000,0.000,0.000,0.000,0,NULL,NULL,,1,0,2,7,255,,250,0,0
stim,164,164,0,3406621.818,0.984,-0.080,-0.101,-0.122,79,89,51,59,30,0,37,18,0,0.000,0,0,56.968,0.870,-48.940,25.960,13.280,-0.047,0.052,0.932,0.508,0.706,-0.858,0.000,0.000,0.000,0.000,0,NULL,NULL,,1,0,2,7,255,,250,0,0
stim,164,164,0,3406626.816,0.984,-0.078,-0.101,-0.123,78,91,53,35,33,0,37,12,0,0.000,0,0,54.066,0.810,-48.100,14.960,19.640,-0.052,0.033,0.965,0.398,0.706,-0.680,0.000,0.000,0.000,0.000,0,NULL,NULL,,1,0,2,7,255,,250,0,0
stim,176,176,0,3406631.816,0.984,-0.076,-0.102,-0.124,81,88,51,68,29,0,35,22,0,0.000,0,0,53.944,0.785,-45.280,9.840,27.620,-0.072,-0.001,1.013,0.362,0.696,-0.356,0.000,0.000,0.000,0.000,0,NULL,NULL,,1,0,2,7,255,,250,0,0
stim,176,176,0,3406636.816,0.984,-0.074,-0.102,-0.126,51,85,52,36,37,0,57,12,0,0.000,0,0,55.772,0.518,-41.140,11.240,35.940,-0.087,-0.016,1.046,0.348,0.384,0.136,0.000,0.000,0.000,0.000,0,NULL,NULL,,1,0,2,7,255,,250,0,0
stim,176,176,0,3406641.816,0.984,-0.073,-0.103,-0.127,53,85,77,37,39,0,69,13,0,0.000,0,0,57.240,0.430,-33.140,17.660,43.200,-0.093,-0.011,1.067,0.278,0.328,0.480,0.000,0.000,0.000,0.000,0,NULL,NULL,,1,0,2,7,255,,250,0,0
stim,176,176,0,3406646.816,0.984,-0.072,-0.104,-0.129,83,89,76,68,19,0,39,43,0,0.000,0,0,60.338,0.384,-23.920,24.300,49.780,-0.117,-0.011,1.074,0.242,0.298,0.688,0.000,0.000,0.000,0.000,0,NULL,NULL,,1,0,2,7,255,,250,0,0
stim,176,176,0,3406651.816,0.983,-0.071,-0.105,-0.132,53,61,83,43,21,0,63,41,0,0.000,0,0,63.444,0.331,-14.700,29.000,54.480,-0.139,0.000,1.086,0.042,0.328,0.788,0.000,0.000,0.000,0.000,0,NULL,NULL,,1,0,2,7,255,,250,0,0
stim,176,176,0,3406656.816,0.983,-0.070,-0.107,-0.134,83,71,77,70,14,0,39,43,0,0.000,0,0,64.333,0.335,-5.680,31.260,55.940,-0.157,-0.004,1.094,-0.154,0.298,0.928,0.000,0.000,0.000,0.000,0,NULL,NULL,,1,0,2,7,255,,250,0,0
stim,195,195,0,3406661.816,0.982,-0.070,-0.109,-0.136,82,88,51,63,29,0,36,23,0,0.000,0,0,62.309,0.397,1.780,31.140,53.940,-0.176,-0.025,1.098,-0.280,0.282,1.024,0.000,0.000,0.000,0.000,0,NULL,NULL,,1,0,2,7,255,,250,0,0
stim,195,195,0,3406666.816,0.982,-0.070,-0.110,-0.138,69,53,79,71,14,0,44,42,0,0.000,0,0,56.906,0.313,6.660,30.960,47.280,-0.175,-0.028,1.100,-0.310,0.040,1.092,0.000,0.000,0.000,0.000,0,NULL,NULL,,1,0,2,7,255,,250,0,0
stim,195,195,0,3406671.816,0.981,-0.071,-0.112,-0.139,51,59,83,39,37,0,63,31,0,0.000,0,0,47.977,0.310,9.220,30.580,35.800,-0.163,-0.035,1.092,-0.310,0.008,1.092,0.000,0.000,0.000,0.000,0,NULL,NULL,,1,0,2,7,255,,250,0,0
stim,195,195,0,3406676.816,0.981,-0.071,-0.113,-0.140,75,63,84,70,20,0,68,43,0,0.000,0,0,39.807,0.151,8.240,29.120,25.860,-0.153,-0.035,1.071,-0.150,-0.018,1.022,0.000,0.000,0.000,0.000,0,NULL,NULL,,1,0,2,7,255,,250,0,0
stim,208,208,0,3406681.816,0.981,-0.071,-0.115,-0.141,57,88,56,38,37,0,62,14,0,0.000,0,0,33.904,0.057,5.140,27.240,19.520,-0.150,-0.030,1.051,-0.054,-0.018,0.806,0.000,0.000,0.000,0.000,0,NULL,NULL,,1,0,2,7,255,,250,0,0
stim,208,208,0,3406686.816,0.981,-0.071,-0.116,-0.141,83,71,79,69,18,0,43,43,0,0.000,0,0,30.810,0.045,3.600,25.640,16.700,-0.139,-0.036,1.032,-0.044,-0.010,0.606,0.000,0.000,0.000,0.000,0,NULL,NULL,,1,0,2,7,255,,250,0,0
stim,228,228,0,3406691.816,0.980,-0.071,-0.117,-0.142,79,92,55,67,19,0,39,41,0,0.000,0,0,30.190,0.083,2.560,24.980,16.760,-0.131,-0.024,1.016,0.078,0.028,0.408,0.000,0.000,0.000,0.000,0,NULL,NULL,,1,0,2,7,255,,250,0,0
stim,228,228,0,3406696.816,0.980,-0.071,-0.118,-0.142,59,89,55,41,39,0,41,16,0,0.000,0,0,29.826,0.171,4.340,25.700,14.500,-0.112,-0.023,1.004,0.122,0.120,0.236,0.000,0.000,0.000,0.000,0,NULL,NULL,,1,0,2,7,255,,250,0,0
stim,228,228,0,3406701.816,0.980,-0.071,-0.119,-0.143,50,67,79,39,41,0,69,17,0,0.000,0,0,31.632,0.346,7.460,27.780,13.160,-0.097,-0.018,1.005,0.298,0.176,0.096,0.000,0.000,0.000,0.000,0,NULL,NULL,,1,0,2,7,255,,250,0,0
stim,228,228,0,3406706.816,0.980,-0.071,-0.121,-0.143,49,67,77,39,35,0,63,17,0,0.000,0,0,35.293,0.511,10.020,30.520,14.620,-0.101,-0.009,1.021,0.436,0.266,0.096,0.000,0.000,0.000,0.000,0,NULL,NULL,,1,0,2,7,255,,250,0,0
stim,262,262,0,3406711.816,0.979,-0.072,-0.122,-0.144,57,89,77,37,36,0,63,17,0,0.000,0,0,39.149,0.557,13.380,32.660,16.940,-0.105,-0.007,1.030,0.436,0.346,0.246,0.000,0.000,0.000,0.000,0,NULL,NULL,,1,0,2,7,255,,250,0,0
stim,262,262,0,3406716.816,0.979,-0.072,-0.124,-0.144,51,86,56,39,37,0,60,16,0,0.000,0,0,41.344,0.553,15.880,32.660,19.760,-0.108,-0.009,1.022,0.432,0.346,0.264,0.000,0.000,0.000,0.000,0,NULL,NULL,,1,0,2,7,255,,250,0,0
stim,263,263,0,3406721.818,0.979,-0.073,-0.125,-0.145,77,90,54,43,39,1,57,16,0,0.000,0,0,40.475,0.536,15.380,30.720,21.400,-0.123,-0.012,1.004,0.432,0.318,0.264,0.000,0.000,0.000,0.000,0,NULL,NULL,,1,0,2,7,255,,250,0,0
stim,263,263,0,3406726.816,0.978,-0.073,-0.126,-0.146,76,89,56,37,39,0,41,17,0,0.000,0,0,39.008,0.404,15.260,26.680,24.020,-0.120,-0.014,0.982,0.336,0.224,0.110,0.000,0.000,0.000,0.000,0,NULL,NULL,,1,0,2,7,255,,250,0,0
stim,263,263,0,3406731.816,0.978,-0.074,-0.128,-0.147,55,61,83,61,19,0,47,43,0,0.000,0,0,40.450,0.368,18.800,20.880,29.100,-0.129,-0.024,0.970,0.310,0.198,-0.112,0.000,0.000,0.000,0.000,0,NULL,NULL,,1,0,2,7,255,,250,0,0
stim,263,263,0,3406736.816,0.978,-0.075,-0.129,-0.148,59,89,54,43,35,0,39,13,0,0.000,0,0,46.986,0.305,26.440,15.760,35.500,-0.131,-0.016,0.962,0.288,0.100,-0.214,0.000,0.000,0.000,0.000,0,NULL,NULL,,1,0,2,7,255,,250,0,0
stim,272,272,0,3406741.816,0.977,-0.076,-0.130,-0.150,73,60,55,61,12,0,37,41,0,0.000,0,0,54.580,0.271,33.700,11.300,41.420,-0.139,0.010,0.957,0.252,0.100,-0.288,0.000,0.000,0.000,0.000,0,NULL,NULL,,1,0,2,7,255,,250,0,0
stim,272,272,0,3406746.816,0.977,-0.078,-0.130,-0.152,84,93,57,69,20,0,39,42,0,0.000,0,0,63.226,0.304,40.780,8.060,47.640,-0.148,0.017,0.953,0.118,0.280,-0.332,0.000,0.000,0.000,0.000,0,NULL,NULL,,1,0,2,7,255,,250,0,0
stim,295,295,0,3406751.816,0.976,-0.080,-0.131,-0.154,85,94,51,72,13,0,37,26,0,0.000,0,0,74.008,0.281,48.520,6.360,55.520,-0.154,0.020,0.963,0.020,0.280,-0.332,0.000,0.000,0.000,0.000,0,NULL,NULL,,1,0,2,7,255,,250,0,0
stim,295,295,0,3406756.816,0.975,-0.083,-0.132,-0.156,51,85,58,39,37,0,63,17,0,0.000,0,0,85.466,0.280,59.520,7.280,60.900,-0.157,0.031,0.982,-0.010,0.280,-0.244,0.000,0.000,0.000,0.000,0,NULL,NULL,,1,0,2,7,255,,250,0,0
stim,295,295,0,3406761.816,0.974,-0.086,-0.133,-0.159,50,59,83,39,39,0,63,35,0,0.000,0,0,95.675,0.304,72.020,10.020,62.180,-0.154,0.039,0.994,-0.010,0.304,-0.050,0.000,0.000,0.000,0.000,0,NULL,NULL,,1,0,2,7,255,,250,0,0
stim,295,295,0,3406766.816,0.974,-0.089,-0.135,-0.161,85,89,59,69,14,0,39,24,0,0.000,0,0,104.956,0.328,83.860,14.180,61.500,-0.148,0.044,1.003,0.032,0.326,0.058,0.000,0.000,0.000,0.000,0,NULL,NULL,,1,0,2,7,255,,250,0,0
stim,296,296,0,3406771.816,0.973,-0.093,-0.137,-0.163,51,69,79,38,33,0,61,16,0,0.000,0,0,113.934,0.348,93.520,17.780,62.600,-0.137,0.033,1.011,0.122,0.326,0.144,0.000,0.000,0.000,0.000,0,NULL,NULL,,1,0,2,7,255,,250,0,0
stim,296,296,0,3406776.817,0.972,-0.098,-0.138,-0.166,51,67,77,39,40,0,68,18,0,0.000,0,0,120.909,0.365,100.460,17.220,65.040,-0.124,0.024,1.010,0.314,0.186,0.160,0.000,0.000,0.000,0.000,0,NULL,NULL,,1,0,2,7,255,,250,0,0
stim,326,326,0,3406781.817,0.970,-0.102,-0.140,-0.168,53,69,85,39,39,0,69,37,0,0.000,0,0,122.703,0.509,104.320,16.420,62.480,-0.138,0.000,1.018,0.504,0.068,0.200,0.000,0.000,0.000,0.000,0,NULL,NULL,,1,0,2,7,255,,250,0,0
stim,326,326,0,3406786.816,0.969,-0.106,-0.142,-0.170,83,89,54,42,36,0,39,21,0,0.000,0,0,116.319,0.580,101.940,16.420,53.560,-0.157,-0.015,1.027,0.504,-0.288,0.242,0.000,0.000,0.000,0.000,0,NULL,NULL,,1,0,2,7,255,,250,0,0
stim,326,326,0,3406791.816,0.969,-0.110,-0.143,-0.171,79,88,55,43,41,1,41,14,0,0.000,0,0,103.444,0.742,93.520,16.240,41.120,-0.172,-0.013,1.028,0.468,-0.576,0.354,0.000,0.000,0.000,0.000,0,NULL,NULL,,1,0,2,7,255,,250,0,0
stim,326,326,0,3406796.816,0.968,-0.114,-0.144,-0.172,82,92,54,69,36,0,40,24,0,0.000,0,0,89.201,0.689,83.560,14.660,27.560,-0.165,0.012,1.021,0.378,-0.576,0.354,0.000,0.000,0.000,0.000,0,NULL,NULL,,1,0,2,7,255,,250,0,0
stim,336,336,0,3406801.816,0.967,-0.117,-0.146,-0.173,78,85,54,63,12,0,37,40,0,0.000,0,0,78.318,0.622,75.680,12.760,15.600,-0.169,0.033,1.010,0.368,-0.502,0.318,0.000,0.000,0.000,0.000,0,NULL,NULL,,1,0,2,7,255,,250,0,0
stim,336,336,0,3406806.816,0.967,-0.120,-0.147,-0.173,83,89,78,68,14,0,39,42,0,0.000,0,0,72.547,0.502,70.980,12.580,8.160,-0.190,0.042,0.992,0.272,-0.422,0.226,0.000,0.000,0.000,0.000,0,NULL,NULL,,1,0,2,7,255,,250,0,0
stim,352,352,0,3406811.816,0.966,-0.123,-0.148,-0.173,55,61,77,69,18,0,41,43,0,0.000,0,0,68.409,0.383,66.660,14.540,4.980,-0.194,0.073,0.960,0.050,-0.380,0.094,0.000,0.000,0.000,0.000,0,NULL,NULL,,1,0,2,7,255,,250,0,0
stim,352,352,0,3406816.816,0.966,-0.125,-0.149,-0.173,83,83,57,63,20,0,39,43,0,0.000,0,0,66.855,0.233,64.940,14.600,6.260,-0.187,0.119,0.938,-0.120,-0.200,-0.174,0.000,0.000,0.000,0.000,0,NULL,NULL,,1,0,2,7,255,,250,0,0
stim,368,368,0,3406821.818,0.965,-0.128,-0.150,-0.173,79,89,54,60,37,1,41,17,0,0.000,0,0,67.923,0.306,66.160,12.580,8.840,-0.188,0.146,0.936,-0.226,0.206,-0.344,0.000,0.000,0.000,0.000,0,NULL,NULL,,1,0,2,7,255,,250,0,0
stim,368,368,0,3406826.816,0.965,-0.131,-0.151,-0.173,84,89,57,69,16,0,37,25,0,0.000,0,0,70.826,0.497,69.520,10.320,8.760,-0.188,0.158,0.951,-0.286,0.406,-0.344,0.000,0.000,0.000,0.000,0,NULL,NULL,,1,0,2,7,255,,250,0,0
stim,368,368,0,3406831.816,0.964,-0.134,-0.152,-0.173,53,61,83,61,21,0,45,44,0,0.000,0,0,70.449,0.497,69.640,8.860,5.900,-0.197,0.140,0.960,-0.286,0.406,-0.190,0.000,0.000,0.000,0.000,0,NULL,NULL,,1,0,2,7,255,,250,0,0
stim,368,368,0,3406836.816,0.963,-0.136,-0.153,-0.173,54,62,85,45,23,0,69,45,0,0.000,0,0,64.896,0.323,64.280,8.120,3.700,-0.210,0.101,0.976,-0.252,0.202,-0.104,0.000,0.000,0.000,0.000,0,NULL,NULL,,1,0,2,7,255,,250,0,0
stim,384,384,0,3406841.816,0.963,-0.138,-0.153,-0.173,53,61,83,61,22,0,47,43,0,0.000,0,0,47.825,0.359,46.940,7.760,4.860,-0.275,0.011,0.995,-0.252,-0.256,0.028,0.000,0.000,0.000,0.000,0,NULL,NULL,,1,0,2,7,255,,250,0,0
stim,384,384,0,3406846.816,0.963,-0.139,-0.154,-0.172,58,91,53,41,37,0,41,16,0,0.000,0,0,23.023,0.483,20.640,10.200,-0.080,-0.245,0.120,1.024,-0.398,-0.274,0.214,0.000,0.000,0.000,0.000,0,NULL,NULL,,1,0,2,7,255,,250,0,0
stim,384,384,0,3406851.816,0.963,-0.139,-0.155,-0.172,81,91,55,61,36,0,39,22,0,0.000,0,0,20.418,0.543,10.800,14.180,-9.960,-0.237,0.106,1.016,-0.398,-0.370,0.462,0.000,0.000,0.000,0.000,0,NULL,NULL,,1,0,2,7,255,,250,0,0
stim,384,384,0,3406856.816,0.963,-0.140,-0.156,-0.172,51,67,79,39,37,0,69,15,0,0.000,0,0,22.911,0.409,13.620,17.460,-5.880,-0.211,0.115,0.984,-0.304,-0.274,0.462,0.000,0.000,0.000,0.000,0,NULL,NULL,,1,0,2,7,255,,250,0,0
stim,384,384,0,3406861.816,0.962,-0.140,-0.157,-0.172,82,93,55,48,7,0,39,24,0,0.000,0,0,33.407,0.398,26.380,20.160,3.700,-0.206,0.067,1.000,-0.146,-0.370,0.202,0.000,0.000,0.000,0.000,0,NULL,NULL,,1,0,2,7,255,,250,0,0
stim,384,384,0,3406866.816,0.962,-0.142,-0.158,-0.172,83,93,52,69,14,0,37,41,0,0.000,0,0,42.545,0.206,34.920,24.120,2.980,-0.213,0.151,1.048,-0.088,-0.186,0.202,0.000,0.000,0.000,0.000,0,NULL,NULL,,1,0,2,7,255,,250,0,0
stim,400,400,0,3406871.816,0.962,-0.142,-0.159,-0.171,77,91,55,41,38,0,40,14,0,0.000,0,0,30.939,0.140,21.180,22.360,-2.940,-0.160,0.158,0.932,0.122,0.068,0.202,0.000,0.000,0.000,0.000,0,NULL,NULL,,1,0,2,7,255,,250,0,0
stim,400,400,0,3406876.816,0.962,-0.143,-0.160,-0.172,83,84,57,67,19,0,39,42,0,0.000,0,0,27.332,0.368,18.680,18.260,8.040,-0.150,0.147,0.832,0.040,0.366,-0.414,0.000,0.000,0.000,0.000,0,NULL,NULL,,1,0,2,7,255,,250,0,0
stim,415,415,0,3406881.816,0.961,-0.144,-0.161,-0.172,79,89,55,42,39,1,40,16,0,0.000,0,0,30.685,0.368,23.620,15.080,12.500,-0.203,0.126,0.811,0.040,0.366,-1.402,0.000,0.000,0.000,0.000,0,NULL,NULL,,1,0,2,7,255,,250,0,0
stim,415,415,0,3406886.816,0.961,-0.145,-0.162,-0.172,59,89,55,41,41,0,57,16,0,0.000,0,0,30.693,0.395,25.280,14.960,8.900,-0.221,0.124,0.835,-0.394,-0.024,-1.402,0.000,0.000,0.000,0.000,0,NULL,NULL,,1,0,2,7,255,,250,0,0
stim,416,416,0,3406891.816,0.961,-0.146,-0.163,-0.172,77,90,52,41,33,0,55,12,0,0.000,0,0,26.379,0.418,21.560,15.200,0.040,-0.218,0.126,0.895,-0.394,-0.140,-1.264,0.000,0.000,0.000,0.000,0,NULL,NULL,,1,0,2,7,255,,250,0,0
stim,416,416,0,3406896.816,0.960,-0.146,-0.163,-0.172,49,69,79,39,36,0,62,15,0,0.000,0,0,20.731,0.335,14.900,13.680,-4.540,-0.213,0.113,0.954,-0.296,-0.156,-0.696,0.000,0.000,0.000,0.000,0,NULL,NULL,,1,0,2,7,255,,250,0,0
stim,432,432,0,3406901.816,0.960,-0.146,-0.164,-0.171,83,91,55,67,18,0,39,41,0,0.000,0,0,15.800,0.299,6.160,12.100,-8.080,-0.199,0.094,0.964,-0.052,-0.294,-0.162,0.000,0.000,0.000,0.000,0,NULL,NULL,,1,0,2,7,255,,250,0,0
stim,432,432,0,3406906.816,0.961,-0.146,-0.164,-0.171,55,69,77,38,36,0,67,13,0,0.000,0,0,17.850,0.454,-4.020,11.860,-12.720,-0.184,0.079,0.931,0.172,-0.420,-0.162,0.000,0.000,0.000,0.000,0,NULL,NULL,,1,0,2,7,255,,250,0,0
stim,470,470,0,3406911.816,0.961,-0.145,-0.165,-0.170,82,89,55,68,19,0,40,23,0,0.000,0,0,20.052,0.518,-10.240,12.100,-12.280,-0.188,0.065,0.894,0.210,-0.474,-0.486,0.000,0.000,0.000,0.000,0,NULL,NULL,,1,0,2,7,255,,250,0,0
stim,472,472,0,3406916.816,0.961,-0.144,-0.165,-0.170,59,91,53,41,37,0,55,13,0,0.000,0,0,18.338,0.518,-11.340,11.060,-9.240,-0.194,0.083,0.884,0.210,-0.474,-0.850,0.000,0.000,0.000,0.000,0,NULL,NULL,,1,0,2,7,255,,250,0,0
stim,473,473,0,3406921.818,0.961,-0.144,-0.165,-0.170,53,61,83,59,18,0,63,43,0,0.000,0,0,15.343,0.426,-10.860,8.440,-6.800,-0.202,0.105,0.884,0.082,-0.418,-0.858,0.000,0.000,0.000,0.000,0,NULL,NULL,,1,0,2,7,255,,250,0,0
stim,473,473,0,3406926.816,0.961,-0.143,-0.165,-0.170,56,67,84,63,22,0,69,45,0,0.000,0,0,10.491,0.234,-8.720,5.260,-2.520,-0.197,0.123,0.877,-0.060,-0.226,-0.906,0.000,0.000,0.000,0.000,0,NULL,NULL,,1,0,2,7,255,,250,0,0
stim,473,473,0,3406931.816,0.961,-0.143,-0.165,-0.170,77,69,55,67,12,0,36,41,0,0.000,0,0,6.546,0.080,-4.580,2.520,3.940,-0.187,0.136,0.865,-0.072,-0.036,-0.912,0.000,0.000,0.000,0.000,0,NULL,NULL,,1,0,2,7,255,,250,0,0
stim,473,473,0,3406936.816,0.961,-0.143,-0.166,-0.170,83,71,78,69,19,0,43,43,0,0.000,0,0,8.442,0.153,-1.220,-0.480,8.340,-0.188,0.135,0.854,-0.092,0.122,-1.030,0.000,0.000,0.000,0.000,0,NULL,NULL,,1,0,2,7,255,,250,0,0
stim,473,473,0,3406941.816,0.961,-0.143,-0.165,-0.171,52,59,83,59,18,0,69,43,0,0.000,0,0,10.224,0.163,0.000,-3.780,9.500,-0.192,0.128,0.854,-0.108,0.122,-1.126,0.000,0.000,0.000,0.000,0,NULL,NULL,,1,0,2,7,255,,250,0,0
stim,473,473,0,3406946.816,0.961,-0.143,-0.165,-0.171,74,62,85,61,20,0,47,44,0,0.000,0,0,8.376,0.132,-0.920,-6.580,5.100,-0.180,0.127,0.854,-0.108,0.076,-1.128,0.000,0.000,0.000,0.000,0,NULL,NULL,,1,0,2,7,255,,250,0,0
stim,473,473,0,3406951.816,0.961,-0.143,-0.165,-0.171,53,62,83,61,19,0,63,43,0,0.000,0,0,10.377,0.126,-6.780,-7.800,-0.940,-0.208,0.105,0.871,-0.120,0.040,-1.128,0.000,0.000,0.000,0.000,0,NULL,NULL,,1,0,2,7,255,,250,0,0
stim,473,473,0,3406956.816,0.961,-0.142,-0.164,-0.171,55,63,79,69,16,0,61,43,0,0.000,0,0,17.322,0.113,-14.640,-7.200,-5.820,-0.203,0.120,0.923,-0.048,-0.102,-0.970,0.000,0.000,0.000,0.000,0,NULL,NULL,,1,0,2,7,255,,250,0,0
stim,496,496,0,3406961.816,0.961,-0.142,-0.164,-0.170,79,89,51,43,29,0,35,13,0,0.000,0,0,23.714,0.165,-20.140,-7.740,-9.840,-0.188,0.133,0.854,-0.130,-0.102,-0.970,0.000,0.000,0.000,0.000,0,NULL,NULL,,1,0,2,7,255,,250,0,0
stim,496,496,0,3406966.816,0.962,-0.141,-0.163,-0.170,81,89,57,69,20,0,39,42,0,0.000,0,0,23.178,0.133,-19.400,-10.300,-7.400,-0.172,0.130,0.894,-0.048,0.124,-0.794,0.000,0.000,0.000,0.000,0,NULL,NULL,,1,0,2,7,255,,250,0,0
stim,496,496,0,3406971.816,0.962,-0.140,-0.163,-0.170,82,93,51,61,31,0,37,22,0,0.000,0,0,17.803,0.158,-13.000,-11.400,-4.240,-0.193,0.128,0.892,-0.098,0.124,-0.794,0.000,0.000,0.000,0.000,0,NULL,NULL,,1,0,2,7,255,,250,0,0
stim,496,496,0,3406976.817,0.962,-0.140,-0.162,-0.170,83,92,53,47,36,0,39,23,0,0.000,0,0,13.257,0.140,-5.980,-11.760,-1.300,-0.204,0.137,0.906,-0.098,0.100,-0.768,0.000,0.000,0.000,0.000,0,NULL,NULL,,1,0,2,7,255,,250,0,0
stim,512,512,0,3406981.816,0.962,-0.140,-0.162,-0.170,79,92,51,43,33,0,38,17,0,0.000,0,0,12.204,0.190,0.620,-12.140,1.080,-0.184,0.168,0.894,-0.162,0.100,-0.716,0.000,0.000,0.000,0.000,0,NULL,NULL,,1,0,2,7,255,,250,0,0
stim,512,512,0,3406986.816,0.962,-0.141,-0.161,-0.170,51,61,83,57,20,0,67,35,0,0.000,0,0,17.785,0.495,8.800,-13.840,6.880,-0.184,0.186,0.882,-0.202,0.452,-0.716,0.000,0.000,0.000,0.000,0,NULL,NULL,,1,0,2,7,255,,250,0,0
stim,528,528,0,3406991.816,0.962,-0.142,-0.161,-0.171,77,88,53,43,39,2,41,16,0,0.000,0,0,26.777,0.625,18.440,-15.120,12.180,-0.196,0.189,0.895,-0.256,0.570,-0.716,0.000,0.000,0.000,0.000,0,NULL,NULL,,1,0,2,7,255,,250,0,0
stim,528,528,0,3406996.816,0.961,-0.143,-0.160,-0.171,55,52,83,59,19,0,63,40,0,0.000,0,0,31.889,0.671,24.840,-15.560,12.560,-0.215,0.179,0.949,-0.354,0.570,-0.652,0.000,0.000,0.000,0.000,0,NULL,NULL,,1,0,2,7,255,,250,0,0
stim,528,528,0,3407001.816,0.961,-0.144,-0.160,-0.172,79,89,54,59,38,1,39,17,0,0.000,0,0,29.500,0.507,23.440,-15.440,9.080,-0.238,0.162,0.999,-0.372,0.344,-0.112,0.000,0.000,0.000,0.000,0,NULL,NULL,,1,0,2,7,255,,250,0,0
stim,528,528,0,3407006.816,0.961,-0.145,-0.159,-0.172,50,69,77,37,39,0,62,17,0,0.000,0,0,22.341,0.418,15.620,-15.360,4.380,-0.213,0.168,0.989,-0.372,0.190,0.250,0.000,0.000,0.000,0.000,0,NULL,NULL,,1,0,2,7,255,,250,0,0
stim,561,561,0,3407011.816,0.961,-0.146,-0.159,-0.172,52,63,79,43,18,0,63,41,0,0.000,0,0,20.167,0.271,11.720,-15.800,4.440,-0.197,0.154,0.954,-0.240,0.126,0.250,0.000,0.000,0.000,0.000,0,NULL,NULL,,1,0,2,7,255,,250,0,0
stim,561,561,0,3407016.816,0.961,-0.147,-0.158,-0.172,51,69,77,39,37,0,62,17,0,0.000,0,0,23.815,0.210,14.400,-16.520,9.320,-0.190,0.156,0.938,-0.138,0.158,-0.134,0.000,0.000,0.000,0.000,0,NULL,NULL,,1,0,2,7,255,,250,0,0
stim,562,562,0,3407021.818,0.961,-0.148,-0.158,-0.173,53,62,83,61,13,0,45,44,0,0.000,0,0,28.061,0.187,17.700,-16.660,14.020,-0.198,0.158,0.944,-0.138,0.126,-0.220,0.000,0.000,0.000,0.000,0,NULL,NULL,,1,0,2,7,255,,250,0,0
stim,562,562,0,3407026.816,0.961,-0.149,-0.157,-0.174,83,89,77,69,16,0,37,41,0,0.000,0,0,32.336,0.252,21.000,-16.900,17.860,-0.187,0.190,0.940,-0.196,0.158,-0.236,0.000,0.000,0.000,0.000,0,NULL,NULL,,1,0,2,7,255,,250,0,0
stim,563,563,0,3407031.816,0.960,-0.150,-0.157,-0.175,78,89,54,42,41,0,57,13,0,0.000,0,0,41.503,0.480,28.380,-16.520,25.380,-0.179,0.221,0.971,-0.196,0.438,-0.220,0.000,0.000,0.000,0.000,0,NULL,NULL,,1,0,2,7,255,,250,0,0
stim,563,563,0,3407036.816,0.960,-0.152,-0.156,-0.176,83,92,55,67,19,0,41,41,0,0.000,0,0,49.106,0.565,36.380,-16.220,28.720,-0.251,0.234,0.944,-0.220,0.520,-0.014,0.000,0.000,0.000,0.000,0,NULL,NULL,,1,0,2,7,255,,250,0,0
stim,576,576,0,3407041.816,0.959,-0.154,-0.156,-0.177,75,88,55,37,35,0,58,12,0,0.000,0,0,56.415,0.802,43.880,-19.460,29.640,-0.228,0.236,1.006,-0.606,0.526,0.096,0.000,0.000,0.000,0.000,0,NULL,NULL,,1,0,2,7,255,,250,0,0
stim,576,576,0,3407046.816,0.959,-0.156,-0.156,-0.178,57,91,53,41,37,0,57,14,0,0.000,0,0,59.545,0.802,49.620,-18.180,27.440,-0.206,0.239,0.975,-0.606,0.526,0.216,0.000,0.000,0.000,0.000,0,NULL,NULL,,1,0,2,7,255,,250,0,0
stim,595,595,0,3407051.816,0.958,-0.159,-0.155,-0.179,51,85,59,41,37,0,37,13,0,0.000,0,0,59.997,0.722,51.820,-17.940,24.340,-0.210,0.216,0.974,-0.494,0.526,0.216,0.000,0.000,0.000,0.000,0,NULL,NULL,,1,0,2,7,255,,250,0,0
stim,595,595,0,3407056.816,0.958,-0.161,-0.155,-0.179,50,68,83,39,21,0,63,37,0,0.000,0,0,53.960,0.566,47.560,-17.620,18.420,-0.228,0.175,0.997,-0.458,0.332,0.216,0.000,0.000,0.000,0.000,0,NULL,NULL,,1,0,2,7,255,,250,0,0
stim,595,595,0,3407061.816,0.958,-0.163,-0.155,-0.180,47,57,84,39,22,0,69,37,0,0.000,0,0,45.028,0.448,40.600,-15.240,12.120,-0.198,0.152,1.013,-0.414,-0.170,0.358,0.000,0.000,0.000,0.000,0,NULL,NULL,,1,0,2,7,255,,250,0,0
stim,595,595,0,3407066.816,0.957,-0.164,-0.154,-0.180,53,85,55,39,40,0,59,13,0,0.000,0,0,36.583,0.321,33.460,-13.060,6.940,-0.179,0.134,0.992,-0.042,-0.318,0.358,0.000,0.000,0.000,0.000,0,NULL,NULL,,1,0,2,7,255,,250,0,0
stim,595,595,0,3407071.817,0.957,-0.166,-0.154,-0.180,55,61,79,68,17,0,41,42,0,0.000,0,0,28.743,0.443,26.060,-11.160,4.740,-0.176,0.126,0.978,0.148,-0.418,0.154,0.000,0.000,0.000,0.000,0,NULL,NULL,,1,0,2,7,255,,250,0,0
stim,595,595,0,3407076.816,0.957,-0.166,-0.154,-0.180,55,67,85,63,20,0,69,45,0,0.000,0,0,20.571,0.443,19.040,-7.440,2.300,-0.168,0.150,0.958,0.148,-0.418,-0.004,0.000,0.000,0.000,0.000,0,NULL,NULL,,1,0,2,7,255,,250,0,0
stim,608,608,0,3407081.816,0.957,-0.167,-0.154,-0.180,81,91,53,68,19,0,39,41,0,0.000,0,0,14.684,0.261,13.860,-4.620,-1.480,-0.173,0.190,0.930,0.106,-0.238,-0.160,0.000,0.000,0.000,0.000,0,NULL,NULL,,1,0,2,7,255,,250,0,0
stim,608,608,0,3407086.816,0.957,-0.168,-0.154,-0.180,56,69,76,37,37,0,63,16,0,0.000,0,0,12.048,0.184,11.420,-1.820,-3.380,-0.156,0.229,0.901,-0.138,0.122,-0.348,0.000,0.000,0.000,0.000,0,NULL,NULL,,1,0,2,7,255,,250,0,0
stim,629,629,0,3407091.816,0.957,-0.168,-0.154,-0.179,53,61,79,70,20,0,41,43,0,0.000,0,0,14.652,0.583,13.380,-1.340,-5.820,-0.170,0.238,0.854,-0.180,0.554,-0.578,0.000,0.000,0.000,0.000,0,NULL,NULL,,1,0,2,7,255,,250,0,0
stim,629,629,0,3407096.816,0.957,-0.169,-0.154,-0.179,78,90,53,61,39,1,40,21,0,0.000,0,0,15.206,0.689,11.120,-2.360,-10.100,-0.179,0.223,0.876,-0.410,0.554,-0.786,0.000,0.000,0.000,0.000,0,NULL,NULL,,1,0,2,7,255,,250,0,0
stim,629,629,0,3407101.816,0.957,-0.169,-0.154,-0.178,57,72,75,37,39,0,63,14,0,0.000,0,0,18.774,0.590,5.740,-4.260,-17.360,-0.166,0.222,0.912,-0.410,0.424,-0.786,0.000,0.000,0.000,0.000,0,NULL,NULL,,1,0,2,7,255,,250,0,0
stim,629,629,0,3407106.816,0.957,-0.169,-0.154,-0.177,84,85,53,69,17,0,37,24,0,0.000,0,0,26.759,0.464,-2.000,-5.060,-26.200,-0.167,0.189,0.956,-0.202,0.418,-0.474,0.000,0.000,0.000,0.000,0,NULL,NULL,,1,0,2,7,255,,250,0,0
stim,658,658,0,3407111.816,0.958,-0.169,-0.153,-0.176,82,91,55,68,20,0,39,25,0,0.000,0,0,34.079,0.082,-7.920,-5.540,-32.680,-0.139,0.154,0.982,-0.004,0.082,-0.116,0.000,0.000,0.000,0.000,0,NULL,NULL,,1,0,2,7,255,,250,0,0
stim,658,658,0,3407116.816,0.958,-0.168,-0.153,-0.174,57,71,83,38,39,0,63,31,0,0.000,0,0,37.245,0.448,-11.900,-6.220,-34.740,-0.111,0.112,0.997,0.420,-0.156,0.026,0.000,0.000,0.000,0.000,0,NULL,NULL,,1,0,2,7,255,,250,0,0
stim,658,658,0,3407121.818,0.959,-0.167,-0.152,-0.173,79,92,55,67,20,0,41,24,0,0.000,0,0,37.685,0.937,-16.300,-5.180,-33.580,-0.093,0.093,1.021,0.832,-0.430,0.040,0.000,0.000,0.000,0.000,0,NULL,NULL,,1,0,2,7,255,,250,0,0
stim,658,658,0,3407126.816,0.959,-0.166,-0.152,-0.172,77,90,53,43,37,0,40,14,0,0.000,0,0,34.251,1.181,-19.580,-2.620,-27.980,-0.072,0.113,1.020,1.100,-0.430,0.202,0.000,0.000,0.000,0.000,0,NULL,NULL,,1,0,2,7,255,,250,0,0
stim,658,658,0,3407131.816,0.959,-0.166,-0.151,-0.171,73,61,58,68,19,0,39,43,0,0.000,0,0,22.083,1.133,-15.320,-1.640,-15.820,-0.108,0.136,1.013,1.100,-0.270,0.208,0.000,0.000,0.000,0.000,0,NULL,NULL,,1,0,2,7,255,,250,0,0
stim,658,658,0,3407136.816,0.959,-0.165,-0.151,-0.171,84,88,59,71,19,0,41,43,0,0.000,0,0,8.491,0.806,-6.100,-2.800,-5.200,-0.155,0.173,1.016,0.788,-0.170,0.234,0.000,0.000,0.000,0.000,0,NULL,NULL,,1,0,2,7,255,,250,0,0
stim,693,693,0,3407141.816,0.959,-0.166,-0.151,-0.171,71,61,55,68,13,0,35,41,0,0.000,0,0,5.747,0.246,2.560,-4.940,1.440,-0.184,0.214,1.021,0.246,0.000,0.406,0.000,0.000,0.000,0.000,0,NULL,NULL,,1,0,2,7,255,,250,0,0
stim,693,693,0,3407146.816,0.959,-0.166,-0.151,-0.171,83,89,57,68,20,0,39,43,0,0.000,0,0,16.824,0.288,12.640,-7.260,8.400,-0.185,0.228,1.013,-0.140,0.252,0.526,0.000,0.000,0.000,0.000,0,NULL,NULL,,1,0,2,7,255,,250,0,0
stim,693,693,0,3407151.816,0.959,-0.167,-0.151,-0.172,84,93,52,67,37,1,39,23,0,0.000,0,0,27.595,0.416,21.980,-9.580,13.660,-0.180,0.229,1.008,-0.190,0.370,0.526,0.000,0.000,0.000,0.000,0,NULL,NULL,,1,0,2,7,255,,250,0,0
stim,693,693,0,3407156.816,0.959,-0.169,-0.150,-0.172,55,67,83,68,17,0,63,43,0,0.000,0,0,31.812,0.426,26.800,-10.980,13.160,-0.189,0.211,1.007,-0.212,0.370,0.480,0.000,0.000,0.000,0.000,0,NULL,NULL,,1,0,2,7,255,,250,0,0
stim,693,693,0,3407161.816,0.958,-0.170,-0.150,-0.173,75,88,53,41,31,0,55,13,0,0.000,0,0,34.102,0.264,27.900,-11.960,15.540,-0.220,0.186,1.023,-0.212,0.158,0.480,0.000,0.000,0.000,0.000,0,NULL,NULL,,1,0,2,7,255,,250,0,0
stim,693,693,0,3407166.816,0.958,-0.171,-0.150,-0.174,83,87,55,69,12,0,37,41,0,0.000,0,0,34.607,0.372,26.740,-13.120,17.620,-0.225,0.155,1.036,-0.288,-0.236,0.610,0.000,0.000,0.000,0.000,0,NULL,NULL,,1,0,2,7,255,,250,0,0
stim,705,705,0,3407171.816,0.958,-0.172,-0.149,-0.174,47,60,76,37,40,0,68,16,0,0.000,0,0,35.232,0.637,25.280,-14.220,20.000,-0.216,0.133,1.022,-0.288,-0.568,0.610,0.000,0.000,0.000,0.000,0,NULL,NULL,,1,0,2,7,255,,250,0,0
stim,705,705,0,3407176.817,0.958,-0.173,-0.149,-0.175,82,85,53,43,37,0,39,20,0,0.000,0,0,36.263,0.713,22.640,-15.300,23.840,-0.201,0.137,1.026,-0.170,-0.692,0.504,0.000,0.000,0.000,0.000,0,NULL,NULL,,1,0,2,7,255,,250,0,0
stim,705,705,0,3407181.816,0.957,-0.174,-0.148,-0.176,53,68,83,42,39,0,67,39,0,0.000,0,0,35.998,0.693,18.500,-15.920,26.460,-0.193,0.153,1.030,-0.044,-0.692,0.504,0.000,0.000,0.000,0.000,0,NULL,NULL,,1,0,2,7,255,,250,0,0
stim,705,705,0,3407186.816,0.957,-0.175,-0.148,-0.178,51,85,59,39,41,0,68,17,0,0.000,0,0,35.707,0.610,13.980,-18.780,26.960,-0.212,0.151,0.991,-0.044,-0.608,0.504,0.000,0.000,0.000,0.000,0,NULL,NULL,,1,0,2,7,255,,250,0,0
stim,726,726,0,3407191.816,0.957,-0.176,-0.147,-0.179,75,89,50,40,30,0,51,10,0,0.000,0,0,36.839,0.601,8.680,-24.760,25.860,-0.197,0.165,0.973,-0.256,-0.544,0.212,0.000,0.000,0.000,0.000,0,NULL,NULL,,1,0,2,7,255,,250,0,0
stim,726,726,0,3407196.816,0.957,-0.176,-0.146,-0.180,84,92,56,63,13,0,36,42,0,0.000,0,0,35.470,0.497,5.500,-26.660,22.740,-0.157,0.185,0.966,-0.256,-0.426,0.048,0.000,0.000,0.000,0.000,0,NULL,NULL,,1,0,2,7,255,,250,0,0
stim,727,727,0,3407201.816,0.957,-0.176,-0.145,-0.180,83,91,51,68,31,0,39,21,0,0.000,0,0,28.979,0.100,-0.240,-25.260,14.200,-0.135,0.207,0.985,-0.004,-0.100,0.048,0.000,0.000,0.000,0.000,0,NULL,NULL,,1,0,2,7,255,,250,0,0
stim,727,727,0,3407206.816,0.957,-0.176,-0.144,-0.180,33,63,77,39,41,0,69,17,0,0.000,0,0,24.723,0.147,-9.880,-22.640,1.020,-0.150,0.194,1.031,0.118,-0.088,0.154,0.000,0.000,0.000,0.000,0,NULL,NULL,,1,0,2,7,255,,250,0,0
stim,768,768,0,3407211.816,0.957,-0.175,-0.143,-0.180,73,61,75,67,11,0,37,43,0,0.000,0,0,28.868,0.159,-19.580,-18.420,-10.520,-0.149,0.178,1.063,0.132,-0.088,0.586,0.000,0.000,0.000,0.000,0,NULL,NULL,,1,0,2,7,255,,250,0,0
stim,768,768,0,3407216.816,0.958,-0.174,-0.142,-0.179,83,89,75,69,13,0,37,42,0,0.000,0,0,36.048,0.341,-28.260,-13.900,-17.540,-0.149,0.163,1.077,0.226,-0.256,0.856,0.000,0.000,0.000,0.000,0,NULL,NULL,,1,0,2,7,255,,250,0,0
stim,768,768,0,3407221.818,0.958,-0.173,-0.141,-0.178,75,91,51,39,35,0,55,11,0,0.000,0,0,44.889,0.450,-36.260,-10.000,-24.500,-0.155,0.152,1.074,0.238,-0.382,0.920,0.000,0.000,0.000,0.000,0,NULL,NULL,,1,0,2,7,255,,250,0,0
stim,768,768,0,3407226.816,0.959,-0.171,-0.141,-0.177,75,67,81,71,13,0,43,44,0,0.000,0,0,54.925,0.450,-44.300,-6.460,-31.820,-0.155,0.156,1.044,0.238,-0.382,0.920,0.000,0.000,0.000,0.000,0,NULL,NULL,,1,0,2,7,255,,250,0,0
stim,768,768,0,3407231.816,0.960,-0.169,-0.140,-0.176,73,62,53,63,11,0,35,41,0,0.000,0,0,64.128,0.383,-50.220,-3.780,-39.700,-0.154,0.152,1.008,0.152,-0.352,0.646,0.000,0.000,0.000,0.000,0,NULL,NULL,,1,0,2,7,255,,250,0,0
stim,768,768,0,3407236.816,0.961,-0.166,-0.139,-0.174,77,89,52,60,35,0,39,17,0,0.000,0,0,71.326,0.311,-54.260,-1.200,-46.280,-0.156,0.150,0.991,0.082,-0.300,0.296,0.000,0.000,0.000,0.000,0,NULL,NULL,,1,0,2,7,255,,250,0,0
stim,784,784,0,3407241.816,0.961,-0.164,-0.139,-0.172,51,61,83,61,17,0,45,43,0,0.000,0,0,79.156,0.306,-58.280,1.600,-53.540,-0.156,0.131,0.985,0.060,-0.300,0.134,0.000,0.000,0.000,0.000,0,NULL,NULL,,1,0,2,7,255,,250,0,0
stim,784,784,0,3407246.816,0.962,-0.161,-0.139,-0.169,82,88,59,69,19,0,41,43,0,0.000,0,0,88.970,0.365,-63.960,4.780,-61.660,-0.138,0.110,0.991,0.060,-0.360,0.052,0.000,0.000,0.000,0.000,0,NULL,NULL,,1,0,2,7,255,,250,0,0
stim,784,784,0,3407251.816,0.963,-0.158,-0.139,-0.167,53,61,81,59,16,0,43,44,0,0.000,0,0,98.259,0.465,-70.180,10.140,-68.020,-0.117,0.104,1.008,0.290,-0.364,0.052,0.000,0.000,0.000,0.000,0,NULL,NULL,,1,0,2,7,255,,250,0,0
stim,784,784,0,3407256.816,0.964,-0.154,-0.139,-0.164,53,61,83,41,18,0,63,37,0,0.000,0,0,108.077,0.678,-77.700,17.400,-73.080,-0.121,0.091,1.023,0.524,-0.430,0.172,0.000,0.000,0.000,0.000,0,NULL,NULL,,1,0,2,7,255,,250,0,0
stim,800,800,0,3407261.816,0.966,-0.150,-0.139,-0.161,73,61,57,63,12,0,37,41,0,0.000,0,0,120.488,0.694,-87.880,22.280,-79.360,-0.115,0.081,1.023,0.554,-0.418,0.290,0.000,0.000,0.000,0.000,0,NULL,NULL,,1,0,2,7,255,,250,0,0
stim,800,800,0,3407266.816,0.967,-0.146,-0.139,-0.157,79,71,76,63,12,0,37,42,0,0.000,0,0,130.203,0.764,-97.280,25.820,-82.600,-0.096,0.071,1.006,0.640,-0.418,0.290,0.000,0.000,0.000,0.000,0,NULL,NULL,,1,0,2,7,255,,250,0,0
stim,800,800,0,3407271.816,0.968,-0.141,-0.140,-0.154,53,69,77,37,40,0,67,17,0,0.000,0,0,133.767,0.867,-102.660,30.160,-80.280,-0.088,0.060,0.979,0.800,-0.334,0.086,0.000,0.000,0.000,0.000,0,NULL,NULL,,1,0,2,7,255,,250,0,0
stim,800,800,0,3407276.816,0.969,-0.136,-0.140,-0.151,73,63,81,69,16,0,43,43,0,0.000,0,0,129.410,0.908,-101.440,31.740,-73.820,-0.065,0.052,0.924,0.858,-0.298,-0.202,0.000,0.000,0.000,0.000,0,NULL,NULL,,1,0,2,7,255,,250,0,0
stim,816,816,0,3407281.816,0.970,-0.132,-0.141,-0.149,77,67,55,63,11,0,35,41,0,0.000,0,0,119.811,0.893,-97.340,29.240,-63.440,-0.069,0.050,0.881,0.876,-0.174,-0.764,0.000,0.000,0.000,0.000,0,NULL,NULL,,1,0,2,7,255,,250,0,0
stim,816,816,0,3407286.816,0.971,-0.128,-0.141,-0.147,73,61,83,60,19,0,45,43,0,0.000,0,0,108.513,0.893,-91.600,28.460,-50.740,-0.077,0.018,0.865,0.876,-0.174,-1.172,0.000,0.000,0.000,0.000,0,NULL,NULL,,1,0,2,7,255,,250,0,0
stim,816,816,0,3407291.816,0.971,-0.124,-0.142,-0.146,77,89,53,42,39,0,57,13,0,0.000,0,0,95.030,0.932,-85.140,28.280,-31.340,-0.117,-0.013,0.881,0.868,-0.340,-1.172,0.000,0.000,0.000,0.000,0,NULL,NULL,,1,0,2,7,255,,250,0,0
stim,816,816,0,3407296.816,0.972,-0.120,-0.142,-0.146,81,88,52,63,19,0,37,25,0,0.000,0,0,74.134,0.919,-70.920,21.500,-1.980,-0.135,-0.014,0.884,0.616,-0.682,-1.146,0.000,0.000,0.000,0.000,0,NULL,NULL,,1,0,2,7,255,,250,0,0
stim,832,832,0,3407301.816,0.972,-0.118,-0.143,-0.147,59,91,52,41,39,0,40,12,0,0.000,0,0,63.176,0.833,-50.780,15.140,34.400,-0.135,-0.016,0.887,0.478,-0.682,-1.080,0.000,0.000,0.000,0.000,0,NULL,NULL,,1,0,2,7,255,,250,0,0
stim,832,832,0,3407306.816,0.971,-0.117,-0.143,-0.150,83,91,55,63,36,0,40,25,0,0.000,0,0,79.758,0.821,-37.220,10.200,69.800,-0.142,0.032,0.965,0.466,-0.676,-1.054,0.000,0.000,0.000,0.000,0,NULL,NULL,,1,0,2,7,255,,250,0,0
stim,864,864,0,3407311.816,0.971,-0.116,-0.143,-0.155,77,63,56,62,11,0,33,40,0,0.000,0,0,106.972,0.486,-30.700,5.200,102.340,-0.152,0.064,1.021,0.420,-0.244,-0.254,0.000,0.000,0.000,0.000,0,NULL,NULL,,1,0,2,7,255,,250,0,0
stim,864,864,0,3407316.816,0.970,-0.115,-0.144,-0.160,48,69,76,37,35,0,63,16,0,0.000,0,0,132.735,0.421,-25.620,-2.240,130.220,-0.128,0.087,1.000,0.420,0.026,0.108,0.000,0.000,0.000,0.000,0,NULL,NULL,,1,0,2,7,255,,250,0,0
stim,864,864,0,3407321.818,0.969,-0.114,-0.144,-0.167,54,61,79,61,11,0,42,43,0,0.000,0,0,152.072,0.533,-17.880,-9.140,150.740,-0.083,0.101,0.958,0.420,0.328,0.108,0.000,0.000,0.000,0.000,0,NULL,NULL,,1,0,2,7,255,,250,0,0
stim,864,864,0,3407326.816,0.968,-0.115,-0.143,-0.174,82,89,56,69,17,0,37,24,0,0.000,0,0,160.449,0.910,-5.980,-13.360,159.780,-0.020,0.130,0.902,0.684,0.600,-0.368,0.000,0.000,0.000,0.000,0,NULL,NULL,,1,0,2,7,255,,250,0,0
stim,880,880,0,3407331.816,0.966,-0.115,-0.143,-0.180,51,61,82,62,18,0,45,43,0,0.000,0,0,147.056,1.494,10.500,-19.640,145.360,0.041,0.115,0.869,1.028,1.084,-0.986,0.000,0.000,0.000,0.000,0,NULL,NULL,,1,0,2,7,255,,250,0,0
stim,880,880,0,3407336.816,0.965,-0.117,-0.142,-0.185,83,88,57,69,19,0,39,42,0,0.000,0,0,118.863,1.713,24.840,-26.660,113.140,-0.003,0.072,0.895,1.326,1.084,-1.120,0.000,0.000,0.000,0.000,0,NULL,NULL,,1,0,2,7,255,,250,0,0
stim,880,880,0,3407341.816,0.965,-0.119,-0.142,-0.188,73,62,55,63,12,0,37,42,0,0.000,0,0,92.288,1.442,33.260,-30.080,80.660,-0.090,0.072,0.949,1.326,0.566,-1.120,0.000,0.000,0.000,0.000,0,NULL,NULL,,1,0,2,7,255,,250,0,0
stim,880,880,0,3407346.816,0.964,-0.121,-0.141,-0.191,79,69,83,69,18,0,45,43,0,0.000,0,0,81.484,0.674,39.980,-31.240,63.760,-0.151,0.109,1.023,0.636,0.224,-0.458,0.000,0.000,0.000,0.000,0,NULL,NULL,,1,0,2,7,255,,250,0,0
stim,880,880,0,3407351.816,0.963,-0.123,-0.140,-0.193,83,88,55,69,12,0,37,43,0,0.000,0,0,74.635,0.237,44.140,-29.460,52.480,-0.140,0.181,1.090,0.078,0.224,0.392,0.000,0.000,0.000,0.000,0,NULL,NULL,,1,0,2,7,255,,250,0,0
stim,880,880,0,3407356.816,0.963,-0.125,-0.140,-0.195,59,89,55,43,39,0,41,16,0,0.000,0,0,62.938,0.844,44.920,-24.840,36.420,-0.164,0.199,1.110,0.018,0.844,1.088,0.000,0.000,0.000,0.000,0,NULL,NULL,,1,0,2,7,255,,250,0,0
stim,896,896,0,3407361.816,0.962,-0.127,-0.139,-0.196,55,61,83,45,23,0,69,44,0,0.000,0,0,52.847,0.877,42.980,-17.820,25.060,-0.204,0.190,1.109,-0.240,0.844,1.342,0.000,0.000,0.000,0.000,0,NULL,NULL,,1,0,2,7,255,,250,0,0
stim,896,896,0,3407366.816,0.962,-0.129,-0.139,-0.196,55,87,78,39,40,1,67,18,0,0.000,0,0,46.477,0.793,42.720,-9.580,15.600,-0.217,0.169,1.106,-0.558,0.564,1.356,0.000,0.000,0.000,0.000,0,NULL,NULL,,1,0,2,7,255,,250,0,0
stim,896,896,0,3407371.816,0.962,-0.131,-0.140,-0.196,47,68,82,39,31,0,61,33,0,0.000,0,0,42.165,0.626,41.560,-2.560,6.640,-0.227,0.126,1.101,-0.558,0.284,1.356,0.000,0.000,0.000,0.000,0,NULL,NULL,,1,0,2,7,255,,250,0,0
stim,896,896,0,3407376.817,0.961,-0.132,-0.140,-0.196,83,91,53,67,12,0,37,41,0,0.000,0,0,39.477,0.543,39.320,3.240,-1.360,-0.224,0.095,1.091,-0.512,-0.180,1.268,0.000,0.000,0.000,0.000,0,NULL,NULL,,1,0,2,7,255,,250,0,0
stim,912,912,0,3407381.818,0.961,-0.134,-0.141,-0.196,75,67,84,69,19,0,47,45,0,0.000,0,0,39.788,0.597,37.360,8.680,-10.580,-0.215,0.083,1.076,-0.366,-0.472,1.140,0.000,0.000,0.000,0.000,0,NULL,NULL,,1,0,2,7,255,,250,0,0
stim,912,912,0,3407386.816,0.961,-0.135,-0.142,-0.195,61,91,55,39,41,0,58,13,0,0.000,0,0,43.759,0.613,36.140,15.520,-19.180,-0.211,0.077,1.049,-0.250,-0.560,0.966,0.000,0.000,0.000,0.000,0,NULL,NULL,,1,0,2,7,255,,250,0,0
stim,928,928,0,3407391.816,0.961,-0.136,-0.143,-0.193,53,87,75,39,36,0,63,12,0,0.000,0,0,45.582,0.646,32.040,21.440,-24.320,-0.223,0.008,1.019,-0.208,-0.612,0.694,0.000,0.000,0.000,0.000,0,NULL,NULL,,1,0,2,7,255,,250,0,0
stim,928,928,0,3407396.816,0.961,-0.136,-0.144,-0.192,83,92,55,67,19,0,39,43,0,0.000,0,0,36.222,1.285,14.100,25.960,-20.960,-0.256,-0.019,0.986,-0.208,-1.268,0.332,0.000,0.000,0.000,0.000,0,NULL,NULL,,1,0,2,7,255,,250,0,0
stim,928,928,0,3407401.816,0.961,-0.136,-0.145,-0.191,81,91,51,62,11,0,36,23,0,0.000,0,0,43.633,1.271,-0.240,34.800,-26.320,-0.193,0.055,0.984,-0.082,-1.268,0.042,0.000,0.000,0.000,0.000,0,NULL,NULL,,1,0,2,7,255,,250,0,0
stim,929,929,0,3407406.816,0.961,-0.135,-0.147,-0.190,83,73,75,69,17,0,38,42,0,0.000,0,0,56.910,0.868,-5.420,43.460,-36.340,-0.202,0.037,0.985,-0.012,-0.868,0.018,0.000,0.000,0.000,0.000,0,NULL,NULL,,1,0,2,7,255,,250,0,0
stim,960,960,0,3407411.816,0.962,-0.134,-0.149,-0.188,53,61,83,61,16,0,61,43,0,0.000,0,0,67.492,0.692,-13.360,48.660,-44.820,-0.207,0.064,0.988,-0.012,-0.692,0.018,0.000,0.000,0.000,0.000,0,NULL,NULL,,1,0,2,7,255,,250,0,0
stim,960,960,0,3407416.816,0.962,-0.133,-0.151,-0.185,75,56,81,69,13,0,43,45,0,0.000,0,0,76.351,0.610,-26.000,50.360,-51.160,-0.192,0.077,0.985,0.016,-0.610,0.056,0.000,0.000,0.000,0.000,0,NULL,NULL,,1,0,2,7,255,,250,0,0
stim,961,961,0,3407421.818,0.962,-0.130,-0.152,-0.183,82,91,57,67,16,0,37,44,0,0.000,0,0,83.794,0.386,-39.480,49.640,-54.760,-0.183,0.074,0.965,0.018,-0.386,0.056,0.000,0.000,0.000,0.000,0,NULL,NULL,,1,0,2,7,255,,250,0,0
stim,961,961,0,3407426.816,0.963,-0.128,-0.154,-0.181,79,90,52,41,30,0,37,13,0,0.000,0,0,89.695,0.322,-50.600,47.260,-57.020,-0.184,0.080,0.941,0.032,-0.320,-0.156,0.000,0.000,0.000,0.000,0,NULL,NULL,,1,0,2,7,255,,250,0,0
stim,961,961,0,3407431.816,0.964,-0.125,-0.155,-0.178,73,61,57,67,17,0,37,43,0,0.000,0,0,93.593,0.199,-58.580,44.080,-58.180,-0.178,0.090,0.914,0.032,-0.196,-0.376,0.000,0.000,0.000,0.000,0,NULL,NULL,,1,0,2,7,255,,250,0,0
stim,961,961,0,3407436.816,0.964,-0.121,-0.156,-0.176,51,60,86,40,41,0,71,37,0,0.000,0,0,95.303,0.016,-63.220,41.580,-57.940,-0.193,0.115,0.912,0.012,-0.010,-0.598,0.000,0.000,0.000,0.000,0,NULL,NULL,,1,0,2,7,255,,250,0,0
stim,976,976,0,3407441.816,0.965,-0.118,-0.157,-0.174,83,87,52,67,30,0,37,22,0,0.000,0,0,95.049,0.306,-65.740,39.020,-56.480,-0.213,0.122,0.936,-0.204,0.228,-0.598,0.000,0.000,0.000,0.000,0,NULL,NULL,,1,0,2,7,255,,250,0,0
stim,976,976,0,3407446.816,0.966,-0.115,-0.158,-0.172,82,88,57,69,18,0,40,41,0,0.000,0,0,93.954,0.451,-67.980,37.800,-52.700,-0.242,0.136,0.967,-0.346,0.290,-0.324,0.000,0.000,0.000,0.000,0,NULL,NULL,,1,0,2,7,255,,250,0,0
stim,976,976,0,3407451.816,0.966,-0.112,-0.159,-0.170,53,63,81,61,14,0,45,43,0,0.000,0,0,92.073,0.605,-67.800,36.140,-50.740,-0.228,0.146,0.972,-0.464,0.388,0.036,0.000,0.000,0.000,0.000,0,NULL,NULL,,1,0,2,7,255,,250,0,0
stim,976,976,0,3407456.816,0.967,-0.109,-0.160,-0.167,55,68,81,69,17,0,62,43,0,0.000,0,0,87.506,0.760,-61.220,35.660,-51.360,-0.218,0.140,0.976,-0.464,0.602,0.060,0.000,0.000,0.000,0.000,0,NULL,NULL,,1,0,2,7,255,,250,0,0
stim,994,994,0,3407461.816,0.967,-0.106,-0.161,-0.165,73,61,55,63,12,0,37,41,0,0.000,0,0,77.041,0.733,-46.800,35.540,-49.820,-0.204,0.130,0.929,-0.336,0.652,0.060,0.000,0.000,0.000,0.000,0,NULL,NULL,,1,0,2,7,255,,250,0,0
stim,994,994,0,3407466.816,0.967,-0.105,-0.162,-0.163,83,88,77,69,16,0,37,43,0,0.000,0,0,59.526,0.733,-21.540,30.160,-46.580,-0.231,0.125,0.898,-0.336,0.652,-0.414,0.000,0.000,0.000,0.000,0,NULL,NULL,,1,0,2,7,255,,250,0,0
stim,1010,1010,0,3407471.816,0.968,-0.105,-0.163,-0.161,53,61,83,61,12,0,43,41,0,0.000,0,0,47.437,0.785,8.120,18.500,-42.920,-0.241,0.130,0.856,-0.538,0.572,-0.660,0.000,0.000,0.000,0.000,0,NULL,NULL,,1,0,2,7,255,,250,0,0
stim,1010,1010,0,3407476.816,0.968,-0.106,-0.163,-0.160,46,51,83,61,19,0,62,43,0,0.000,0,0,51.654,0.916,36.020,1.300,-37.000,-0.269,0.146,0.950,-0.716,0.572,-0.660,0.000,0.000,0.000,0.000,0,NULL,NULL,,1,0,2,7,255,,250,0,0
stim,1010,1010,0,3407481.816,0.968,-0.108,-0.163,-0.158,53,62,79,61,13,0,61,45,0,0.000,0,0,62.590,1.006,50.780,-0.900,-36.580,-0.316,0.174,0.964,-0.798,0.612,-0.064,0.000,0.000,0.000,0.000,0,NULL,NULL,,1,0,2,7,255,,250,0,0
stim,1010,1010,0,3407486.816,0.968,-0.111,-0.163,-0.156,75,67,83,69,17,0,45,45,0,0.000,0,0,79.807,1.049,68.980,-5.900,-39.700,-0.277,0.148,0.948,-0.852,0.612,-0.058,0.000,0.000,0.000,0.000,0,NULL,NULL,,1,0,2,7,255,,250,0,0
stim,1011,1011,0,3407491.816,0.968,-0.115,-0.163,-0.154,83,88,51,63,11,0,35,24,0,0.000,0,0,88.778,1.021,78.260,-7.920,-41.160,-0.257,0.149,0.943,-0.852,0.562,-0.058,0.000,0.000,0.000,0.000,0,NULL,NULL,,1,0,2,7,255,,250,0,0
stim,1011,1011,0,3407496.816,0.968,-0.118,-0.163,-0.152,51,68,77,39,37,0,67,14,0,0.000,0,0,88.169,0.858,76.720,-6.760,-42.920,-0.238,0.121,0.901,-0.668,0.538,-0.142,0.000,0.000,0.000,0.000,0,NULL,NULL,,1,0,2,7,255,,250,0,0
stim,1026,1026,0,3407501.816,0.968,-0.121,-0.163,-0.150,53,62,83,61,13,0,43,45,0,0.000,0,0,84.158,0.576,73.980,-5.780,-39.700,-0.209,0.069,0.860,-0.486,0.310,-0.608,0.000,0.000,0.000,0.000,0,NULL,NULL,,1,0,2,7,255,,250,0,0
stim,1026,1026,0,3407506.816,0.967,-0.124,-0.164,-0.148,87,87,55,69,14,0,37,41,0,0.000,0,0,81.987,0.183,74.840,-8.040,-32.500,-0.181,0.042,0.861,-0.140,-0.118,-1.100,0.000,0.000,0.000,0.000,0,NULL,NULL,,1,0,2,7,255,,250,0,0
stim,1061,1061,0,3407511.816,0.967,-0.127,-0.163,-0.147,51,69,83,38,19,0,62,35,0,0.000,0,0,80.757,0.353,75.380,-12.500,-26.140,-0.167,0.048,0.883,0.204,-0.288,-1.100,0.000,0.000,0.000,0.000,0,NULL,NULL,,1,0,2,7,255,,250,0,0
stim,1061,1061,0,3407516.816,0.967,-0.130,-0.163,-0.145,84,71,77,69,12,0,41,42,0,0.000,0,0,78.229,0.470,71.180,-18.900,-26.380,-0.163,0.061,0.926,0.372,-0.288,-0.994,0.000,0.000,0.000,0.000,0,NULL,NULL,,1,0,2,7,255,,250,0,0
stim,1062,1062,0,3407521.818,0.967,-0.133,-0.162,-0.144,54,62,83,43,22,0,62,43,0,0.000,0,0,71.399,0.486,59.140,-24.400,-31.700,-0.178,0.064,0.956,0.392,-0.288,-0.584,0.000,0.000,0.000,0.000,0,NULL,NULL,,1,0,2,7,255,,250,0,0
stim,1062,1062,0,3407526.816,0.967,-0.135,-0.161,-0.142,51,68,82,39,40,0,71,36,0,0.000,0,0,64.658,0.475,42.180,-29.960,-38.780,-0.194,0.076,0.960,0.392,-0.268,-0.268,0.000,0.000,0.000,0.000,0,NULL,NULL,,1,0,2,7,255,,250,0,0
stim,1062,1062,0,3407531.816,0.968,-0.136,-0.160,-0.140,55,61,83,61,16,0,61,43,0,0.000,0,0,62.662,0.340,27.160,-35.520,-43.900,-0.196,0.083,0.969,0.210,-0.268,-0.182,0.000,0.000,0.000,0.000,0,NULL,NULL,,1,0,2,7,255,,250,0,0
stim,1062,1062,0,3407536.816,0.968,-0.137,-0.158,-0.138,51,60,85,40,41,0,71,17,0,0.000,0,0,60.935,0.311,16.920,-38.080,-44.460,-0.149,0.082,1.006,0.210,-0.230,-0.082,0.000,0.000,0.000,0.000,0,NULL,NULL,,1,0,2,7,255,,250,0,0
stim,1094,1094,0,3407541.816,0.969,-0.138,-0.156,-0.136,54,61,83,61,17,0,45,44,0,0.000,0,0,59.569,0.225,9.700,-38.020,-44.820,-0.237,0.127,0.964,0.176,-0.140,0.000,0.000,0.000,0.000,0.000,0,NULL,NULL,,1,0,2,7,255,,250,0,0
stim,1094,1094,0,3407546.816,0.969,-0.138,-0.155,-0.134,83,89,57,68,19,0,39,43,0,0.000,0,0,69.968,0.412,15.700,-42.220,-53.540,-0.235,0.108,0.942,-0.390,-0.132,0.000,0.000,0.000,0.000,0.000,0,NULL,NULL,,1,0,2,7,255,,250,0,0
stim,1094,1094,0,3407551.816,0.970,-0.139,-0.153,-0.132,77,89,52,41,35,0,36,13,0,0.000,0,0,71.581,0.399,7.640,-45.220,-54.960,-0.198,0.104,0.964,-0.390,-0.086,-0.100,0.000,0.000,0.000,0.000,0,NULL,NULL,,1,0,2,7,255,,250,0,0
stim,1094,1094,0,3407556.816,0.970,-0.139,-0.150,-0.130,82,90,55,67,20,0,40,41,0,0.000,0,0,75.230,0.090,-6.580,-50.160,-55.680,-0.183,0.121,0.948,-0.028,-0.086,-0.232,0.000,0.000,0.000,0.000,0,NULL,NULL,,1,0,2,7,255,,250,0,0
stim,1094,1094,0,3407561.816,0.971,-0.138,-0.148,-0.127,50,63,82,38,39,0,63,16,0,0.000,0,0,82.722,0.134,-19.780,-55.040,-58.500,-0.177,0.132,0.947,-0.024,0.132,-0.266,0.000,0.000,0.000,0.000,0,NULL,NULL,,1,0,2,7,255,,250,0,0
stim,1094,1094,0,3407566.816,0.972,-0.137,-0.145,-0.125,83,86,57,68,12,0,38,41,0,0.000,0,0,91.683,0.224,-25.880,-59.560,-64.720,-0.171,0.125,0.963,-0.008,0.224,-0.266,0.000,0.000,0.000,0.000,0,NULL,NULL,,1,0,2,7,255,,250,0,0
stim,1095,1095,0,3407571.816,0.973,-0.136,-0.142,-0.122,77,90,53,40,41,1,57,17,0,0.000,0,0,100.749,0.266,-25.640,-63.520,-73.880,-0.159,0.125,0.981,0.030,0.264,-0.140,0.000,0.000,0.000,0.000,0,NULL,NULL,,1,0,2,7,255,,250,0,0
stim,1095,1095,0,3407576.817,0.974,-0.136,-0.139,-0.118,49,63,81,39,40,0,69,19,0,0.000,0,0,111.599,0.273,-18.800,-66.220,-87.840,-0.148,0.119,1.001,0.126,0.242,0.012,0.000,0.000,0.000,0.000,0,NULL,NULL,,1,0,2,7,255,,250,0,0
stim,1126,1126,0,3407581.816,0.975,-0.135,-0.136,-0.114,41,62,85,33,41,0,69,41,0,0.000,0,0,118.456,0.327,-13.660,-65.960,-97.440,-0.144,0.116,1.002,0.220,0.242,0.180,0.000,0.000,0.000,0.000,0,NULL,NULL,,1,0,2,7,255,,250,0,0
stim,1126,1126,0,3407586.816,0.976,-0.135,-0.132,-0.110,75,67,83,69,16,0,43,43,0,0.000,0,0,121.627,0.332,-10.800,-67.320,-100.720,-0.005,0.173,0.874,0.228,0.242,0.180,0.000,0.000,0.000,0.000,0,NULL,NULL,,1,0,2,7,255,,250,0,0
stim,1126,1126,0,3407591.816,0.976,-0.136,-0.130,-0.107,75,62,57,67,17,0,37,41,0,0.000,0,0,101.434,1.134,3.420,-62.060,-80.160,0.278,-0.037,0.876,1.110,0.230,-1.222,0.000,0.000,0.000,0.000,0,NULL,NULL,,1,0,2,7,255,,250,0,0
stim,1126,1126,0,3407596.816,0.977,-0.137,-0.129,-0.106,79,89,53,61,37,0,39,18,0,0.000,0,0,42.777,2.789,27.340,-18.180,-27.420,0.111,-0.064,0.939,2.784,-0.172,-1.222,0.000,0.000,0.000,0.000,0,NULL,NULL,,1,0,2,7,255,,250,0,0
stim,1127,1127,0,3407601.816,0.976,-0.138,-0.129,-0.106,75,85,56,63,13,0,37,41,0,0.000,0,0,47.069,2.889,45.100,13.440,-0.940,-0.056,-0.009,0.950,2.784,-0.772,-0.992,0.000,0.000,0.000,0.000,0,NULL,NULL,,1,0,2,7,255,,250,0,0
stim,1127,1127,0,3407606.816,0.976,-0.141,-0.131,-0.106,51,69,83,40,37,0,68,18,0,0.000,0,0,70.492,1.370,57.620,38.220,13.720,-0.142,0.039,1.009,1.132,-0.772,-0.580,0.000,0.000,0.000,0.000,0,NULL,NULL,,1,0,2,7,255,,250,0,0
stim,1171,1171,0,3407611.816,0.975,-0.143,-0.133,-0.107,82,71,51,63,10,0,35,41,0,0.000,0,0,72.441,0.697,52.560,44.880,21.700,-0.288,0.113,1.124,0.372,-0.590,0.166,0.000,0.000,0.000,0.000,0,NULL,NULL,,1,0,2,7,255,,250,0,0
stim,1171,1171,0,3407616.816,0.975,-0.142,-0.131,-0.107,50,70,81,38,41,1,71,17,0,0.000,0,0,55.129,0.967,-21.000,-50.960,1.140,-0.912,0.406,1.542,-0.904,-0.344,1.586,0.000,0.000,0.000,0.000,0,NULL,NULL,,1,0,2,7,255,,250,0,0
stim,1171,1171,0,3407621.818,0.976,-0.142,-0.125,-0.105,76,89,54,59,37,0,39,13,0,0.000,0,0,142.519,5.307,-30.400,-133.660,-39.020,-0.629,0.306,0.801,-5.258,0.716,1.586,0.000,0.000,0.000,0.000,0,NULL,NULL,,1,0,2,7,255,,250,0,0
stim,1171,1171,0,3407626.816,0.977,-0.143,-0.122,-0.103,77,90,55,57,17,0,39,12,0,0.000,0,0,96.618,5.307,18.380,-77.620,-54.520,-0.095,0.047,0.911,-5.258,0.716,-0.832,0.000,0.000,0.000,0.000,0,NULL,NULL,,1,0,2,7,255,,250,0,0
stim,1171,1171,0,3407631.816,0.977,-0.143,-0.118,-0.102,56,89,77,37,39,2,67,17,0,0.000,0,0,93.014,0.599,0.120,-87.940,-30.300,-0.081,0.050,1.006,0.454,-0.390,-0.832,0.000,0.000,0.000,0.000,0,NULL,NULL,,1,0,2,7,255,,250,0,0
stim,1171,1171,0,3407636.816,0.978,-0.143,-0.114,-0.101,50,67,77,39,35,0,62,17,0,0.000,0,0,100.777,0.599,-19.840,-93.180,-32.860,-0.078,0.090,0.913,0.454,-0.390,-0.792,0.000,0.000,0.000,0.000,0,NULL,NULL,,1,0,2,7,255,,250,0,0
stim,1172,1172,0,3407641.816,0.979,-0.142,-0.110,-0.100,75,67,55,63,12,0,36,41,0,0.000,0,0,100.319,0.486,-23.380,-90.560,-36.280,-0.071,0.075,0.951,0.474,-0.106,-0.444,0.000,0.000,0.000,0.000,0,NULL,NULL,,1,0,2,7,255,,250,0,0
stim,1172,1172,0,3407646.816,0.979,-0.142,-0.105,-0.099,74,63,84,62,19,0,47,43,0,0.000,0,0,102.739,0.410,-19.100,-97.220,-27.180,-0.124,0.071,1.007,0.396,-0.106,-0.444,0.000,0.000,0.000,0.000,0,NULL,NULL,,1,0,2,7,255,,250,0,0
stim,1184,1184,0,3407651.816,0.980,-0.142,-0.101,-0.098,83,89,75,67,18,0,63,45,0,0.000,0,0,98.326,0.294,-10.860,-96.060,-17.960,-0.131,0.068,1.032,-0.032,-0.292,0.164,0.000,0.000,0.000,0.000,0,NULL,NULL,,1,0,2,7,255,,250,0,0
stim,1184,1184,0,3407656.816,0.981,-0.140,-0.097,-0.098,59,91,55,41,41,0,59,17,0,0.000,0,0,110.237,0.294,-54.260,-95.700,-7.040,-0.036,0.039,0.841,-0.032,-0.292,0.164,0.000,0.000,0.000,0.000,0,NULL,NULL,,1,0,2,7,255,,250,0,0
stim,1184,1184,0,3407661.816,0.982,-0.134,-0.091,-0.100,50,85,78,37,39,0,63,16,0,0.000,0,0,194.181,0.582,-154.240,-113.940,30.560,0.055,0.040,0.695,0.514,-0.274,-1.568,0.000,0.000,0.000,0.000,0,NULL,NULL,,1,0,2,7,255,,250,0,0
stim,1184,1184,0,3407666.816,0.983,-0.125,-0.085,-0.104,53,87,83,40,40,0,70,18,0,0.000,0,0,273.867,0.526,-227.960,-136.700,65.960,-0.028,0.128,0.732,0.514,0.110,-2.558,0.000,0.000,0.000,0.000,0,NULL,NULL,,1,0,2,7,255,,250,0,0
stim,1200,1200,0,3407671.816,0.985,-0.112,-0.077,-0.108,47,68,79,39,17,0,61,31,0,0.000,0,0,353.921,0.879,-306.700,-158.740,77.440,-0.042,0.210,0.787,0.074,0.876,-2.558,0.000,0.000,0.000,0.000,0,NULL,NULL,,1,0,2,7,255,,250,0,0
stim,1200,1200,0,3407676.816,0.986,-0.103,-0.068,-0.112,75,69,83,69,17,0,45,43,0,0.000,0,0,301.752,0.946,-231.620,-178.020,75.600,-0.127,-0.081,1.402,-0.356,0.876,-2.006,0.000,0.000,0.000,0.000,0,NULL,NULL,,1,0,2,7,255,,250,0,0
stim,1216,1216,0,3407681.816,0.984,-0.120,-0.063,-0.117,55,63,73,63,13,0,61,45,0,0.000,0,0,432.006,1.179,389.460,-161.000,95.020,-0.085,-0.273,1.251,-0.356,-1.124,2.320,0.000,0.000,0.000,0.000,0,NULL,NULL,,1,0,2,7,255,,250,0,0
stim,1216,1216,0,3407686.816,0.982,-0.134,-0.060,-0.121,85,84,75,69,17,0,38,43,0,0.000,0,0,339.366,1.192,299.320,-127.000,97.200,-0.011,0.182,0.338,-0.396,-1.124,2.320,0.000,0.000,0.000,0.000,0,NULL,NULL,,1,0,2,7,255,,250,0,0
stim,1216,1216,0,3407691.816,0.981,-0.138,-0.054,-0.124,53,61,81,61,16,0,45,41,0,0.000,0,0,159.429,0.674,71.040,-135.420,45.080,-0.496,0.456,3.311,-0.426,0.522,2.320,0.000,0.000,0.000,0.000,0,NULL,NULL,,1,0,2,7,255,,250,0,0
stim,1216,1216,0,3407696.816,0.983,-0.127,-0.052,-0.122,48,69,83,40,37,0,63,35,0,0.000,0,0,248.118,1.575,-245.720,-14.520,-31.200,0.038,0.187,0.460,-0.426,1.516,-5.190,0.000,0.000,0.000,0.000,0,NULL,NULL,,1,0,2,7,255,,250,0,0
stim,1231,1231,0,3407701.816,0.984,-0.120,-0.051,-0.120,82,91,51,63,29,0,36,22,0,0.000,0,0,180.733,0.522,-176.880,-7.860,-36.280,0.092,0.027,0.482,-0.006,0.522,-5.078,0.000,0.000,0.000,0.000,0,NULL,NULL,,1,0,2,7,255,,250,0,0
stim,1231,1231,0,3407706.816,0.984,-0.126,-0.052,-0.118,57,91,55,37,41,1,58,16,0,0.000,0,0,151.538,0.924,142.280,1.240,-52.140,0.270,-0.429,1.994,0.870,0.310,-5.078,0.000,0.000,0.000,0.000,0,NULL,NULL,,1,0,2,7,255,,250,0,0
stim,1264,1264,0,3407711.816,0.984,-0.125,-0.054,-0.117,51,63,84,38,37,0,63,31,0,0.000,0,0,57.933,1.819,-26.540,48.720,-16.680,0.183,0.011,0.392,1.792,0.310,-5.078,0.000,0.000,0.000,0.000,0,NULL,NULL,,1,0,2,7,255,,250,0,0
stim,1264,1264,0,3407716.816,0.984,-0.124,-0.053,-0.117,55,71,75,37,37,0,63,13,0,0.000,0,0,11.669,1.829,-6.160,-9.380,-3.200,0.163,0.083,1.328,1.792,0.366,3.224,0.000,0.000,0.000,0.000,0,NULL,NULL,,1,0,2,7,255,,250,0,0
stim,1264,1264,0,3407721.818,0.984,-0.124,-0.052,-0.117,58,72,57,38,39,0,67,17,0,0.000,0,0,12.795,1.673,-2.440,-12.560,-0.080,0.063,-0.015,0.790,1.632,0.366,-2.086,0.000,0.000,0.000,0.000,0,NULL,NULL,,1,0,2,7,255,,250,0,0
stim,1264,1264,0,3407726.816,0.984,-0.124,-0.053,-0.117,56,90,55,38,41,1,59,16,0,0.000,0,0,4.762,1.161,1.280,4.520,0.780,0.109,0.054,1.201,1.148,0.172,1.974,0.000,0.000,0.000,0.000,0,NULL,NULL,,1,0,2,7,255,,250,0,0
stim,1264,1264,0,3407731.816,0.984,-0.124,-0.053,-0.117,53,61,84,61,22,0,46,44,0,0.000,0,0,15.432,0.806,4.280,14.600,-2.580,-0.005,0.027,0.903,0.784,-0.188,-0.948,0.000,0.000,0.000,0.000,0,NULL,NULL,,1,0,2,7,255,,250,0,0
stim,1264,1264,0,3407736.816,0.984,-0.124,-0.054,-0.117,53,59,85,43,23,0,71,39,0,0.000,0,0,8.639,0.076,3.060,8.060,-0.560,-0.094,0.079,1.042,0.070,0.030,0.454,0.000,0.000,0.000,0.000,0,NULL,NULL,,1,0,2,7,255,,250,0,0
stim,1280,1280,0,3407741.816,0.984,-0.124,-0.054,-0.117,53,61,83,61,19,0,47,44,0,0.000,0,0,4.794,0.521,-0.720,-4.740,-0.020,-0.061,0.058,0.918,-0.520,-0.032,-0.782,0.000,0.000,0.000,0.000,0,NULL,NULL,,1,0,2,7,255,,250,0,0
stim,1280,1280,0,3407746.816,0.984,-0.124,-0.053,-0.117,84,89,59,67,19,0,39,42,0,0.000,0,0,9.045,0.521,-3.100,-8.420,1.140,0.017,0.058,1.050,-0.520,0.030,0.454,0.000,0.000,0.000,0.000,0,NULL,NULL,,1,0,2,7,255,,250,0,0
stim,1296,1296,0,3407751.816,0.984,-0.124,-0.053,-0.117,83,87,57,69,13,0,37,42,0,0.000,0,0,2.733,0.246,-1.640,-2.180,0.160,0.057,0.026,1.008,0.244,-0.032,0.074,0.000,0.000,0.000,0.000,0,NULL,NULL,,1,0,2,7,255,,250,0,0
stim,1296,1296,0,3407756.816,0.984,-0.124,-0.053,-0.117,84,89,57,69,19,0,40,41,0,0.000,0,0,5.230,0.327,1.720,4.900,-0.620,0.019,0.033,1.013,0.310,-0.104,0.128,0.000,0.000,0.000,0.000,0,NULL,NULL,,1,0,2,7,255,,250,0,0
stim,1296,1296,0,3407761.816,0.984,-0.124,-0.053,-0.117,53,62,83,62,19,0,45,43,0,0.000,0,0,5.145,0.327,2.260,4.580,-0.620,-0.035,0.059,0.994,0.310,-0.104,0.074,0.000,0.000,0.000,0.000,0,NULL,NULL,,1,0,2,7,255,,250,0,0
stim,1296,1296,0,3407766.816,0.984,-0.124,-0.053,-0.117,57,89,55,37,41,0,58,13,0,0.000,0,0,1.057,0.264,-0.240,-1.020,-0.140,-0.039,0.063,0.982,-0.264,-0.002,-0.038,0.000,0.000,0.000,0.000,0,NULL,NULL,,1,0,2,7,255,,250,0,0
stim,1296,1296,0,3407771.816,0.984,-0.124,-0.053,-0.117,57,89,76,39,35,0,63,16,0,0.000,0,0,4.294,0.264,-1.880,-3.840,0.400,0.002,0.050,1.013,-0.264,-0.002,-0.038,0.000,0.000,0.000,0.000,0,NULL,NULL,,1,0,2,7,255,,250,0,0
stim,1296,1296,0,3407776.817,0.984,-0.124,-0.053,-0.117,83,87,57,69,19,0,39,43,0,0.000,0,0,1.302,0.118,-0.720,-1.080,0.100,0.025,0.034,1.008,0.118,-0.008,0.076,0.000,0.000,0.000,0.000,0,NULL,NULL,,1,0,2,7,255,,250,0,0
stim,1311,1311,0,3407781.817,0.984,-0.124,-0.053,-0.117,53,71,83,41,39,0,67,41,0,0.000,0,0,2.685,0.182,1.160,2.400,-0.320,0.006,0.042,1.010,0.168,-0.070,0.102,0.000,0.000,0.000,0.000,0,NULL,NULL,,1,0,2,7,255,,250,0,0
stim,1311,1311,0,3407786.816,0.984,-0.124,-0.053,-0.117,83,93,53,47,35,0,40,23,0,0.000,0,0,2.239,0.182,0.860,2.020,-0.440,-0.021,0.055,0.991,0.168,-0.070,0.076,0.000,0.000,0.000,0.000,0,NULL,NULL,,1,0,2,7,255,,250,0,0
stim,1311,1311,0,3407791.816,0.984,-0.124,-0.053,-0.117,53,63,83,60,18,0,45,41,0,0.000,0,0,1.068,0.114,-0.540,-0.900,-0.200,-0.020,0.055,0.997,-0.114,-0.004,-0.016,0.000,0.000,0.000,0.000,0,NULL,NULL,,1,0,2,7,255,,250,0,0
stim,1311,1311,0,3407796.816,0.984,-0.124,-0.053,-0.117,55,69,83,69,17,0,61,43,0,0.000,0,0,2.042,0.114,-0.920,-1.820,0.100,0.004,0.043,1.006,-0.114,-0.004,-0.016,0.000,0.000,0.000,0.000,0,NULL,NULL,,1,0,2,7,255,,250,0,0
stim,1328,1328,0,3407801.816,0.984,-0.124,-0.053,-0.117,82,92,55,63,36,1,39,23,0,0.000,0,0,0.154,0.156,0.060,0.020,-0.140,0.012,0.040,1.009,0.142,-0.064,0.070,0.000,0.000,0.000,0.000,0,NULL,NULL,,1,0,2,7,255,,250,0,0
stim,1328,1328,0,3407806.816,0.984,-0.124,-0.053,-0.117,57,71,77,37,37,0,63,16,0,0.000,0,0,1.681,0.156,0.500,1.480,-0.620,-0.003,0.045,1.001,0.142,-0.064,0.070,0.000,0.000,0.000,0.000,0,NULL,NULL,,1,0,2,7,255,,250,0,0
stim,1360,1360,0,3407811.816,0.984,-0.124,-0.053,-0.117,78,89,55,41,40,1,58,13,0,0.000,0,0,1.259,0.095,0.000,0.680,-1.060,-0.015,0.041,0.996,0.062,-0.072,0.018,0.000,0.000,0.000,0.000,0,NULL,NULL,,1,0,2,7,255,,250,0,0
stim,1360,1360,0,3407816.816,0.984,-0.124,-0.053,-0.117,59,91,55,41,39,0,57,13,0,0.000,0,0,1.124,0.085,0.500,-0.660,-0.760,-0.007,0.043,1.000,0.034,-0.078,0.012,0.000,0.000,0.000,0.000,0,NULL,NULL,,1,0,2,7,255,,250,0,0
stim,1361,1361,0,3407821.818,0.984,-0.124,-0.053,-0.117,53,69,75,38,35,0,61,13,0,0.000,0,0,1.080,0.085,0.860,-0.420,-0.500,0.003,0.054,1.006,0.034,-0.078,0.012,0.000,0.000,0.000,0.000,0,NULL,NULL,,1,0,2,7,255,,250,0,0
stim,1361,1361,0,3407826.816,0.984,-0.124,-0.053,-0.117,77,90,52,41,35,0,37,13,0,0.000,0,0,0.869,0.102,0.240,0.560,-0.620,0.003,0.057,1.003,0.092,0.044,0.048,0.000,0.000,0.000,0.000,0,NULL,NULL,,1,0,2,7,255,,250,0,0
stim,1361,1361,0,3407831.816,0.984,-0.124,-0.053,-0.117,51,60,83,41,23,0,69,39,0,0.000,0,0,0.717,0.102,-0.180,0.680,-0.140,-0.007,0.048,0.999,0.092,0.044,0.048,0.000,0.000,0.000,0.000,0,NULL,NULL,,1,0,2,7,255,,250,0,0
stim,1361,1361,0,3407836.816,0.984,-0.124,-0.053,-0.117,57,91,55,41,37,0,41,13,0,0.000,0,0,0.269,0.017,-0.180,-0.120,0.160,-0.009,0.050,0.999,0.014,-0.010,0.000,0.000,0.000,0.000,0.000,0,NULL,NULL,,1,0,2,7,255,,250,0,0
stim,1375,1375,0,3407841.816,0.984,-0.124,-0.053,-0.117,55,87,78,37,39,1,69,17,0,0.000,0,0,0.704,0.017,0.440,-0.540,0.100,0.000,0.051,1.004,0.014,-0.010,0.000,0.000,0.000,0.000,0.000,0,NULL,NULL,,1,0,2,7,255,,250,0,0
stim,1375,1375,0,3407846.816,0.984,-0.124,-0.053,-0.117,75,61,84,61,19,0,46,44,0,0.000,0,0,0.198,0.073,-0.180,0.020,-0.080,0.002,0.055,1.005,0.072,0.010,0.048,0.000,0.000,0.000,0.000,0,NULL,NULL,,1,0,2,7,255,,250,0,0
stim,1375,1375,0,3407851.816,0.984,-0.124,-0.053,-0.117,47,63,83,39,23,0,63,35,0,0.000,0,0,1.079,0.090,-0.720,0.260,-0.760,-0.002,0.067,0.997,0.072,0.054,0.048,0.000,0.000,0.000,0.000,0,NULL,NULL,,1,0,2,7,255,,250,0,0
stim,1375,1375,0,3407856.816,0.984,-0.123,-0.053,-0.117,83,87,76,69,16,0,39,43,0,0.000,0,0,3.919,0.055,-3.900,0.380,-0.020,-0.009,0.046,1.010,0.012,0.054,0.064,0.000,0.000,0.000,0.000,0,NULL,NULL,,1,0,2,7,255,,250,0,0
stim,1392,1392,0,3407861.816,0.984,-0.123,-0.053,-0.117,53,61,83,67,19,0,45,44,0,0.000,0,0,1.152,0.057,-0.840,-0.720,-0.320,-0.007,0.009,0.993,0.012,-0.056,-0.010,0.000,0.000,0.000,0.000,0,NULL,NULL,,1,0,2,7,255,,250,0,0
stim,1392,1392,0,3407866.816,0.984,-0.123,-0.053,-0.117,79,87,53,40,35,0,39,16,0,0.000,0,0,2.595,0.113,2.560,-0.360,0.220,0.004,0.049,1.006,0.098,-0.056,0.070,0.000,0.000,0.000,0.000,0,NULL,NULL,,1,0,2,7,255,,250,0,0
stim,1408,1408,0,3407871.816,0.984,-0.123,-0.053,-0.117,83,91,55,69,13,0,38,42,0,0.000,0,0,1.015,0.098,0.680,0.740,-0.140,0.003,0.072,1.005,0.098,0.004,0.070,0.000,0.000,0.000,0.000,0,NULL,NULL,,1,0,2,7,255,,250,0,0
stim,1408,1408,0,3407876.816,0.984,-0.123,-0.053,-0.117,83,91,53,47,35,0,39,23,0,0.000,0,0,1.922,0.056,-1.820,0.560,-0.260,-0.011,0.049,0.998,0.056,0.004,0.070,0.000,0.000,0.000,0.000,0,NULL,NULL,,1,0,2,7,255,,250,0,0
stim,1408,1408,0,3407881.816,0.984,-0.123,-0.053,-0.117,73,61,55,67,13,0,37,41,0,0.000,0,0,0.733,0.040,-0.420,-0.600,-0.020,-0.008,0.031,1.000,0.034,-0.022,-0.002,0.000,0.000,0.000,0.000,0,NULL,NULL,,1,0,2,7,255,,250,0,0
stim,1408,1408,0,3407886.816,0.984,-0.123,-0.053,-0.117,84,93,55,69,18,0,39,41,0,0.000,0,0,1.414,0.040,1.280,-0.600,-0.020,0.004,0.048,1.004,0.034,-0.022,-0.002,0.000,0.000,0.000,0.000,0,NULL,NULL,,1,0,2,7,255,,250,0,0
stim,1427,1427,0,3407891.816,0.984,-0.123,-0.053,-0.117,55,61,81,69,16,0,42,43,0,0.000,0,0,0.590,0.042,0.240,0.500,-0.200,0.000,0.061,1.004,0.042,-0.002,0.050,0.000,0.000,0.000,0.000,0,NULL,NULL,,1,0,2,7,255,,250,0,0
stim,1427,1427,0,3407896.816,0.984,-0.123,-0.053,-0.117,57,69,82,39,35,0,63,17,0,0.000,0,0,1.063,0.042,-0.840,0.620,-0.200,-0.008,0.046,1.000,0.042,-0.002,0.050,0.000,0.000,0.000,0.000,0,NULL,NULL,,1,0,2,7,255,,250,0,0
stim,1427,1427,0,3407901.816,0.984,-0.123,-0.053,-0.117,77,89,55,43,39,0,40,14,0,0.000,0,0,0.374,0.047,-0.060,-0.360,-0.080,-0.008,0.039,0.999,0.016,-0.044,0.002,0.000,0.000,0.000,0.000,0,NULL,NULL,,1,0,2,7,255,,250,0,0
stim,1427,1427,0,3407906.816,0.984,-0.123,-0.052,-0.117,53,69,85,61,19,0,63,43,0,0.000,0,0,0.778,0.047,0.560,-0.540,-0.020,0.001,0.050,1.006,0.016,-0.044,0.002,0.000,0.000,0.000,0.000,0,NULL,NULL,,1,0,2,7,255,,250,0,0
stim,1460,1460,0,3407911.816,0.984,-0.123,-0.052,-0.117,82,69,53,69,11,0,35,41,0,0.000,0,0,0.319,0.066,-0.120,0.260,-0.140,0.001,0.053,1.005,0.064,0.016,0.056,0.000,0.000,0.000,0.000,0,NULL,NULL,,1,0,2,7,255,,250,0,0
stim,1460,1460,0,3407916.816,0.984,-0.123,-0.052,-0.117,83,71,82,68,17,0,41,44,0,0.000,0,0,0.683,0.066,-0.420,0.500,-0.200,-0.006,0.045,1.000,0.064,0.016,0.056,0.000,0.000,0.000,0.000,0,NULL,NULL,,1,0,2,7,255,,250,0,0
stim,1461,1461,0,3407921.818,0.984,-0.123,-0.052,-0.117,48,59,75,39,36,0,63,17,0,0.000,0,0,0.258,0.041,0.120,-0.180,-0.140,-0.008,0.043,0.999,0.010,-0.040,0.010,0.000,0.000,0.000,0.000,0,NULL,NULL,,1,0,2,7,255,,250,0,0
stim,1461,1461,0,3407926.816,0.984,-0.123,-0.052,-0.117,51,63,79,39,41,1,69,35,0,0.000,0,0,0.522,0.041,0.300,-0.420,-0.080,-0.001,0.051,1.003,0.010,-0.040,0.010,0.000,0.000,0.000,0.000,0,NULL,NULL,,1,0,2,7,255,,250,0,0
stim,1462,1462,0,3407931.816,0.984,-0.123,-0.052,-0.117,52,59,85,41,25,0,69,39,0,0.000,0,0,0.268,0.047,-0.180,0.140,-0.140,0.000,0.050,1.005,0.042,0.020,0.040,0.000,0.000,0.000,0.000,0,NULL,NULL,,1,0,2,7,255,,250,0,0
stim,1462,1462,0,3407936.816,0.984,-0.123,-0.052,-0.117,83,88,58,69,19,0,41,43,0,0.000,0,0,0.418,0.047,-0.180,0.320,-0.200,-0.004,0.045,1.002,0.042,0.020,0.040,0.000,0.000,0.000,0.000,0,NULL,NULL,,1,0,2,7,255,,250,0,0
stim,1472,1472,0,3407941.816,0.984,-0.123,-0.052,-0.117,72,61,58,63,18,0,37,41,0,0.000,0,0,0.759,0.036,-0.480,-0.180,-0.560,-0.004,0.080,0.992,0.030,0.020,0.022,0.000,0.000,0.000,0.000,0,NULL,NULL,,1,0,2,7,255,,250,0,0
stim,1472,1472,0,3407946.816,0.984,-0.123,-0.052,-0.117,83,89,58,68,21,0,40,41,0,0.000,0,0,6.841,0.131,-6.840,0.140,-0.020,-0.007,0.063,1.018,-0.042,0.124,0.022,0.000,0.000,0.000,0.000,0,NULL,NULL,,1,0,2,7,255,,250,0,0
stim,1494,1494,0,3407951.816,0.984,-0.122,-0.052,-0.117,59,89,31,43,35,0,38,16,0,0.000,0,0,3.006,0.131,-2.860,-0.780,-0.500,-0.007,-0.019,0.989,-0.042,0.124,-0.058,0.000,0.000,0.000,0.000,0,NULL,NULL,,1,0,2,7,255,,250,0,0
stim,1494,1494,0,3407956.816,0.984,-0.122,-0.052,-0.117,58,89,55,42,39,1,58,16,0,0.000,0,0,4.131,0.188,4.100,-0.420,0.280,0.004,0.033,1.009,0.136,-0.130,0.088,0.000,0.000,0.000,0.000,0,NULL,NULL,,1,0,2,7,255,,250,0,0
stim,1494,1494,0,3407961.816,0.984,-0.123,-0.052,-0.117,77,91,53,41,39,0,56,12,0,0.000,0,0,2.371,0.188,2.200,0.860,-0.200,0.004,0.088,1.010,0.136,-0.130,0.088,0.000,0.000,0.000,0.000,0,NULL,NULL,,1,0,2,7,255,,250,0,0
stim,1494,1494,0,3407966.816,0.984,-0.122,-0.052,-0.117,79,86,83,44,41,0,67,43,0,0.000,0,0,2.947,0.097,-2.800,0.860,-0.320,-0.013,0.061,0.996,0.012,0.096,0.088,0.000,0.000,0.000,0.000,0,NULL,NULL,,1,0,2,7,255,,250,0,0
stim,1494,1494,0,3407971.816,0.984,-0.122,-0.052,-0.117,77,87,51,59,29,0,37,13,0,0.000,0,0,1.871,0.096,-1.700,-0.780,-0.020,-0.013,0.018,0.998,0.002,0.096,-0.030,0.000,0.000,0.000,0.000,0,NULL,NULL,,1,0,2,7,255,,250,0,0
stim,1508,1508,0,3407976.817,0.984,-0.122,-0.052,-0.117,53,63,81,61,17,0,67,43,0,0.000,0,0,2.183,0.094,1.960,-0.960,0.040,0.006,0.036,1.004,0.002,-0.094,-0.030,0.000,0.000,0.000,0.000,0,NULL,NULL,,1,0,2,7,255,,250,0,0
stim,1508,1508,0,3407981.816,0.984,-0.122,-0.052,-0.117,57,88,83,40,41,1,70,19,0,0.000,0,0,1.219,0.115,1.040,0.620,-0.140,0.006,0.069,1.007,0.066,-0.094,0.042,0.000,0.000,0.000,0.000,0,NULL,NULL,,1,0,2,7,255,,250,0,0
stim,1508,1508,0,3407986.816,0.984,-0.122,-0.052,-0.117,55,71,53,35,31,0,55,11,0,0.000,0,0,1.670,0.069,-1.280,1.040,-0.260,-0.011,0.052,1.000,0.066,0.020,0.042,0.000,0.000,0.000,0.000,0,NULL,NULL,,1,0,2,7,255,,250,0,0
stim,1508,1508,0,3407991.816,0.984,-0.122,-0.052,-0.117,51,69,77,40,37,0,69,16,0,0.000,0,0,0.786,0.033,-0.660,-0.420,-0.080,-0.013,0.032,0.998,-0.026,0.020,0.008,0.000,0.000,0.000,0.000,0,NULL,NULL,,1,0,2,7,255,,250,0,0
stim,1521,1521,0,3407996.816,0.984,-0.122,-0.052,-0.117,53,83,83,61,22,0,48,43,0,0.000,0,0,1.287,0.035,0.920,-0.900,-0.020,0.002,0.044,1.005,-0.026,-0.024,0.008,0.000,0.000,0.000,0.000,0,NULL,NULL,,1,0,2,7,255,,250,0,0
stim,1521,1521,0,3408001.816,0.984,-0.122,-0.052,-0.117,79,89,52,63,12,0,37,40,0,0.000,0,0,0.421,0.089,0.300,0.260,-0.140,0.006,0.059,1.006,0.086,-0.024,0.050,0.000,0.000,0.000,0.000,0,NULL,NULL,,1,0,2,7,255,,250,0,0
stim,1571,1571,0,3408006.816,0.984,-0.122,-0.052,-0.117,77,89,53,41,35,0,37,17,0,0.000,0,0,1.095,0.089,-0.720,0.800,-0.200,-0.007,0.046,0.999,0.086,-0.022,0.050,0.000,0.000,0.000,0.000,0,NULL,NULL,,1,0,2,7,255,,250,0,0
stim,1571,1571,0,3408011.816,0.984,-0.122,-0.052,-0.117,57,90,52,41,35,0,55,12,0,0.000,0,0,0.194,0.026,-0.060,-0.120,-0.140,-0.011,0.039,0.998,-0.014,-0.022,-0.012,0.000,0.000,0.000,0.000,0,NULL,NULL,,1,0,2,7,255,,250,0,0
stim,1571,1571,0,3408016.817,0.984,-0.122,-0.052,-0.117,50,84,81,39,41,0,69,13,0,0.000,0,0,0.828,0.026,0.500,-0.660,-0.020,-0.001,0.048,1.004,-0.014,-0.022,-0.012,0.000,0.000,0.000,0.000,0,NULL,NULL,,1,0,2,7,255,,250,0,0
stim,1571,1571,0,3408021.816,0.984,-0.122,-0.052,-0.117,81,91,53,61,31,0,36,19,0,0.000,0,0,0.185,0.044,-0.120,0.020,-0.140,0.003,0.052,1.005,0.042,0.012,0.042,0.000,0.000,0.000,0.000,0,NULL,NULL,,1,0,2,7,255,,250,0,0
stim,1571,1571,0,3408026.818,0.984,-0.122,-0.052,-0.117,79,70,85,69,20,0,46,45,0,0.000,0,0,0.666,0.044,-0.300,0.560,-0.200,-0.004,0.044,1.001,0.042,0.012,0.042,0.000,0.000,0.000,0.000,0,NULL,NULL,,1,0,2,7,255,,250,0,0
stim,1571,1571,0,3408031.816,0.984,-0.122,-0.052,-0.117,83,87,77,69,19,0,39,45,0,0.000,0,0,0.201,0.034,0.120,0.080,-0.140,-0.008,0.043,0.999,0.016,-0.030,0.016,0.000,0.000,0.000,0.000,0,NULL,NULL,,1,0,2,7,255,,250,0,0
stim,1592,1592,0,3408036.816,0.984,-0.122,-0.052,-0.117,52,60,85,41,22,0,67,39,0,0.000,0,0,0.440,0.033,0.240,-0.360,-0.080,-0.003,0.049,1.002,0.014,-0.030,0.016,0.000,0.000,0.000,0.000,0,NULL,NULL,,1,0,2,7,255,,250,0,0
stim,1592,1592,0,3408041.816,0.984,-0.122,-0.052,-0.117,59,89,57,43,40,2,60,16,0,0.000,0,0,0.281,0.021,-0.240,-0.040,-0.140,0.001,0.049,1.005,0.014,0.016,0.022,0.000,0.000,0.000,0.000,0,NULL,NULL,,1,0,2,7,255,,250,0,0
stim,1592,1592,0,3408046.816,0.984,-0.122,-0.052,-0.117,73,61,55,63,17,0,37,41,0,0.000,0,0,0.409,0.028,-0.180,0.260,-0.260,-0.002,0.055,0.996,0.014,0.024,0.022,0.000,0.000,0.000,0.000,0,NULL,NULL,,1,0,2,7,255,,250,0,0
stim,1592,1592,0,3408051.816,0.984,-0.122,-0.052,-0.117,75,68,83,71,14,0,45,44,0,0.000,0,0,3.915,0.076,-3.840,0.080,-0.760,-0.005,0.087,1.014,0.008,0.076,0.054,0.000,0.000,0.000,0.000,0,NULL,NULL,,1,0,2,7,255,,250,0,0
stim,1592,1592,0,3408056.816,0.984,-0.121,-0.052,-0.117,55,61,83,69,18,0,45,43,0,0.000,0,0,5.492,0.076,-5.480,-0.360,0.040,-0.012,0.004,0.989,0.008,0.076,-0.032,0.000,0.000,0.000,0.000,0,NULL,NULL,,1,0,2,7,255,,250,0,0
stim,1592,1592,0,3408061.816,0.984,-0.121,-0.052,-0.117,79,91,53,63,35,1,39,20,0,0.000,0,0,2.450,0.419,2.320,-0.780,0.100,0.003,0.000,1.009,0.028,-0.418,0.068,0.000,0.000,0.000,0.000,0,NULL,NULL,,1,0,2,7,255,,250,0,0
stim,1593,1593,0,3408066.816,0.984,-0.122,-0.052,-0.117,78,89,55,41,39,1,57,16,0,0.000,0,0,3.577,0.422,3.540,0.440,-0.260,0.008,0.078,1.004,0.056,-0.418,0.056,0.000,0.000,0.000,0.000,0,NULL,NULL,,1,0,2,7,255,,250,0,0
stim,1593,1593,0,3408071.816,0.984,-0.122,-0.052,-0.117,83,92,55,49,14,0,37,25,0,0.000,0,0,2.131,0.286,-1.820,1.100,-0.140,-0.008,0.077,1.002,0.056,0.280,0.056,0.000,0.000,0.000,0.000,0,NULL,NULL,,1,0,2,7,255,,250,0,0
stim,1600,1600,0,3408076.817,0.984,-0.121,-0.052,-0.117,59,87,59,39,40,0,69,18,0,0.000,0,0,2.530,0.283,-2.500,-0.360,-0.140,-0.016,0.021,0.997,-0.042,0.280,0.042,0.000,0.000,0.000,0.000,0,NULL,NULL,,1,0,2,7,255,,250,0,0
stim,1600,1600,0,3408081.816,0.984,-0.121,-0.052,-0.117,85,89,57,61,21,0,41,42,0,0.000,0,0,1.806,0.191,1.400,-1.140,-0.020,0.001,0.026,1.002,-0.042,-0.186,0.010,0.000,0.000,0.000,0.000,0,NULL,NULL,,1,0,2,7,255,,250,0,0
stim,1616,1616,0,3408086.816,0.984,-0.121,-0.052,-0.117,55,63,83,69,14,0,43,45,0,0.000,0,0,1.623,0.199,1.600,0.260,-0.080,0.007,0.066,1.009,0.072,-0.186,0.010,0.000,0.000,0.000,0.000,0,NULL,NULL,,1,0,2,7,255,,250,0,0
stim,1616,1616,0,3408091.816,0.984,-0.121,-0.052,-0.117,57,71,77,39,37,0,63,17,0,0.000,0,0,1.620,0.114,-1.160,1.100,-0.260,-0.008,0.057,1.000,0.072,0.088,0.010,0.000,0.000,0.000,0.000,0,NULL,NULL,,1,0,2,7,255,,250,0,0
stim,1632,1632,0,3408096.816,0.984,-0.121,-0.052,-0.117,51,68,81,39,37,0,61,33,0,0.000,0,0,0.931,0.101,-0.920,-0.040,-0.140,-0.015,0.030,0.996,-0.050,0.088,0.008,0.000,0.000,0.000,0.000,0,NULL,NULL,,1,0,2,7,255,,250,0,0
stim,1632,1632,0,3408101.816,0.984,-0.121,-0.052,-0.117,83,72,77,69,17,0,39,42,0,0.000,0,0,1.331,0.063,0.980,-0.900,-0.020,-0.001,0.042,1.004,-0.050,-0.038,0.008,0.000,0.000,0.000,0.000,0,NULL,NULL,,1,0,2,7,255,,250,0,0
stim,1632,1632,0,3408106.816,0.984,-0.121,-0.052,-0.117,83,69,57,68,20,0,39,41,0,0.000,0,0,0.520,0.061,0.500,0.020,-0.140,0.005,0.059,1.008,0.048,-0.038,0.038,0.000,0.000,0.000,0.000,0,NULL,NULL,,1,0,2,7,255,,250,0,0
stim,1632,1632,0,3408111.816,0.984,-0.121,-0.052,-0.117,57,91,52,41,38,0,56,17,0,0.000,0,0,1.219,0.050,-0.840,0.860,-0.200,-0.004,0.048,1.001,0.048,0.014,0.038,0.000,0.000,0.000,0.000,0,NULL,NULL,,1,0,2,7,255,,250,0,0
stim,1664,1664,0,3408116.816,0.984,-0.121,-0.052,-0.117,51,63,83,41,19,0,63,41,0,0.000,0,0,0.215,0.014,0.000,0.080,-0.200,-0.011,0.036,0.998,0.000,0.014,0.012,0.000,0.000,0.000,0.000,0,NULL,NULL,,1,0,2,7,255,,250,0,0
stim,1664,1664,0,3408121.816,0.984,-0.121,-0.052,-0.117,77,91,53,38,40,1,39,16,0,0.000,0,0,0.909,0.014,0.620,-0.660,-0.080,-0.003,0.048,1.003,0.000,0.014,0.012,0.000,0.000,0.000,0.000,0,NULL,NULL,,1,0,2,7,255,,250,0,0
stim,1664,1664,0,3408126.818,0.984,-0.121,-0.052,-0.117,83,91,53,68,12,0,37,23,0,0.000,0,0,0.189,0.023,-0.120,-0.040,-0.140,0.003,0.054,1.005,0.014,0.018,0.034,0.000,0.000,0.000,0.000,0,NULL,NULL,,1,0,2,7,255,,250,0,0
stim,1664,1664,0,3408131.816,0.984,-0.121,-0.051,-0.117,73,68,79,70,17,0,45,45,0,0.000,0,0,0.662,0.024,-0.420,0.440,-0.260,-0.003,0.043,1.002,0.016,0.018,0.034,0.000,0.000,0.000,0.000,0,NULL,NULL,,1,0,2,7,255,,250,0,0
stim,1664,1664,0,3408136.816,0.984,-0.121,-0.051,-0.117,73,62,57,68,19,0,40,41,0,0.000,0,0,0.311,0.032,0.240,0.140,-0.140,-0.007,0.042,1.000,0.016,-0.028,0.018,0.000,0.000,0.000,0.000,0,NULL,NULL,,1,0,2,7,255,,250,0,0
stim,1664,1664,0,3408141.816,0.984,-0.121,-0.051,-0.117,83,91,53,61,37,2,40,20,0,0.000,0,0,0.542,0.028,0.380,-0.360,-0.140,-0.004,0.050,1.002,-0.004,-0.028,0.018,0.000,0.000,0.000,0.000,0,NULL,NULL,,1,0,2,7,255,,250,0,0
stim,1679,1679,0,3408146.816,0.984,-0.121,-0.051,-0.117,55,62,79,69,18,0,43,44,0,0.000,0,0,0.331,0.034,-0.240,-0.180,-0.140,0.000,0.049,1.003,-0.004,0.034,0.022,0.000,0.000,0.000,0.000,0,NULL,NULL,,1,0,2,7,255,,250,0,0
stim,1679,1679,0,3408151.816,0.984,-0.121,-0.051,-0.117,85,77,53,68,19,0,39,24,0,0.000,0,0,0.381,0.039,-0.240,0.260,-0.140,-0.003,0.041,1.002,0.020,0.034,0.022,0.000,0.000,0.000,0.000,0,NULL,NULL,,1,0,2,7,255,,250,0,0
stim,1679,1679,0,3408156.816,0.984,-0.121,-0.051,-0.117,73,61,77,69,19,0,39,43,0,0.000,0,0,0.322,0.021,0.240,0.080,-0.200,-0.005,0.045,1.002,0.020,-0.006,0.022,0.000,0.000,0.000,0.000,0,NULL,NULL,,1,0,2,7,255,,250,0,0
stim,1679,1679,0,3408161.816,0.984,-0.121,-0.051,-0.117,51,67,77,38,37,0,62,12,0,0.000,0,0,0.258,0.008,0.120,-0.180,-0.140,-0.004,0.050,1.003,-0.006,-0.006,0.022,0.000,0.000,0.000,0.000,0,NULL,NULL,,1,0,2,7,255,,250,0,0
stim,1696,1696,0,3408166.816,0.984,-0.121,-0.051,-0.117,77,88,52,59,35,0,37,17,0,0.000,0,0,0.896,0.039,-0.600,-0.240,-0.620,-0.001,0.069,0.995,-0.010,0.038,0.022,0.000,0.000,0.000,0.000,0,NULL,NULL,,1,0,2,7,255,,250,0,0
stim,1696,1696,0,3408171.816,0.984,-0.121,-0.051,-0.117,58,91,53,37,37,0,39,13,0,0.000,0,0,4.828,0.042,-4.820,0.200,-0.200,-0.004,0.051,1.018,-0.006,0.042,0.034,0.000,0.000,0.000,0.000,0,NULL,NULL,,1,0,2,7,255,,250,0,0
stim,1696,1696,0,3408176.817,0.984,-0.121,-0.051,-0.117,53,67,81,63,16,0,43,43,0,0.000,0,0,1.548,0.042,-1.400,-0.540,-0.380,-0.006,-0.003,0.989,-0.006,0.042,-0.038,0.000,0.000,0.000,0.000,0,NULL,NULL,,1,0,2,7,255,,250,0,0
stim,1696,1696,0,3408181.816,0.984,-0.121,-0.051,-0.117,87,91,59,70,16,0,38,41,0,0.000,0,0,3.381,0.065,3.360,-0.300,0.220,0.002,0.045,1.009,0.064,0.012,0.090,0.000,0.000,0.000,0.000,0,NULL,NULL,,1,0,2,7,255,,250,0,0
stim,1711,1711,0,3408186.817,0.984,-0.121,-0.051,-0.117,51,61,83,40,18,0,62,39,0,0.000,0,0,0.956,0.065,0.680,0.620,-0.260,0.002,0.079,1.007,0.064,0.012,0.086,0.000,0.000,0.000,0.000,0,NULL,NULL,,1,0,2,7,255,,250,0,0
stim,1711,1711,0,3408191.816,0.984,-0.121,-0.051,-0.117,56,89,54,39,39,0,57,11,0,0.000,0,0,2.493,0.020,-2.440,0.440,-0.260,-0.011,0.043,0.997,-0.016,0.012,0.086,0.000,0.000,0.000,0.000,0,NULL,NULL,,1,0,2,7,255,,250,0,0
stim,1728,1728,0,3408196.816,0.984,-0.120,-0.051,-0.117,77,63,57,63,16,0,39,41,0,0.000,0,0,0.671,0.041,-0.120,-0.660,-0.020,-0.008,0.020,0.998,-0.016,-0.038,-0.034,0.000,0.000,0.000,0.000,0,NULL,NULL,,1,0,2,7,255,,250,0,0
stim,1728,1728,0,3408201.816,0.984,-0.121,-0.051,-0.117,83,91,51,47,28,0,36,23,0,0.000,0,0,1.887,0.044,1.840,-0.420,-0.020,0.005,0.051,1.005,0.022,-0.038,-0.034,0.000,0.000,0.000,0.000,0,NULL,NULL,,1,0,2,7,255,,250,0,0
stim,1728,1728,0,3408206.816,0.984,-0.121,-0.051,-0.117,53,63,78,63,12,0,41,43,0,0.000,0,0,0.731,0.077,-0.180,0.680,-0.200,0.001,0.063,1.005,0.022,0.074,0.052,0.000,0.000,0.000,0.000,0,NULL,NULL,,1,0,2,7,255,,250,0,0
stim,1728,1728,0,3408211.816,0.984,-0.121,-0.051,-0.117,54,63,76,39,37,0,63,17,0,0.000,0,0,1.257,0.075,-1.160,0.440,-0.200,-0.010,0.037,1.000,0.012,0.074,0.052,0.000,0.000,0.000,0.000,0,NULL,NULL,,1,0,2,7,255,,250,0,0
stim,1760,1760,0,3408216.816,0.984,-0.120,-0.051,-0.117,53,61,83,43,18,0,61,43,0,0.000,0,0,0.782,0.095,0.560,-0.540,-0.080,-0.005,0.034,1.001,0.012,-0.094,0.006,0.000,0.000,0.000,0.000,0,NULL,NULL,,1,0,2,7,255,,250,0,0
stim,1760,1760,0,3408221.817,0.984,-0.120,-0.051,-0.117,83,92,55,68,14,0,38,41,0,0.000,0,0,0.858,0.096,0.800,-0.300,-0.080,0.003,0.054,1.006,0.018,-0.094,0.006,0.000,0.000,0.000,0.000,0,NULL,NULL,,1,0,2,7,255,,250,0,0
stim,1761,1761,0,3408226.816,0.984,-0.120,-0.051,-0.117,49,67,83,37,23,0,68,36,0,0.000,0,0,0.707,0.066,-0.480,0.500,-0.140,-0.001,0.051,1.004,0.018,0.064,0.038,0.000,0.000,0.000,0.000,0,NULL,NULL,,1,0,2,7,255,,250,0,0
stim,1761,1761,0,3408231.816,0.984,-0.120,-0.051,-0.117,75,69,83,69,17,0,63,43,0,0.000,0,0,0.466,0.065,-0.360,0.260,-0.140,-0.010,0.038,1.000,0.010,0.064,0.038,0.000,0.000,0.000,0.000,0,NULL,NULL,,1,0,2,7,255,,250,0,0
stim,1761,1761,0,3408236.816,0.984,-0.120,-0.051,-0.117,51,67,80,39,36,0,68,17,0,0.000,0,0,0.671,0.018,0.560,-0.360,-0.080,-0.005,0.043,1.002,-0.004,-0.018,0.020,0.000,0.000,0.000,0.000,0,NULL,NULL,,1,0,2,7,255,,250,0,0
stim,1761,1761,0,3408241.816,0.984,-0.120,-0.051,-0.117,83,89,57,63,19,0,39,42,0,0.000,0,0,0.280,0.018,0.120,-0.240,-0.080,0.000,0.053,1.005,-0.004,-0.018,0.020,0.000,0.000,0.000,0.000,0,NULL,NULL,,1,0,2,7,255,,250,0,0
stim,1776,1776,0,3408246.816,0.984,-0.120,-0.051,-0.117,77,91,52,40,37,0,56,12,0,0.000,0,0,0.522,0.019,-0.360,0.320,-0.200,-0.002,0.045,1.002,0.018,0.006,0.020,0.000,0.000,0.000,0.000,0,NULL,NULL,,1,0,2,7,255,,250,0,0
stim,1776,1776,0,3408251.816,0.985,-0.120,-0.051,-0.117,56,67,83,63,39,0,62,45,0,0.000,0,0,0.272,0.019,0.120,0.200,-0.140,-0.005,0.041,1.000,0.018,0.006,0.020,0.000,0.000,0.000,0.000,0,NULL,NULL,,1,0,2,7,255,,250,0,0
stim,1776,1776,0,3408256.816,0.985,-0.120,-0.051,-0.117,75,88,51,37,35,0,54,11,0,0.000,0,0,0.428,0.010,0.380,-0.180,-0.080,-0.004,0.047,1.001,-0.008,0.006,0.012,0.000,0.000,0.000,0.000,0,NULL,NULL,,1,0,2,7,255,,250,0,0
stim,1776,1776,0,3408261.816,0.985,-0.120,-0.051,-0.117,51,63,77,37,36,0,63,13,0,0.000,0,0,0.194,0.029,-0.120,-0.060,-0.140,-0.001,0.048,1.004,-0.008,0.028,0.012,0.000,0.000,0.000,0.000,0,NULL,NULL,,1,0,2,7,255,,250,0,0
stim,1792,1792,0,3408266.816,0.985,-0.120,-0.051,-0.117,76,89,51,58,29,0,35,13,0,0.000,0,0,0.268,0.032,-0.180,0.140,-0.140,-0.002,0.044,1.003,0.016,0.028,0.024,0.000,0.000,0.000,0.000,0,NULL,NULL,,1,0,2,7,255,,250,0,0
stim,1792,1792,0,3408271.816,0.985,-0.120,-0.051,-0.117,73,63,81,69,11,0,45,43,0,0.000,0,0,0.289,0.016,0.240,0.080,-0.140,-0.004,0.043,1.001,0.016,0.004,0.024,0.000,0.000,0.000,0.000,0,NULL,NULL,,1,0,2,7,255,,250,0,0
stim,1807,1807,0,3408276.816,0.985,-0.120,-0.051,-0.117,53,61,81,61,13,0,44,43,0,0.000,0,0,0.236,0.006,0.180,-0.060,-0.140,-0.004,0.047,1.001,-0.004,0.004,0.010,0.000,0.000,0.000,0.000,0,NULL,NULL,,1,0,2,7,255,,250,0,0
stim,1807,1807,0,3408281.816,0.985,-0.120,-0.051,-0.117,83,93,53,47,18,0,39,23,0,0.000,0,0,0.194,0.022,-0.120,-0.060,-0.140,-0.003,0.046,1.001,-0.004,0.022,0.010,0.000,0.000,0.000,0.000,0,NULL,NULL,,1,0,2,7,255,,250,0,0
stim,1807,1807,0,3408286.816,0.985,-0.120,-0.051,-0.117,73,61,55,63,16,0,38,41,0,0.000,0,0,0.154,0.022,-0.060,0.020,-0.140,-0.003,0.044,1.001,0.002,0.022,0.010,0.000,0.000,0.000,0.000,0,NULL,NULL,,1,0,2,7,255,,250,0,0
stim,1807,1807,0,3408291.816,0.985,-0.120,-0.051,-0.117,83,93,56,69,20,0,40,42,0,0.000,0,0,0.229,0.012,0.180,0.020,-0.140,-0.003,0.045,1.002,0.002,0.012,0.010,0.000,0.000,0.000,0.000,0,NULL,NULL,,1,0,2,7,255,,250,0,0
stim,1827,1827,0,3408296.816,0.985,-0.120,-0.051,-0.117,47,61,83,39,19,0,61,35,0,0.000,0,0,0.141,0.013,0.000,0.020,-0.140,-0.002,0.048,1.003,0.004,0.012,0.018,0.000,0.000,0.000,0.000,0,NULL,NULL,,1,0,2,7,255,,250,0,0
stim,1827,1827,0,3408301.816,0.985,-0.120,-0.051,-0.117,77,59,79,69,12,0,44,43,0,0.000,0,0,0.154,0.012,-0.060,0.020,-0.140,-0.004,0.044,1.002,0.000,0.012,0.018,0.000,0.000,0.000,0.000,0,NULL,NULL,,1,0,2,7,255,,250,0,0
stim,1859,1859,0,3408306.816,0.985,-0.120,-0.051,-0.117,51,59,83,40,18,0,61,37,0,0.000,0,0,0.102,0.004,0.060,0.020,-0.080,-0.003,0.044,1.001,0.002,0.004,0.014,0.000,0.000,0.000,0.000,0,NULL,NULL,,1,0,2,7,255,,250,0,0
stim,1859,1859,0,3408311.816,0.985,-0.120,-0.051,-0.117,52,62,83,40,19,0,62,39,0,0.000,0,0,0.154,0.004,0.060,0.020,-0.140,-0.003,0.046,1.001,-0.002,0.004,0.008,0.000,0.000,0.000,0.000,0,NULL,NULL,,1,0,2,7,255,,250,0,0
stim,1860,1860,0,3408316.816,0.985,-0.120,-0.051,-0.117,83,71,53,67,9,0,31,41,0,0.000,0,0,0.161,0.018,0.000,0.080,-0.140,-0.004,0.046,1.003,-0.002,0.018,0.008,0.000,0.000,0.000,0.000,0,NULL,NULL,,1,0,2,7,255,,250,0,0
stim,1860,1860,0,3408321.817,0.985,-0.120,-0.051,-0.117,51,68,59,39,41,0,71,18,0,0.000,0,0,0.141,0.018,0.000,0.020,-0.140,-0.003,0.045,1.002,-0.002,0.018,0.018,0.000,0.000,0.000,0.000,0,NULL,NULL,,1,0,2,7,255,,250,0,0
stim,1860,1860,0,3408326.817,0.985,-0.120,-0.051,-0.117,83,88,57,67,13,0,37,43,0,0.000,0,0,0.146,0.008,0.120,0.020,-0.080,-0.003,0.045,1.003,0.000,0.008,0.022,0.000,0.000,0.000,0.000,0,NULL,NULL,,1,0,2,7,255,,250,0,0
stim,1860,1860,0,3408331.816,0.985,-0.120,-0.051,-0.117,83,89,56,63,12,0,35,43,0,0.000,0,0,0.201,0.008,0.120,0.080,-0.140,-0.003,0.046,1.001,0.002,0.008,0.018,0.000,0.000,0.000,0.000,0,NULL,NULL,,1,0,2,7,255,,250,0,0
stim,1890,1890,0,3408336.816,0.985,-0.120,-0.051,-0.117,77,89,56,39,37,0,61,13,0,0.000,0,0,0.172,0.022,0.060,0.080,-0.140,-0.004,0.047,1.001,0.002,0.022,0.008,0.000,0.000,0.000,0.000,0,NULL,NULL,,1,0,2,7,255,,250,0,0
stim,1890,1890,0,3408341.816,0.985,-0.120,-0.051,-0.117,77,90,53,57,37,0,39,12,0,0.000,0,0,0.164,0.022,0.060,-0.060,-0.140,-0.003,0.045,1.001,0.002,0.022,0.008,0.000,0.000,0.000,0.000,0,NULL,NULL,,1,0,2,7,255,,250,0,0
stim,1890,1890,0,3408346.816,0.985,-0.120,-0.051,-0.117,53,61,79,63,17,0,44,43,0,0.000,0,0,0.164,0.012,0.060,-0.060,-0.140,-0.003,0.045,1.003,0.000,0.012,0.008,0.000,0.000,0.000,0.000,0,NULL,NULL,,1,0,2,7,255,,250,0,0
stim,1890,1890,0,3408351.816,0.985,-0.120,-0.051,-0.117,83,71,79,69,16,0,42,43,0,0.000,0,0,0.113,0.012,0.000,0.080,-0.080,-0.003,0.046,1.003,0.002,0.012,0.022,0.000,0.000,0.000,0.000,0,NULL,NULL,,1,0,2,7,255,,250,0,0
stim,1890,1890,0,3408356.816,0.985,-0.120,-0.051,-0.117,72,61,53,67,11,0,36,40,0,0.000,0,0,0.154,0.016,0.060,0.020,-0.140,-0.003,0.046,1.004,0.002,0.016,0.026,0.000,0.000,0.000,0.000,0,NULL,NULL,,1,0,2,7,255,,250,0,0
stim,1890,1890,0,3408361.816,0.985,-0.120,-0.051,-0.117,83,91,55,69,21,0,39,41,0,0.000,0,0,0.331,0.020,0.060,-0.060,-0.320,-0.003,0.053,0.997,0.002,0.020,0.026,0.000,0.000,0.000,0.000,0,NULL,NULL,,1,0,2,7,255,,250,0,0
stim,1890,1890,0,3408366.816,0.985,-0.120,-0.051,-0.117,84,92,54,69,17,0,39,41,0,0.000,0,0,2.556,0.085,-2.440,0.020,-0.760,-0.002,0.077,1.010,-0.014,0.084,0.032,0.000,0.000,0.000,0.000,0,NULL,NULL,,1,0,2,7,255,,250,0,0
stim,1890,1890,0,3408371.816,0.985,-0.120,-0.051,-0.117,55,89,55,37,25,0,59,16,0,0.000,0,0,4.522,0.085,-4.520,-0.120,0.040,-0.010,0.018,0.995,-0.014,0.084,-0.036,0.000,0.000,0.000,0.000,0,NULL,NULL,,1,0,2,7,255,,250,0,0
stim,1904,1904,0,3408376.817,0.985,-0.120,-0.051,-0.117,57,89,77,37,35,0,61,16,0,0.000,0,0,1.734,0.256,1.600,-0.660,0.100,0.000,0.010,1.007,-0.002,-0.256,0.048,0.000,0.000,0.000,0.000,0,NULL,NULL,,1,0,2,7,255,,250,0,0
stim,1904,1904,0,3408381.816,0.985,-0.120,-0.051,-0.117,79,90,56,43,39,0,42,17,0,0.000,0,0,2.731,0.258,2.700,0.260,-0.320,0.005,0.068,1.006,0.030,-0.256,0.048,0.000,0.000,0.000,0.000,0,NULL,NULL,,1,0,2,7,255,,250,0,0
stim,1928,1928,0,3408386.817,0.985,-0.120,-0.051,-0.117,74,67,57,67,17,0,39,43,0,0.000,0,0,1.687,0.244,-1.400,0.920,-0.200,-0.007,0.070,1.002,0.030,0.242,0.048,0.000,0.000,0.000,0.000,0,NULL,NULL,,1,0,2,7,255,,250,0,0
stim,1928,1928,0,3408391.816,0.985,-0.120,-0.051,-0.117,41,71,77,40,39,0,69,17,0,0.000,0,0,1.837,0.246,-1.820,-0.240,-0.080,-0.013,0.024,0.996,-0.042,0.242,0.030,0.000,0.000,0.000,0.000,0,NULL,NULL,,1,0,2,7,255,,250,0,0
stim,1928,1928,0,3408396.816,0.985,-0.120,-0.051,-0.117,47,67,85,39,27,0,69,35,0,0.000,0,0,1.470,0.121,1.160,-0.900,-0.080,0.000,0.031,1.002,-0.042,-0.114,0.010,0.000,0.000,0.000,0.000,0,NULL,NULL,,1,0,2,7,255,,250,0,0
stim,1928,1928,0,3408401.816,0.985,-0.120,-0.051,-0.117,75,67,83,69,14,0,46,45,0,0.000,0,0,1.081,0.123,1.040,0.260,-0.140,0.006,0.063,1.009,0.046,-0.114,0.010,0.000,0.000,0.000,0.000,0,NULL,NULL,,1,0,2,7,255,,250,0,0
stim,1936,1936,0,3408406.816,0.985,-0.120,-0.051,-0.117,77,89,53,41,39,0,57,12,0,0.000,0,0,1.359,0.066,-0.980,0.920,-0.200,-0.007,0.050,1.001,0.046,0.048,0.010,0.000,0.000,0.000,0.000,0,NULL,NULL,,1,0,2,7,255,,250,0,0
stim,1936,1936,0,3408411.816,0.985,-0.119,-0.051,-0.117,83,89,57,70,16,0,36,43,0,0.000,0,0,0.499,0.066,-0.420,-0.180,-0.200,-0.011,0.032,0.997,-0.046,0.048,0.008,0.000,0.000,0.000,0.000,0,NULL,NULL,,1,0,2,7,255,,250,0,0
stim,1967,1967,0,3408416.817,0.985,-0.120,-0.051,-0.117,78,91,53,43,39,1,57,13,0,0.000,0,0,1.087,0.048,0.860,-0.660,-0.080,0.000,0.044,1.001,-0.046,0.012,0.002,0.000,0.000,0.000,0.000,0,NULL,NULL,,1,0,2,7,255,,250,0,0
stim,1967,1967,0,3408421.816,0.985,-0.120,-0.051,-0.117,45,89,55,39,35,0,59,13,0,0.000,0,0,0.251,0.030,0.060,0.200,-0.140,0.002,0.056,1.005,0.028,0.012,0.002,0.000,0.000,0.000,0.000,0,NULL,NULL,,1,0,2,7,255,,250,0,0
stim,1967,1967,0,3408426.818,0.985,-0.120,-0.051,-0.117,51,85,58,39,42,1,61,19,0,0.000,0,0,0.888,0.030,-0.660,0.560,-0.200,-0.007,0.043,1.005,0.028,0.012,0.038,0.000,0.000,0.000,0.000,0,NULL,NULL,,1,0,2,7,255,,250,0,0
stim,1967,1967,0,3408431.816,0.985,-0.119,-0.051,-0.117,84,88,57,69,16,0,39,41,0,0.000,0,0,0.258,0.029,0.180,-0.120,-0.140,-0.007,0.038,1.000,-0.026,-0.012,0.038,0.000,0.000,0.000,0.000,0,NULL,NULL,,1,0,2,7,255,,250,0,0
stim,1967,1967,0,3408436.816,0.985,-0.119,-0.051,-0.117,57,89,57,39,39,0,68,17,0,0.000,0,0,0.658,0.029,0.500,-0.420,-0.080,0.000,0.050,1.003,-0.026,-0.012,0.026,0.000,0.000,0.000,0.000,0,NULL,NULL,,1,0,2,7,255,,250,0,0
stim,1967,1967,0,3408441.816,0.985,-0.119,-0.051,-0.117,85,94,55,67,37,0,40,25,0,0.000,0,0,0.412,0.066,-0.300,0.200,-0.200,0.000,0.049,1.004,0.022,0.062,0.026,0.000,0.000,0.000,0.000,0,NULL,NULL,,1,0,2,7,255,,250,0,0
stim,1984,1984,0,3408446.816,0.985,-0.119,-0.051,-0.117,51,68,85,39,41,0,69,19,0,0.000,0,0,0.466,0.066,-0.180,0.380,-0.200,-0.006,0.041,1.002,0.022,0.062,0.026,0.000,0.000,0.000,0.000,0,NULL,NULL,,1,0,2,7,255,,250,0,0
stim,1984,1984,0,3408451.816,0.985,-0.119,-0.051,-0.117,86,71,81,70,18,0,43,43,0,0.000,0,0,0.477,0.025,0.440,-0.120,-0.140,-0.006,0.043,1.001,-0.024,-0.006,0.012,0.000,0.000,0.000,0.000,0,NULL,NULL,,1,0,2,7,255,,250,0,0
stim,1984,1984,0,3408456.816,0.985,-0.119,-0.051,-0.117,54,61,82,61,13,0,63,43,0,0.000,0,0,0.377,0.025,0.180,-0.300,-0.140,-0.001,0.049,1.002,-0.024,-0.006,0.012,0.000,0.000,0.000,0.000,0,NULL,NULL,,1,0,2,7,255,,250,0,0
stim,1984,1984,0,3408461.816,0.985,-0.119,-0.051,-0.117,75,68,83,69,16,0,44,42,0,0.000,0,0,0.311,0.012,-0.240,0.140,-0.140,-0.001,0.044,1.003,0.002,0.012,0.016,0.000,0.000,0.000,0.000,0,NULL,NULL,,1,0,2,7,255,,250,0,0
stim,2002,2002,0,3408466.816,0.985,-0.119,-0.051,-0.117,78,89,53,41,37,0,37,13,0,0.000,0,0,0.301,0.012,0.060,0.260,-0.140,-0.005,0.042,1.002,0.002,0.012,0.016,0.000,0.000,0.000,0.000,0,NULL,NULL,,1,0,2,7,255,,250,0,0
stim,2002,2002,0,3408471.816,0.985,-0.119,-0.051,-0.117,53,87,56,38,41,0,59,13,0,0.000,0,0,0.281,0.017,0.240,-0.040,-0.140,-0.004,0.045,1.001,-0.012,0.012,0.012,0.000,0.000,0.000,0.000,0,NULL,NULL,,1,0,2,7,255,,250,0,0
stim,2002,2002,0,3408476.816,0.985,-0.119,-0.051,-0.117,83,87,55,63,33,0,37,22,0,0.000,0,0,0.184,0.018,0.000,-0.120,-0.140,-0.003,0.046,1.001,-0.012,0.014,0.006,0.000,0.000,0.000,0.000,0,NULL,NULL,,1,0,2,7,255,,250,0,0
stim,2002,2002,0,3408481.816,0.985,-0.119,-0.051,-0.117,55,59,82,37,21,0,63,33,0,0.000,0,0,0.172,0.015,-0.060,0.080,-0.140,-0.002,0.043,1.001,-0.006,0.014,0.004,0.000,0.000,0.000,0.000,0,NULL,NULL,,1,0,2,7,255,,250,0,0
stim,2015,2015,0,3408486.816,0.985,-0.119,-0.051,-0.117,76,89,53,41,40,0,57,13,0,0.000,0,0,0.242,0.002,0.180,0.080,-0.140,-0.003,0.043,1.002,0.002,0.000,0.006,0.000,0.000,0.000,0.000,0,NULL,NULL,,1,0,2,7,255,,250,0,0
stim,2015,2015,0,3408491.816,0.985,-0.119,-0.051,-0.117,51,67,83,40,20,0,63,35,0,0.000,0,0,0.189,0.002,0.120,-0.040,-0.140,-0.003,0.047,1.003,0.002,0.000,0.012,0.000,0.000,0.000,0.000,0,NULL,NULL,,1,0,2,7,255,,250,0,0
stim,2015,2015,0,3408496.817,0.985,-0.119,-0.051,-0.117,54,81,82,60,31,0,61,41,0,0.000,0,0,0.185,0.022,-0.120,0.020,-0.140,-0.002,0.045,1.003,0.002,0.022,0.018,0.000,0.000,0.000,0.000,0,NULL,NULL,,1,0,2,7,255,,250,0,0
stim,2015,2015,0,3408501.816,0.985,-0.119,-0.051,-0.117,77,89,53,42,20,0,40,17,0,0.000,0,0,0.154,0.022,0.060,0.020,-0.140,-0.003,0.043,1.001,0.002,0.022,0.018,0.000,0.000,0.000,0.000,0,NULL,NULL,,1,0,2,7,255,,250,0,0
stim,2064,2064,0,3408506.816,0.985,-0.119,-0.051,-0.117,75,67,77,69,12,0,38,41,0,0.000,0,0,0.229,0.020,0.180,0.020,-0.140,-0.004,0.045,1.000,0.002,0.020,-0.002,0.000,0.000,0.000,0.000,0,NULL,NULL,,1,0,2,7,255,,250,0,0
stim,2064,2064,0,3408511.816,0.985,-0.119,-0.051,-0.117,55,69,76,39,37,0,63,17,0,0.000,0,0,0.154,0.023,0.060,0.020,-0.140,-0.003,0.047,1.002,-0.012,0.020,-0.002,0.000,0.000,0.000,0.000,0,NULL,NULL,,1,0,2,7,255,,250,0,0
stim,2064,2064,0,3408516.816,0.985,-0.119,-0.051,-0.117,47,63,82,39,19,0,63,31,0,0.000,0,0,0.164,0.023,-0.060,-0.060,-0.140,-0.002,0.043,1.003,-0.012,0.020,0.010,0.000,0.000,0.000,0.000,0,NULL,NULL,,1,0,2,7,255,,250,0,0
stim,2064,2064,0,3408521.817,0.985,-0.119,-0.051,-0.117,79,91,61,43,22,0,43,17,0,0.000,0,0,0.185,0.018,0.120,0.020,-0.140,-0.002,0.045,1.003,0.002,0.018,0.018,0.000,0.000,0.000,0.000,0,NULL,NULL,,1,0,2,7,255,,250,0,0
stim,2064,2064,0,3408526.816,0.985,-0.119,-0.051,-0.117,50,63,79,37,43,0,69,17,0,0.000,0,0,0.234,0.018,0.120,0.020,-0.200,-0.003,0.046,1.001,0.002,0.018,0.018,0.000,0.000,0.000,0.000,0,NULL,NULL,,1,0,2,7,255,,250,0,0
